B2_Blue	B3_Green	B4_Red	B8_NIR	B11_SWIR1	B12_SWIR2	NDVI	NDWI	EVI	SAVI	Elevation	Slope	Aspect	Annual_Rainfall	LST_Celsius
829.75	1111.923076923077	1445.5384615384614	2844.6666666666665	3150.285714285714	2185.75	0.3261215	-0.43793866	0.6604929790998021	0.48912527078509	1035	0	0	367.345449924469	28.140000000000043
417.0	673.7142857142857	670.6666666666666	2795.1666666666665	1868.4	1230.5	0.6129839	-0.6115668	1.438323704639827	0.9193432060775076	1034	1	270	367.345449924469	28.140000000000043
608.0666666666667	803.6666666666666	1059.9	1889.909090909091	2406.0	1747.75	0.28137723	-0.40327153	0.5623658775152199	0.4219943056813769	1040	0	0	367.345449924469	27.79000000000002
899.2708333333333	1260.0	1713.0	2908.25	3013.0	2415.5	0.25864214	-0.39542973	0.4637987650787953	0.3879212419538053	1050	0	0	367.345449924469	28.763333333333374
864.0769230769231	1168.125	1453.2857142857142	2929.666666666667	2634.0	2071.8	0.33684623	-0.42987585	0.7139443507009036	0.5052116998451971	1073	1	90	367.345449924469	28.762000000000057
740.6470588235294	992.7142857142856	1182.090909090909	2271.3	2453.833333333333	1771.875	0.31540278	-0.39172184	0.714705532285914	0.4730356804447159	1081	2	328	367.345449924469	28.670000000000016
543.8857142857144	810.1	936.4444444444443	2486.333333333333	2516.5	1765.75	0.4528161	-0.5084991	0.962219935985368	0.6791249452279329	1086	2	328	367.345449924469	29.05000000000001
603.1052631578947	933.8571428571428	1059.7777777777778	2910.0	2548.333333333333	1795.8333333333337	0.46607703	-0.5141041	0.9745444509539744	0.6990274959770517	1033	1	0	356.97700250148773	28.81
937.4	1394.6666666666667	1890.25	3242.333333333333	2950.25	2377.5	0.26343134	-0.39846164	0.4474528967921282	0.3951085280127279	1033	1	128	356.97700250148773	27.78000000000003
766.5	1107.25	1287.1666666666663	3502.5	2263.0	1616.0	0.4625235	-0.51960516	1.011059893812849	0.6937128144462615	1031	3	68	356.97700250148773	27.370000000000005
631.8125	863.1818181818181	1045.8	2705.5	2135.5	1564.5	0.4424333	-0.51624614	0.9779724910250388	0.6635614904845674	1031	2	148	356.97700250148773	27.370000000000005
411.7142857142857	612.5882352941177	788.25	3027.0	1742.0	1164.8	0.58678985	-0.66337496	1.198565965583174	0.8800694489943	1032	3	157	367.345449924469	26.826000000000025
587.4444444444445	860.5555555555555	1203.5	2472.0	1973.0	1638.0	0.3451231	-0.48354617	0.5996879826026663	0.517614254624592	1036	2	32	367.345449924469	26.845000000000027
537.7058823529412	800.95	928.0	2742.0	2174.857142857143	1527.0	0.49427792	-0.54786265	1.0600237867715303	0.7413158970167552	1049	1	308	367.345449924469	26.83000000000004
590.3125	817.9166666666666	977.5625	2575.6	2320.222222222222	1605.8	0.44975075	-0.51795334	0.995133426015154	0.6745312054816686	1053	1	90	367.345449924469	27.850000000000023
536.5	780.8650793650794	1056.0	3249.5	1838.5	1501.75	0.5094646	-0.612509	0.9857983910835468	0.7641082210868555	1061	3	68	367.345449924469	28.500000000000057
550.4	720.2222222222222	915.7142857142856	2001.6	2225.833333333333	1582.7142857142858	0.37222102	-0.4707794	0.8058196436295172	0.5582358614814416	1072	1	180	367.345449924469	29.05800000000005
467.0	720.0	975.3333333333334	3366.5	1966.5	1486.0	0.5507274	-0.6476202	1.0456387382659902	0.8259960082904737	1060	2	32	367.345449924469	28.466000000000008
550.5	794.2222222222222	637.9	3841.0	2407.0	1358.0	0.7151533	-0.65730995	2.2616609944501715	1.0726101710050453	1046	3	112	347.9624654054642	28.325000000000045
492.0	737.7083333333333	899.7	3125.5	1996.75	1425.0	0.5529663	-0.61808515	1.150950420915465	0.8293464490647591	1040	1	308	347.9624654054642	27.620000000000005
670.0	928.125	1195.571428571429	2226.142857142857	2284.0	1744.3333333333333	0.3011857	-0.4115116	0.5888210519442356	0.4517125503537809	1037	1	52	347.9624654054642	26.83000000000004
675.7368421052631	986.0	1247.0555555555557	2494.5	2512.1428571428573	1983.3857142857144	0.33340263	-0.43341473	0.6351799775363067	0.5000371156672654	1030	1	90	347.9624654054642	26.798
933.1764705882352	1222.448051948052	1438.111111111111	3220.0	2711.375	2038.3333333333333	0.38253465	-0.44965115	0.918339780565066	0.5737403851887186	1030	1	270	330.80654072761536	27.78000000000003
877.75	1175.5	1335.6	3423.0	2463.5	1789.0	0.43865842	-0.48874635	1.0749875115228735	0.6579185140047488	1030	1	180	330.80654072761536	27.720000000000027
653.3333333333334	920.5	1069.1666666666667	3531.0	2232.0	1609.0	0.5351618	-0.58643156	1.2194538009378506	0.8026554122590928	1026	1	270	330.80654072761536	26.57400000000007
934.625	1253.4	1622.4	3652.75	2675.0	2095.0	0.38488954	-0.48904946	0.7957834666269494	0.5772795769241705	1022	3	180	330.80654072761536	26.183333333333337
728.0	1131.375	1272.25	3347.0	2419.25	1812.5	0.449153	-0.4947386	0.9393959974644572	0.6736565831484388	1021	1	180	330.80654072761536	26.97750000000002
624.8571428571429	830.875	992.625	3220.75	1780.25	1200.0	0.5288219	-0.5898559	1.2403081510934393	0.7931387380973569	1016	4	162	347.9624654054642	26.970000000000027
498.0	845.8333333333334	642.25	4098.5	2280.0	1259.4	0.7290513	-0.6578575	2.0485123281175914	1.0934616398629051	1022	2	32	347.9624654054642	26.57666666666671
563.25	879.5	906.5	3697.0	2007.75	1383.5	0.6061692	-0.6156452	1.42006564718455	0.9091550825369245	1024	2	0	330.80654072761536	26.62333333333333
500.6	744.0	827.1666666666667	2777.0	1809.0	1290.6666666666667	0.5409942	-0.57739276	1.2227726911660186	0.8113787682633622	1028	0	0	347.9624654054642	26.55666666666673
476.1538461538461	735.9411764705883	874.0	3016.416666666667	2059.0	1355.4	0.5506908	-0.6077447	1.141949155437957	0.825930050759247	1032	2	148	347.9624654054642	27.203333333333376
481.0	735.9	869.5	3011.25	1875.857142857143	1359.25	0.55189073	-0.6072215	1.1585167955860876	0.8277294685990337	1034	1	0	347.9624654054642	27.620000000000005
614.8333333333334	835.6666666666666	1055.65	2287.0	2472.75	1835.3333333333333	0.3683754	-0.46477368	0.7675501477316642	0.5524804450892122	1020	1	52	347.9624654054642	27.83333333333337
511.75	777.0	907.0	3001.25	1927.5	1331.1666666666663	0.5358536	-0.58869845	1.1366658525333115	0.803677646306364	1018	3	232	347.9624654054642	27.964666666666687
362.5	559.6153846153846	514.25	3116.0	1990.0	1124.0	0.7166862	-0.6954984	1.8670613562970937	1.074881222887833	1020	2	328	347.9624654054642	28.33500000000004
675.1333333333333	1124.75	1369.7	2807.5	2441.0	1907.0	0.34420186	-0.42793566	0.6027803863697343	0.5162409938482897	1054	1	308	347.9624654054642	28.670000000000016
426.44444444444446	675.7777777777778	914.5	3447.5	1737.8	1307.1666666666663	0.58069694	-0.6722133	1.1037678296487814	0.8709455587392549	1024	5	301	347.9624654054642	26.4016666666667
557.75	1028.0	725.5	4613.25	2545.0	1362.25	0.72821355	-0.6355418	2.031588848535521	1.0922180081472117	1008	2	270	361.4255093336105	30.390000000000043
934.6666666666666	1280.5	1399.5	4434.75	2628.5	1632.25	0.5202468	-0.5519006	1.3031857799149886	0.7803033548995244	1008	1	270	361.4255093336105	29.805000000000007
772.75	1103.1666666666663	1220.5	3842.083333333333	2630.0	1793.6666666666663	0.5178351	-0.55384797	1.2203722525234502	0.776675938574979	1011	4	298	342.8532919883728	28.71000000000004
629.0	958.8	939.5	4294.333333333334	2620.0	1684.5	0.6409897	-0.6349607	1.6083128255936594	0.9613927275042986	1006	1	52	342.8532919883728	26.7766666666667
848.4444444444445	1197.6666666666667	1492.5	3535.0	2439.2	1878.0	0.40626553	-0.49387237	0.8333106674645052	0.6093377088305489	1005	0	0	342.8532919883728	26.930000000000007
610.0	895.9345238095239	1008.0	3617.5	2698.5	1752.5	0.5641552	-0.6029921	1.2813021702838063	0.8461413748378729	1004	0	0	341.9920109510422	27.97142857142859
1249.5	1579.25	1858.7	3236.8	3009.0	2334.75	0.27045432	-0.3441721	0.6864757160647572	0.4056416797488227	1003	3	128	341.9920109510422	27.75500000000005
1164.2	1500.625	1646.8333333333333	3714.0	2998.0	2280.0	0.38560548	-0.42445526	1.0623736595059443	0.5783542651081821	1000	4	298	341.9920109510422	25.86666666666673
1376.0	1631.571428571429	1959.25	3901.0	3347.25	2643.5	0.33134252	-0.4101942	0.9094847775175644	0.4969713773834406	1005	3	0	346.4288868904114	26.870000000000005
978.75	1307.3333333333337	1247.0	4312.5	2577.25	1707.75	0.5513985	-0.534743	1.7203064059036448	0.827023381294964	1002	4	62	341.9920109510422	26.510000000000048
895.75	1193.5555555555557	1221.9	4000.75	2647.0	1711.5	0.53207666	-0.5404369	1.5053277067838198	0.7980385399615175	1003	3	292	351.20870649814606	26.1877777777778
863.0	1035.571428571429	1110.5	3824.833333333333	2261.333333333333	1497.75	0.54997975	-0.5738744	1.6895592995269322	0.8248860374810063	1005	3	112	351.20870649814606	29.58000000000004
918.0	1256.0	1510.0	3441.0	2581.5	1884.5	0.39002222	-0.46519056	0.8594445433505429	0.5849742502272038	1007	1	0	342.8532919883728	28.100000000000023
1063.764705882353	1365.9333333333334	1376.0625	3609.25	2810.55	1870.142857142857	0.44795337	-0.4509013	1.435804837553728	0.6718626602985973	1004	1	308	341.2280286550522	28.99000000000001
1175.809523809524	1510.304347826087	1701.7	2862.1666666666665	3414.0	2628.6	0.2542727	-0.30917582	0.6818581163885677	0.3813672579620392	1002	2	0	341.2280286550522	28.53000000000003
1194.2	1416.5	1616.8	3975.2333333333336	3099.25	2279.5	0.4217488	-0.474566	1.2490290645124846	0.6325666364676712	1003	6	72	335.8045070171356	28.66666666666669
814.3333333333334	929.7916666666669	1008.8571428571428	2451.5	2240.0	1875.6	0.41690576	-0.4500376	1.5039167212724134	0.625268306777842	1001	0	0	335.8045070171356	27.82142857142861
780.5	1007.5	1087.75	3314.0	2151.333333333333	1612.0	0.5057648	-0.5337267	1.395680521597392	0.758560963143847	1002	1	128	315.3364897966385	29.03000000000003
475.1764705882353	735.2	819.875	3087.9	1838.125	1209.75	0.58038783	-0.61539066	1.2757979274302798	0.8704703481715079	1004	1	90	332.77241134643555	29.390000000000043
778.0	1137.0	1387.8	2577.0	2475.333333333333	1835.5	0.29993945	-0.38772213	0.5864136652333427	0.4498524701788011	1005	3	180	322.0292956829071	27.715000000000032
607.8695652173913	924.8214285714286	1097.8	2803.0	2115.666666666667	1515.3333333333333	0.4371411	-0.5038274	0.8822838652436003	0.6556276113090508	1006	4	75	322.0292956829071	28.340000000000032
592.4285714285714	971.1666666666666	943.6666666666666	3201.0	2091.75	1110.5	0.54463565	-0.5344545	1.2765453243067115	0.8168549716537333	1006	1	180	322.0292956829071	29.62200000000001
480.1111111111111	751.4285714285714	910.0	3147.0	1928.75	1265.75	0.5513927	-0.6144967	1.116899111273841	0.8269870609981516	1008	1	180	306.0836509466171	28.84333333333336
1063.4166666666667	1456.7777777777778	1703.5	3468.0	2598.5	2027.2	0.34119695	-0.40838844	0.7719566881767475	0.511745939675174	1012	1	52	298.0724585056305	27.470000000000027
800.5555555555555	1041.125	1377.5	2447.6	2153.333333333333	1623.25	0.27975738	-0.4031487	0.568061974901439	0.4195812421580928	1015	2	32	342.5904871225357	28.730000000000015
590.2	1006.5833333333334	976.0	3483.0	1782.25	1160.3333333333333	0.5622337	-0.55159163	1.2755673145415691	0.8432559704002691	1013	1	270	313.02133202552795	27.19000000000005
781.5	1173.0	1547.75	3571.0	2772.6	2011.0	0.3952625	-0.5054806	0.7228732716424309	0.5928358646286077	1019	2	180	356.1160373687744	28.414000000000044
734.7692307692307	1048.3	1565.375	2888.0	2446.5	1897.0	0.29699385	-0.46736783	0.4883792765540454	0.4454407678706744	1022	1	232	342.5904871225357	28.640000000000043
739.5	1058.6666666666667	1577.3333333333333	3378.0	2628.0	2022.5	0.36337954	-0.52276486	0.6169413323283197	0.5450142929208004	1029	3	112	365.72479593753815	29.385000000000048
605.6363636363636	938.6923076923076	1302.5	2199.4	2107.25	1592.0	0.25611812	-0.40174335	0.4096835115041425	0.3841223161260849	1082	3	128	373.9929376840592	31.220000000000027
527.5666666666666	889.0	918.0833333333331	3740.5	1775.0	1070.5	0.605853	-0.6159412	1.3330263385758592	0.9086819653365292	1025	2	212	368.90616822242737	29.12200000000001
559.8571428571429	856.5	1138.5	2922.6666666666665	2329.0	1701.0	0.43932366	-0.54672545	0.8028486206881774	0.6589043906442347	1023	3	248	368.90616822242737	28.77000000000004
554.2857142857143	817.0	1040.6666666666667	2740.333333333333	1966.0	1413.375	0.44952834	-0.5406672	0.8800743648414077	0.6742033584556394	1021	4	255	365.8749729394913	27.54666666666668
506.0	734.5	1008.0	3117.0	1910.5	1481.0	0.5112727	-0.6185902	0.9816607708061812	0.7668161434977578	1028	4	62	352.8608590364456	27.01800000000003
788.75	1129.4	1326.6666666666667	4093.0	2255.75	1514.0	0.510425	-0.56747854	1.1266553987550991	0.7655668644875617	1008	2	180	342.8532919883728	28.03800000000001
856.3333333333334	1246.6	1251.6666666666667	3912.0	2973.5	2051.625	0.5152024	-0.51669055	1.3300336633003365	0.7727287397127641	1000	1	308	335.8045070171356	28.555000000000007
1124.2	1244.875	1362.857142857143	2781.333333333333	2700.5	2350.6666666666665	0.34228066	-0.3816142	1.4027784318342351	0.5133590307737379	999	4	308	361.17630755901337	28.54000000000002
1047.3333333333333	1311.7142857142858	1363.3333333333333	3033.2	2464.666666666667	1832.6	0.3798144	-0.39620706	1.2427562117964588	0.5696568140640281	1000	3	292	315.3364897966385	28.720000000000027
843.2	1109.375	1070.6666666666667	2821.75	2448.6964285714284	1587.8333333333333	0.44987047	-0.43559414	1.4978045790208991	0.6747190409932569	1005	1	90	332.77241134643555	28.15500000000003
861.1111111111111	1100.6666666666667	1167.0	3183.333333333333	2394.0	1649.0	0.46348938	-0.48615003	1.3521548640915593	0.6951541850220264	1003	2	270	327.9111565351486	27.628333333333387
606.5	862.8	859.2727272727273	1948.5	1808.0	1264.5	0.38793284	-0.38619143	1.065202123025222	0.5817956686413519	1003	1	52	327.9111565351486	27.39500000000004
623.5	888.8333333333333	1212.625	2474.5	1931.75	1530.5	0.3422382	-0.4714569	0.6216133004926108	0.5132876851632148	1007	0	0	300.7244784832001	27.81800000000004
706.9358974358975	1047.0833333333333	1132.571428571429	3569.75	2278.25	1653.6666666666667	0.51829267	-0.54640627	1.2031506156712164	0.7773562982707949	1006	1	52	300.10637974739075	27.417272727272746
672.0	942.1428571428572	1156.294642857143	2782.25	2045.75	1519.25	0.41283152	-0.494069	0.8683770318573876	0.6191686707935435	1008	1	0	306.9303535223007	28.0866666666667
456.6666666666667	684.25	890.0	2981.0	1714.0	1129.6666666666667	0.5401705	-0.62662846	1.067490300183786	0.8101511042231693	1009	1	52	300.10637974739075	27.823333333333323
800.6666666666666	1166.0	1265.0	3771.0	2260.0	1675.6666666666667	0.49761716	-0.5276484	1.1694978532760874	0.7463516330785267	1009	4	18	294.7953097820282	27.450000000000045
666.5714285714286	1071.6	1365.75	2451.0	2200.5	1754.3333333333333	0.28433877	-0.39158577	0.480435992461517	0.4264522889514702	1010	3	337	294.7953097820282	27.9883333333334
871.9	1121.3333333333333	1318.142857142857	3085.0	2637.714285714286	2056.333333333333	0.40127182	-0.46683574	0.9913672178715424	0.6018393862224457	1007	2	148	314.44958823919296	27.58500000000004
865.6666666666666	1160.0	1288.0	3422.0	2467.0	1900.0	0.45307857	-0.49367088	1.1452184179456906	0.67954569578601	1007	1	128	330.37907510995865	28.31400000000002
621.0	1009.0	1147.6666666666667	3450.0	2278.6666666666665	1580.0	0.5007613	-0.5474322	1.0134401502479675	0.7510602051542281	1004	3	308	330.37907510995865	27.856666666666683
997.2	1322.1818181818182	1572.2857142857142	2817.0	2422.25	1966.0	0.28358015	-0.36113855	0.6519949714148882	0.4253217696926307	1003	1	232	346.90719270706177	27.92500000000001
1051.6923076923076	1309.2307692307693	1559.5	2649.8	2707.6666666666665	2112.5	0.2590217	-0.33861047	0.6615725130411081	0.3884863889020856	1001	1	90	346.90719270706177	28.620000000000005
731.0	984.7777777777778	1172.7777777777778	3175.0	2325.0	1648.5	0.4605162	-0.5265238	1.0582197009736558	0.6906949111397872	1000	1	128	327.4719817042351	29.403333333333364
811.6428571428571	1107.1666666666667	1232.1333333333334	3089.6666666666665	2477.8888888888887	1854.6964285714284	0.4298055	-0.47237998	1.056342109239642	0.6446336441246557	1003	1	90	317.8881287574768	27.930000000000007
800.4166666666666	1060.5833333333333	1339.7083333333337	2350.0	2305.166666666667	1903.25	0.27381343	-0.37806338	0.5758452316490447	0.4106644837125275	1004	3	52	317.8881287574768	28.27000000000004
710.85	1012.6666666666666	1080.8333333333337	3753.75	2183.666666666667	1303.5	0.55287427	-0.5750826	1.3614061001179956	0.8292256252046671	1002	2	212	317.8881287574768	27.83000000000004
812.75	1011.5	1196.5	2681.75	2266.0	1679.0	0.3829691	-0.45224395	0.9859271797935544	0.5743796326135997	1004	1	90	311.7065831422806	28.258333333333383
682.8	976.2857142857144	1198.0	2474.625	2130.25	1489.0	0.3476056	-0.43418664	0.7025811067389449	0.5213374170495151	1006	4	320	300.8850322961807	28.27333333333337
781.875	1003.75	1208.5	2550.6666666666665	2355.333333333333	1676.6	0.35703835	-0.43520972	0.8519304110487536	0.5354863019771255	1003	1	232	321.9317727088928	30.910000000000025
671.375	989.25	844.8	3946.25	2107.5	1336.0	0.64734244	-0.5991288	1.9477860572318573	0.9709123352568584	1002	0	0	361.17630755901337	28.06
1133.3333333333333	1394.8	1749.5	3608.75	2865.0	2127.0	0.3469883	-0.44247586	0.8290230525705623	0.5204338698390483	1002	1	180	348.5959881544113	28.476666666666688
995.0	1173.8333333333337	1330.0	2350.333333333333	2724.142857142857	2277.0	0.27723938	-0.33383778	0.8891535467379306	0.4158025809372878	1000	2	0	350.2360442876816	28.485000000000014
858.75	1118.75	1170.8	3348.5	2940.333333333333	2229.5	0.48186666	-0.49913257	1.3840111346260178	0.7227200318598167	999	4	212	364.2163004875183	29.06
1290.0	1641.75	2092.6	3087.0	4009.3333333333335	3054.75	0.19198394	-0.30563045	0.4165130851455954	0.2879481091098627	1000	3	248	339.3519606590271	29.04333333333335
1314.7857142857142	1641.142857142857	1965.4	3274.6	3418.85	2670.153846153846	0.24984732	-0.332291	0.6285639819203147	0.374735235187482	1003	3	128	338.6683735847473	28.77000000000004
1129.3333333333333	1311.0	1466.4375	3427.4444444444443	2805.428571428572	1875.5	0.4007058	-0.44665384	1.3048780262394224	0.6009973169350913	1003	1	180	332.5259289741516	29.390000000000043
661.75	1006.375	872.0	3979.0	2576.0	1445.0	0.6404865	-0.5962691	1.8281309758465476	0.960630732763063	996	5	112	356.6119602918625	28.970000000000027
1037.8333333333333	1265.6666666666667	1616.5	2754.0	3152.5	2540.0	0.2602677	-0.37026286	0.6089074460681975	0.3903568977350721	997	1	90	359.9694895744324	30.100000000000023
800.0	1183.7142857142858	1199.0	4127.333333333333	2769.6666666666665	1773.0	0.54978406	-0.5542445	1.3754932047347657	0.8245987297018241	1002	3	180	350.5208531022072	29.640000000000043
666.6	1006.3333333333334	1049.6666666666667	4092.0	2712.333333333333	1511.0	0.5917018	-0.60523045	1.4107082135460136	0.8874663728000518	1002	2	212	358.6137350797653	29.46000000000004
1370.4545454545455	1569.2307692307693	1828.4444444444443	2602.0	3518.666666666667	3216.15	0.17459999	-0.2475934	0.5868703263490082	0.2618704314354853	994	1	308	360.9041697978973	29.403333333333364
1185.2142857142858	1480.25	1591.8	2786.333333333333	3342.833333333333	2959.8571428571427	0.2728408	-0.30611926	0.8658482622078976	0.4092144428626892	1001	2	90	360.9041697978973	28.726
1330.1666666666667	1459.8	1768.6	2732.5	3278.0	3050.75	0.21414766	-0.30358037	0.7153034418273302	0.3211858006042296	998	1	308	364.1630879640579	28.480000000000015
801.0	1052.5384615384614	1121.7058823529412	3441.6666666666665	2414.0	1718.25	0.5083873	-0.53160197	1.3923991046694175	0.7624974490617917	1002	1	232	321.9317727088928	28.04000000000002
786.6666666666666	1075.6666666666667	1059.0	3973.25	2378.0	1575.0	0.57911474	-0.573902	1.6452605431039349	0.8685857632507078	1003	1	0	338.73961424827576	29.64178571428573
536.5	787.0	999.0	4003.133333333333	2297.5	1329.0	0.60057044	-0.6714079	1.2570892951294834	0.9007655967856928	1005	1	180	335.931592464447	28.474000000000046
495.0	875.6	640.4166666666667	4501.0	2497.2	1296.5	0.7508793	-0.6742923	2.083648172135866	1.1262094225564396	1005	3	292	338.73961424827576	29.102000000000032
943.0	1102.4583333333337	1328.0	2880.5	2609.0	1970.875	0.36889628	-0.44641232	1.027601270849881	0.5532786885245902	1002	1	308	319.5304273366928	28.69000000000005
603.5	996.6451612903226	816.0	3773.275	1979.375	1147.5833333333337	0.64438826	-0.58211243	1.7840595797563965	0.966477114891253	1002	3	203	340.9835510253906	27.78333333333336
864.75	1185.2222222222222	1239.0	3749.5	2318.75	1578.6	0.5032575	-0.51963973	1.3356920539490835	0.754810583283223	1003	1	270	315.8602389097214	28.38000000000005
742.7	1066.3	1123.0	3657.125	2549.625	1618.0	0.53013784	-0.5485056	1.312780065791178	0.7951235455615113	1005	2	0	333.9668228626251	26.8366666666667
861.0833333333334	1177.0	1505.9926470588234	3568.5	2826.8	1909.6666666666667	0.406446	-0.50395113	0.8387816567927019	0.6096089678484031	1004	4	105	341.03653395175934	27.67166666666668
1037.857142857143	1298.875	1708.3333333333333	2800.0	2812.8	2000.75	0.24214418	-0.36622855	0.5181563803866792	0.3631759878756515	1007	1	90	349.7508319616318	26.89500000000004
476.6470588235294	739.3243243243244	728.7142857142857	4431.6	2510.0	1356.4545454545455	0.7175698	-0.7140456	1.7700107604126716	1.0762504255972896	1036	2	148	345.5425193309784	28.220000000000027
667.9130434782609	983.9090909090908	922.0	4639.857142857143	2661.75	1660.4375	0.6684561	-0.6500889	1.8000631521967945	1.0025939671002786	1004	1	180	348.3283449411392	27.74000000000001
811.6875	1131.5	1048.5	4214.5	2784.0	1657.5	0.601558	-0.5766929	1.7911925489558214	0.902251353662012	1004	2	328	359.6807957887649	29.05857142857144
973.5	1362.0	1394.6666666666667	4792.0	2532.5	1650.2	0.54913795	-0.55736107	1.4494361249768903	0.8236403307922311	1004	3	232	348.6833175420761	28.46000000000004
1125.1923076923076	1511.9583333333333	1752.4166666666667	3658.8888888888887	3438.2	2447.625	0.3523128	-0.41519898	0.8310042623675157	0.5284203772616449	1005	1	180	359.6807957887649	28.77000000000004
1292.25	1626.25	1874.75	3812.0	3211.0	2528.5	0.3406603	-0.40192157	0.901948460087995	0.5109455360675195	1004	1	308	337.2635424733162	27.54333333333335
1531.5	1823.5	2184.0	3512.7555555555555	3450.0	2622.75	0.23324777	-0.31656197	0.6473517085628975	0.3498409565619313	1005	1	0	343.26043677330017	27.230000000000015
862.625	1057.1333333333334	1129.0	2651.4444444444443	2437.833333333333	1973.25	0.40271574	-0.42989826	1.2872587035814855	0.6039937111538858	1003	2	32	346.9450978040695	30.363333333333344
546.5833333333334	803.8461538461538	1117.6	2263.0	2019.8	1455.75	0.3388156	-0.4757832	0.5879605151712706	0.5081482357812547	1027	2	180	371.97892105579376	29.02333333333337
436.9090909090909	686.1	840.25	3210.0	1835.4	1263.6666666666667	0.58508736	-0.64780164	1.1906659662905952	0.8775226809850027	1024	1	128	370.04977464675903	28.730000000000015
522.8571428571429	810.5	1155.6666666666667	3228.5	2190.6666666666665	1519.5	0.47279984	-0.59866303	0.8301864841875597	0.7091188991941613	1060	1	0	357.168242931366	29.402000000000044
853.0	1190.0	1637.0	2660.125	2633.25	2034.1666666666667	0.23809524	-0.38183826	0.4203039950703502	0.3571013059538698	1065	3	292	366.9385452270508	30.31666666666672
536.75	882.0	1165.0	3825.6666666666665	2488.0	1754.0	0.5331285	-0.62529206	0.9794766389545052	0.7996126490132569	1022	1	0	327.232238650322	27.182000000000016
664.4444444444445	982.375	1370.3333333333333	3217.6666666666665	2425.5	1666.5	0.40264457	-0.532207	0.7152075160024778	0.6039010569903018	1028	3	52	328.0004698038101	27.29875000000004
610.4166666666666	922.7777777777778	1182.75	3638.0	2418.6666666666665	1551.6666666666667	0.5093087	-0.5953419	0.9968736677561462	0.7638838475499092	1034	4	320	332.0851014852524	29.3366666666667
735.1818181818181	1133.5	1422.25	2827.0	2321.5	1808.5	0.33058774	-0.42759752	0.6005631646041912	0.4958232837225719	1029	0	0	343.0707298517227	28.03333333333336
911.6666666666666	1322.5	1619.8	3714.0	2859.5	2264.6666666666665	0.39262813	-0.47483373	0.7937025302063277	0.5888870142286711	1012	1	52	343.0707298517227	27.50600000000003
605.7777777777778	994.0	1243.25	3469.0	2542.714285714286	1805.3333333333333	0.47233275	-0.5545597	0.871316908943811	0.7084239562887911	1028	1	52	332.37405467033386	27.82000000000005
546.5	870.0	857.0	3866.75	2074.5	1308.0	0.6371527	-0.6326595	1.532147220525351	0.9556278774408636	1025	1	90	339.46729749441147	27.170000000000016
783.1666666666666	1195.3333333333333	1558.0	3111.5	2948.5	2164.5	0.33269086	-0.44491312	0.5896306979921813	0.498982869379015	1031	1	90	359.7945595383644	28.730000000000015
860.7272727272727	1316.0	1699.0	3425.6	3036.0	2342.333333333333	0.33692387	-0.44491312	0.602430198714484	0.5053364812393905	1025	1	308	346.23540914058685	30.410000000000025
690.625	1003.4444444444443	1481.428571428571	3023.5	2521.5	1878.0	0.34230763	-0.50163484	0.5725469707839007	0.5134044644555774	1037	1	0	346.23540914058685	28.81400000000002
493.09090909090907	803.8181818181819	1126.0	3181.0	2225.0	1560.0	0.47713026	-0.59655964	0.8233412978233632	0.7156123041207196	1024	3	128	379.1393394470215	28.08000000000004
603.1538461538462	927.8484848484848	1149.172077922078	2645.5	1793.2	1369.0	0.39432338	-0.480684	0.7454982647960195	0.5914071449286645	1019	2	90	392.3303805589676	29.12200000000001
479.3939393939394	801.6857142857143	1120.7	3364.25	2160.833333333333	1681.1666666666667	0.5002397	-0.61512333	0.8637017132609914	0.7502758920509649	1022	3	292	392.3303805589676	28.390000000000043
605.1538461538462	925.4545454545456	1239.7333333333331	2989.8888888888887	2259.7	1729.3333333333333	0.4137853	-0.52726775	0.7427703222397191	0.6206046055932188	1016	3	232	392.7727252244949	27.87333333333333
608.3396226415094	860.421052631579	1184.09375	2911.0	2166.4444444444443	1615.625	0.42170128	-0.5437152	0.7915756307290478	0.6324746869730427	1016	4	118	400.4942150115967	28.466000000000008
541.2439024390244	799.0909090909091	1117.5833333333333	2789.2	1964.5	1514.0	0.42787546	-0.554612	0.7687190357148838	0.6417310407486873	1018	1	309	357.884051322937	29.390000000000043
470.7931034482759	732.1818181818181	990.3333333333334	3291.428571428572	1886.525	1248.3333333333337	0.5374178	-0.6360573	1.0086364460152306	0.8060326374023519	1022	1	270	357.884051322937	29.04666666666668
535.4166666666666	791.25	1056.4444444444443	2718.875	2069.65	1500.0	0.44034168	-0.5491614	0.8241413974496682	0.6604250732916697	1016	1	309	327.15853536129	28.678
675.304347826087	988.4	1120.448275862069	2982.7	2448.6666666666665	1840.6	0.45385924	-0.5022034	1.0030209933171117	0.6807058983679787	1017	1	309	302.0105656385422	28.80000000000001
537.3846153846154	737.95	1120.5	2584.5	1774.0	1296.75	0.3951417	-0.55577964	0.6934293271928355	0.592632573201997	1011	2	90	379.27376103401184	29.390000000000043
670.4285714285714	992.0666666666668	1317.7777777777778	2400.875	2062.0	1541.5	0.29126066	-0.41521737	0.5127983286269602	0.4368322385250524	1009	5	292	366.3091243505478	29.686000000000035
600.8	920.6153846153846	1055.0	3272.0	2028.5	1340.0	0.5123642	-0.5608396	1.087404355503237	0.7684575389948007	1007	1	180	366.3091243505478	29.77333333333337
853.1	1179.3333333333333	1627.428571428571	3082.6666666666665	2674.5	2003.0	0.3089615	-0.4465822	0.5640468144090337	0.4633930602239127	1008	1	128	355.7734726667404	30.420000000000016
990.8571428571428	1250.125	1440.0	3346.6666666666665	2697.6666666666665	2025.75	0.3983287	-0.45608804	1.0461847179690849	0.5974306305051701	1010	3	52	356.2050397396088	30.055000000000007
803.1428571428571	1149.4791666666663	1282.8090909090909	3622.0	2768.5	1934.2222222222224	0.47691783	-0.5181875	1.104166288634666	0.7153038266516429	1008	0	0	362.6076205968857	28.05000000000001
433.0	716.9166666666666	783.375	2808.0	1687.25	1003.5	0.56374645	-0.5932292	1.187672317709861	0.845502001044023	1021	1	308	327.232238650322	27.470000000000027
727.0	965.0	1257.0	3024.0	2300.0	1716.3333333333333	0.41275403	-0.5161695	0.8637207938214879	0.6190587410954105	1017	3	292	318.8865953683853	27.650000000000038
563.75	847.6	998.5	3215.5	2157.8	1454.6666666666667	0.52610344	-0.5827816	1.1130915024475965	0.7890615731403487	1015	1	0	298.0724585056305	27.143333333333374
800.0	1184.0	1613.0	3142.5	2354.0	1719.3333333333333	0.3216276	-0.45267537	0.56054386865059	0.4823906644238855	1024	1	232	350.9684354066849	28.470000000000027
559.875	878.0	1203.6666666666667	3572.2	2326.8	1550.0	0.4959379	-0.605411	0.8976970739820587	0.74382899135326	1029	4	220	347.140856385231	28.53000000000003
858.3333333333334	1191.8	1627.8333333333333	2907.4	2669.333333333333	1974.5	0.2821391	-0.4185207	0.5128194851899947	0.423162002469281	1063	1	0	370.7216027975082	29.765000000000043
399.1111111111111	651.6	791.0	3502.75	1834.3333333333333	1143.5	0.6315575	-0.6863047	1.2897331832522154	0.9472259416661816	1025	1	180	400.7792804241181	29.110000000000014
413.484375	665.7647058823529	997.0625	3200.25	1869.4	1193.3333333333333	0.5249043	-0.6555809	0.9055447307140498	0.7872627112335293	1034	0	0	376.3017680644989	29.663333333333355
535.9090909090909	805.3076923076923	1169.111111111111	3032.5	2159.333333333333	1565.1666666666667	0.4434939	-0.5803293	0.7726968481509778	0.6651616912134113	1022	1	180	353.75123357772827	29.245000000000005
908.1	1231.2941176470588	1422.0	3469.0	2924.25	2130.375	0.41852382	-0.47607785	0.98579340235974	0.6277215578043545	1015	1	90	291.8640809655189	27.845000000000027
529.9375	756.5	848.25	3369.75	2252.0	1422.6666666666667	0.5977952	-0.63332325	1.4052931874072576	0.8965864643830745	1009	1	309	356.3646830320358	28.470000000000027
863.3333333333334	1115.25	1299.5	3481.75	2485.0	1741.0	0.4564183	-0.51479226	1.1354649045215672	0.6845558634391175	1006	1	90	355.7734726667404	28.626666666666665
712.7142857142857	998.4	1391.6666666666667	4064.0	2487.0	1611.0	0.4898271	-0.60556257	0.9450029468721056	0.734673305434218	1008	5	270	371.7514261007309	27.545999999999992
358.0810810810811	595.4074074074074	527.0	2801.0	1967.7777777777776	1042.0454545454545	0.6832933	-0.64938986	1.7340818875437447	1.024785939612438	1007	2	180	318.99123549461365	29.44000000000005
810.6666666666666	1190.0	1590.25	3190.0	2496.5	1802.0	0.33465824	-0.456621	0.6011837655016912	0.501934842859384	1021	1	231	338.08252716064453	29.970000000000027
669.3333333333334	914.3333333333334	1227.5	3641.5	2384.6666666666665	1503.0	0.49578968	-0.59860986	1.0079331941544885	0.7436081733237498	1011	1	0	389.6637929677963	28.498000000000047
1013.2	1485.25	2027.4	3239.333333333333	2879.0	2302.75	0.23011102	-0.37126732	0.3881548605298668	0.3451337514318078	1018	3	180	404.1406395435333	29.21900000000005
716.5	1114.0	1347.25	3583.5	2472.5	1695.5	0.4535314	-0.52570516	0.8882114628430711	0.6802281368821292	1033	1	52	416.7551755905152	29.04333333333335
795.4285714285714	1130.0	1278.0833333333337	3702.25	2500.0	1688.5	0.48674786	-0.53230894	1.1210463613201296	0.7300485193240756	1007	3	112	387.5020549297333	28.500000000000057
741.8333333333334	997.0833333333334	1152.590909090909	3933.0	2202.0	1442.0	0.5467229	-0.59551054	1.3150381597334195	0.8200037535524693	1008	1	52	380.27460503578186	28.08200000000005
858.6	1191.4	1584.0	3648.5	2417.25	1919.5	0.39455327	-0.50767577	0.7687295204051237	0.5917733613605962	1007	3	68	378.3667266368866	28.420000000000016
1243.5	1504.2	1755.8333333333333	3668.5	3165.5	2443.5	0.35260862	-0.4184082	0.9802012333657903	0.5288641740145626	1008	1	128	379.2398781776428	29.470000000000027
1508.3333333333333	1824.888888888889	2216.5	3579.5	3608.0	2860.0	0.23516218	-0.32466412	0.6120890964612897	0.3527128439575606	1006	4	320	354.05131673812866	28.703333333333376
862.0	1118.3333333333333	1430.3333333333333	4457.5	2492.0	1661.0	0.51413935	-0.59886414	1.1509264187767725	0.771143504104161	1006	3	157	366.9093210697174	27.74714285714288
1459.5	1683.5	1907.0	4138.666666666667	2855.5	1992.5	0.3691349	-0.42169297	1.2035955056179777	0.5536565868180942	1006	1	52	366.9093210697174	28.02333333333337
924.6	1342.3111111111111	1702.3333333333333	3652.0	2786.5	2107.333333333333	0.36412874	-0.46246395	0.7030893136194255	0.5461421146005168	1006	1	52	363.9193475246429	29.05666666666673
932.1666666666666	1194.25	1305.4	3857.3333333333335	2691.0	1766.6666666666667	0.49429888	-0.52717793	1.3575605829009572	0.7413765276280366	1006	1	52	349.6874988079071	27.216666666666697
1388.0	1786.0	2026.5	4590.0	2884.0	2192.0	0.3874405	-0.43977416	1.0108438485804416	0.5811168203113193	1007	1	270	352.8552316427231	29.03000000000003
1569.4	1962.8	2323.6666666666665	3704.75	3318.25	2767.0	0.22909553	-0.30735502	0.5874700469323806	0.3436148008901544	1009	1	270	352.8552316427231	28.196666666666715
1053.0	1374.0	1673.0	3159.0	2514.333333333333	1871.0	0.30753312	-0.39377895	0.700877275728705	0.4612519399896534	1024	4	90	361.25523829460144	28.400000000000038
1058.3333333333333	1362.0	1570.75	3546.333333333333	2664.0	1812.0	0.38607606	-0.44502547	0.9810550883930342	0.579057497842406	1008	1	90	361.6306161880493	28.11666666666673
884.125	1250.3333333333333	1631.5	4106.0	2723.0	1885.0	0.4312854	-0.53313833	0.8515067833208592	0.6468717323109097	1014	6	52	361.6306161880493	28.305000000000007
1002.7142857142856	1222.5	1574.0	3818.3333333333335	2861.0	2143.75	0.4162082	-0.5149611	0.9769905267303745	0.624254411719257	1007	1	90	357.4257085323334	28.135000000000048
918.1666666666666	1245.428571428571	1497.75	3747.5	2470.5	1839.6666666666663	0.42891186	-0.501123	0.96163710194486	0.6433064862031168	1012	4	298	338.7886838912964	28.43571428571431
1318.8	1813.8333333333333	2454.833333333333	3363.1111111111118	3635.5	3034.5	0.15611662	-0.2992649	0.2768426827781466	0.2341547950960546	1028	2	90	338.7886838912964	28.450000000000045
995.0	1376.0	1695.25	3047.0	2544.5	1817.0	0.285044	-0.37779787	0.587002779225291	0.4275209530335775	1014	0	0	350.95201778411865	27.686000000000035
733.1	1061.0	1364.428571428571	3445.0	2549.6666666666665	1842.5	0.4326026	-0.52907234	0.8479224038052877	0.6488364840582722	1020	0	0	347.4124702811241	28.910000000000025
1055.142857142857	1433.6153846153843	1885.0	3559.0	3145.333333333333	2274.25	0.3074945	-0.42570567	0.6016018071670602	0.4611993755165763	1009	4	18	347.4124702811241	28.22333333333336
944.1333333333332	1173.0	1492.142857142857	3902.75	2705.25	1894.5	0.44683132	-0.5378023	1.043443175423734	0.6701848799571064	1006	2	212	346.52230298519135	30.05000000000001
1008.0	1184.2	1412.8333333333337	2848.6666666666665	2894.5	2188.0	0.33693144	-0.41272545	0.9529867256637168	0.5053378695448145	1000	2	0	342.5555607676506	28.476666666666688
1048.4	1249.888888888889	1444.3333333333333	3112.0	2886.866666666667	2218.2	0.3660107	-0.42690477	1.0646493020088528	0.5489557806956585	999	4	62	332.4128018021584	27.13000000000005
741.6666666666666	994.5	1185.5	3426.8571428571427	2619.916666666667	1751.75	0.48594615	-0.5501381	1.1255505975866966	0.7288401982037782	1000	4	52	350.1216640472412	26.84250000000003
926.4	1251.5555555555557	1305.375	3876.3333333333335	2958.0	2061.6666666666665	0.49616036	-0.51186323	1.3498442394861652	0.7441687504522686	996	2	32	363.9963676929474	27.07000000000005
547.4545454545455	987.8	710.1666666666667	4413.233333333334	2512.0	1389.3333333333333	0.7227752	-0.63421816	2.026047217379136	1.0840570659068287	1000	3	248	357.14454197883606	27.13333333333333
1630.6666666666667	2008.125	2367.142857142857	3736.3333333333335	3558.5	2735.5	0.22432962	-0.30084792	0.599450439481629	0.3364668619596127	1005	1	52	334.356551527977	27.05000000000001
1054.7272727272727	1299.8333333333333	1561.3333333333333	3487.8	2985.6666666666665	2053.7916666666665	0.38154402	-0.4570038	0.973681824475248	0.5722593719676017	1003	5	239	335.5806418657303	27.855000000000015
1147.3333333333337	1368.25	1633.5	3694.0	3232.3	2346.0	0.38676676	-0.4594301	1.053209977509712	0.5800957207207207	999	0	0	363.9963676929474	26.91500000000002
1255.0	1494.5	1623.4	3805.4	2729.0	1963.0	0.40193045	-0.4360271	1.319449483588515	0.6028401451384156	1002	3	68	335.1858782768249	25.81
797.0	1114.375	1076.75	4338.0	2095.333333333333	1230.0833333333337	0.60229003	-0.5912332	1.6908181252592285	0.9033516458150592	1005	4	105	339.08617120981216	26.47800000000001
965.8833333333332	1300.9	1574.2	3480.5	2801.5	1958.5	0.37713414	-0.45584974	0.8386602904493121	0.5656452761512898	1005	2	32	347.03786075115204	27.179166666666674
603.4545454545455	985.1111111111112	800.0	4852.0	2640.8	1549.6666666666667	0.71691436	-0.6624662	1.9757792829532963	1.0752764263600176	1014	3	203	351.6930046081543	27.150000000000038
615.1428571428571	924.3333333333334	992.0	4681.0	2552.0	1395.0	0.6502732	-0.67019504	1.5318676885841065	0.9753238741517584	1006	1	52	326.1417081952095	26.513333333333374
1186.25	1364.0	1708.5	4184.0	2801.0	1901.5	0.42011032	-0.5082913	1.1172793536885337	0.6301119972849143	1002	1	180	320.9133630394936	26.194000000000017
866.6111111111111	1245.6153846153843	1303.6363636363635	4374.333333333333	2630.4	1873.0	0.540809	-0.55671644	1.3473717521696518	0.811142033038137	1015	4	308	324.1279046535492	26.456666666666703
987.3333333333334	1372.3333333333333	1619.5	4457.0	2798.0	1809.0	0.4669629	-0.5291629	1.047821270310192	0.7003867039657726	1023	2	180	327.3717918395996	26.564285714285745
812.25	1257.5	1315.5	4317.857142857143	2826.0	1648.5	0.53296053	-0.5489078	1.2264566598291895	0.7993698810761467	1040	1	90	336.25360584259033	26.57000000000005
721.1428571428571	1050.4	1130.5	4371.0	2812.0	1677.0	0.58902115	-0.61249864	1.409788688626476	0.8834514721919302	1055	1	128	345.479854285717	27.19000000000005
1057.0	1440.0	1830.75	3865.25	3018.0	2058.0	0.35718048	-0.45714152	0.7346621890008305	0.5357236899850786	1056	0	0	336.7763423919678	26.20200000000005
849.5	1174.875	1574.0	3834.0	2541.5	1845.0	0.4178994	-0.53088266	0.8179218993159856	0.6267911620597209	1062	5	259	336.7763423919678	26.93833333333339
670.9583333333334	1062.75	1127.3333333333333	4146.666666666667	2769.0	1706.0	0.572494	-0.59198886	1.283843877894513	0.8586595885865961	1065	0	0	341.6038451194763	26.795000000000016
676.1	1061.2727272727273	985.25	4271.0	2678.0	1616.0	0.62511295	-0.60194355	1.6066451518263167	0.9375802539591952	1035	4	52	341.6038451194763	26.845000000000027
662.0	999.2857142857144	965.0	3849.0	2408.0	1419.75	0.599086	-0.58777773	1.542245989304813	0.8985356734863434	1062	1	180	349.8305433988571	26.166
669.25	989.3333333333334	1048.75	3982.0	2668.5	1618.0	0.58306414	-0.60198474	1.3951580299174773	0.8745093167701863	1061	5	101	350.51246362924576	27.700000000000045
1309.1666666666667	1756.5	2406.375	3289.285714285714	3807.3333333333335	3355.125	0.15501462	-0.30377543	0.2790564580944039	0.232501528285029	1058	3	248	350.51246362924576	29.03400000000005
1121.5555555555557	1560.142857142857	2144.3636363636365	3495.0	3175.6	2705.333333333333	0.23950155	-0.38275024	0.4247008960730579	0.3592204840542566	1070	3	292	352.29045927524567	28.430000000000007
1118.5	1628.0	2207.1666666666665	3716.166666666667	3346.0	2634.2	0.2547552	-0.39073756	0.4401256112855712	0.3821005542582225	1087	4	75	352.3995043039322	26.48142857142864
676.6666666666666	989.2380952380952	992.1428571428572	3807.3	2592.375	1577.0	0.5865592	-0.58751994	1.501847386375068	0.879747080322385	1076	2	0	351.765625834465	26.480000000000015
673.7727272727273	989.0769230769232	1297.8181818181818	4099.65	2562.6666666666665	1635.5	0.51910114	-0.61126745	1.0249208866021344	0.778579566554082	1058	2	180	351.765625834465	26.345000000000027
864.6363636363636	1260.0	1560.8	3239.133333333333	2636.1666666666665	1866.1666666666667	0.34965762	-0.4398921	0.6855756904775225	0.5244318221271691	1040	3	232	352.8253395557404	26.30600000000004
899.6309523809524	1306.1666666666667	1692.6	3932.0	2825.5	2135.333333333333	0.39814386	-0.5012886	0.7625963047952822	0.5971627171072514	1038	3	68	359.2455493211746	25.910000000000025
1114.5	1566.4	2139.5	3556.0	3189.333333333333	2509.0	0.24870512	-0.38841167	0.4407143523848044	0.3730249297752809	1039	3	112	356.83104944229126	28.396666666666704
664.1875	1178.6842105263158	1144.5	4193.5	2229.0	1364.0	0.57118773	-0.56118995	1.253681326870988	0.8567013205956728	1024	3	248	364.362560749054	27.182000000000016
744.4	1186.75	1372.25	4115.333333333333	2328.0	1486.5	0.49987093	-0.55234575	1.0134294721804882	0.7497380688461364	1020	2	0	361.0335619449616	28.10428571428577
864.0	1302.5	1497.5	4308.0	2940.0	1881.0	0.4841099	-0.535692	1.0311491047842678	0.7261023079572856	1042	3	337	360.2919078469277	26.950000000000045
871.5	1238.2	1684.5	3994.75	2910.5	1945.0	0.40678787	-0.5267679	0.7633152712614816	0.6101280866235309	1058	3	112	358.81180477142334	26.65666666666669
1051.071428571429	1502.75	2078.222222222222	3691.3333333333335	3148.333333333333	2474.0	0.2795902	-0.42136085	0.4871310004002465	0.4193489375222654	1037	1	180	365.9125111103058	26.81
857.3333333333334	1320.888888888889	1757.5	3489.0	2696.0	2014.0	0.33002955	-0.45076117	0.569197896120973	0.4949971412235563	1049	1	232	369.2427467107773	26.950000000000045
859.0	1244.6666666666667	1697.6666666666667	3763.0	2325.5	1522.0	0.37822	-0.50289553	0.6877566877566876	0.5672780541398357	1067	1	180	369.2427467107773	26.166
1761.6875	2344.153846153846	3083.333333333333	4009.0	4432.0	3657.5	0.13051651	-0.26205033	0.2489062176136777	0.1957609793923443	1070	2	328	368.4269038438797	25.70666666666665
800.6	1185.5	1696.25	4261.0	2904.0	1909.0	0.43052584	-0.56467456	0.7601511558980438	0.6457345474382108	1081	2	328	366.9987680912018	26.81666666666672
1235.7142857142858	1690.1818181818182	2264.0	3542.0	3315.0	2595.333333333333	0.22011712	-0.35392848	0.4065328825389901	0.3301472487729269	1089	3	292	366.9987680912018	25.83000000000004
1145.375	1562.529411764706	2071.8	4513.75	2862.166666666667	1910.5	0.37080425	-0.48569533	0.730664448497125	0.5561641651672853	1063	4	52	355.66678512096405	27.500000000000057
1473.875	2019.111111111111	2539.6666666666665	4154.25	3267.5	2587.75	0.2412016	-0.34586328	0.4840349654367807	0.3617753600637348	1065	1	90	351.8599659204483	27.535000000000025
750.5	1259.1666666666667	1315.3333333333333	4285.166666666666	2247.5	1357.5	0.53028005	-0.5457825	1.133625132009212	0.7953490448134262	1095	2	32	361.58192229270935	26.396666666666647
907.0	1374.0	1898.5	3669.5	3027.0	2073.0	0.31806752	-0.4551403	0.5360818501029181	0.4770584538026398	1077	1	232	361.58192229270935	26.09250000000003
1508.571428571429	2017.5	2717.833333333333	4162.0	4406.0	3241.0	0.20991303	-0.34703454	0.3943347896187653	0.3148466644057942	1026	2	0	365.8729412555695	27.823333333333323
676.5	1064.5	1051.5	4573.25	2572.5	1485.0	0.6261167	-0.6223671	1.5155133832515708	0.9390915959290698	997	1	232	311.6528545618057	26.94800000000004
860.0833333333333	1213.357142857143	1428.0	4962.25	2193.5	1416.5	0.5530691	-0.60704845	1.2478594756818782	0.8295387865274029	995	2	328	327.8073949813843	28.500000000000057
1183.888888888889	1565.5	1816.2	4247.5	3320.5	2371.75	0.40095982	-0.46137968	0.9699541479605946	0.6013901256554863	1026	2	212	327.8073949813843	26.750000000000057
812.3333333333334	1183.75	1189.0	4266.0	2757.0	1600.75	0.5640697	-0.5655764	1.4490910803428465	0.8460269452845752	1033	0	0	346.0890189409256	28.07000000000005
927.1666666666666	1313.0	1633.25	4329.25	2863.6666666666665	1764.0	0.45215932	-0.53458285	0.9392419175027872	0.6781821230924032	1063	3	68	338.66742408275604	26.912000000000035
862.4	1182.0	1700.0	4109.5	3023.0	2092.6	0.4147517	-0.5532458	0.768090532355754	0.6220740103270224	1036	3	248	338.2740910053253	27.53666666666669
932.125	1318.1666666666667	1446.6	4147.5	2829.75	1846.5	0.48281226	-0.5176557	1.156769235052134	0.7241536481607264	1068	2	270	335.91322469711304	27.430000000000007
682.8571428571429	995.0	980.0	4494.0	2575.75	1483.8	0.64194375	-0.6374567	1.6721957851801497	0.9628276554936523	1055	1	0	342.87966680526733	25.337142857142908
805.5	1123.25	1175.4444444444443	4484.566666666667	2735.5	1656.5	0.58464944	-0.59939843	1.504971918941399	0.8768966681453971	1069	1	308	351.2779258489609	26.33166666666665
613.0	1054.888888888889	1059.5	4079.5	2190.6666666666665	1252.5	0.587663	-0.5890888	1.292808219178082	0.8814086973440995	1076	3	23	352.3995043039322	27.510000000000048
1090.8875	1565.0	2087.6666666666665	4704.75	3120.4	2312.166666666667	0.38529488	-0.50077754	0.7229437079956584	0.5778997730479054	1061	3	292	349.9133113026619	27.450000000000045
610.2222222222222	1048.8181818181818	901.375	4921.25	2579.1428571428573	1361.3	0.6903888	-0.6486411	1.7466073342409405	1.0354942578083075	1078	1	180	350.51406967639923	28.140000000000043
649.25	1039.5	822.0	5000.0	2612.25	1415.125	0.7176228	-0.6557662	2.0627514873238044	1.0763417775869473	1116	2	212	349.33332097530365	27.410000000000025
1063.2	1509.3333333333333	1850.9	4661.333333333333	3166.5	2170.5	0.43156213	-0.5108038	0.9015041999555196	0.6472935070784411	1062	3	0	336.8936096429825	27.00500000000005
887.8333333333333	1252.0	1508.0	4606.375	2127.333333333333	1264.5	0.50673616	-0.5725777	1.1070962785628784	0.7600421104274413	1103	2	270	336.8936096429825	27.49000000000001
797.375	1115.7	1579.571428571429	4189.5	2975.0	1937.5	0.45240012	-0.5793938	0.8487444440443987	0.6785413623195583	1040	5	121	352.5247551202774	28.095000000000027
612.75	1051.75	803.8	4498.5	2466.1	1256.0	0.69681084	-0.62100804	1.9541749750088595	1.0451176736818284	994	3	52	359.3450651168823	28.03000000000003
861.6666666666666	1226.571428571429	1451.571428571429	4531.857142857143	2864.0	1856.2142857142856	0.5148028	-0.57399094	1.1358344659017878	0.7721396598030439	1012	1	180	358.7651826143265	28.24000000000001
795.25	1214.2777777777778	1166.9166666666663	4963.5	2002.8	1101.8333333333333	0.61930263	-0.6068885	1.5814814043418797	0.928878226475106	1001	1	232	368.7204202413559	29.07000000000005
1695.0	2094.5	2573.833333333333	3660.3333333333335	3599.333333333333	3034.5	0.17428151	-0.27209014	0.4249563244765456	0.2614013045337895	1070	2	270	369.8996770381928	27.480000000000015
1115.0	1430.1	1753.6666666666667	3934.0	2156.2	1465.25	0.38334408	-0.46678847	0.894385648262094	0.5749655718011074	1037	1	232	342.3492224216461	27.220000000000027
1564.0	2079.4166666666665	2596.3125	3478.0	3216.2	2700.5	0.14515017	-0.2516607	0.300840228610424	0.2177073366461928	1047	2	328	360.3286845684052	27.318333333333385
802.5	1172.0	1311.0	4207.0	2213.0	1353.0	0.52482784	-0.5642313	1.1956566615746669	0.7871704267463984	1075	1	128	357.3766984939575	26.51666666666671
1199.0	1674.0	1752.0	4738.0	2416.5	1696.0	0.46009246	-0.477854	1.19277782216186	0.6900855095909406	1084	1	308	369.7739210128784	26.598000000000013
779.0	1098.5	1135.0	4727.0	2282.5	1289.3333333333333	0.6127601	-0.62286496	1.576683346501624	0.9190618336886992	1061	1	270	365.9378273487091	28.56
932.6	1515.0	1558.5	5010.5	2535.0	1517.0	0.52549857	-0.5356678	1.1712812160694897	0.7881878377349876	1062	3	248	362.7760647535324	28.13000000000005
851.5	1214.4333333333334	1220.0	4244.0	2160.0	1416.6666666666667	0.5534407	-0.5550249	1.4598117306299785	0.8300850947021685	1001	1	270	364.08281922340393	30.04200000000003
631.6333333333333	1006.9166666666666	850.25	4397.0	2579.75	1518.6666666666667	0.6759255	-0.6273382	1.861908761614783	1.0137916249821353	1000	1	180	361.30438566207886	29.063333333333333
953.1071428571428	1287.5	1416.25	3504.5	2720.625	1830.75	0.42437637	-0.46264607	1.0753762005127585	0.636499872999746	1032	3	308	349.6554964184761	29.02333333333337
1762.2	2174.875	2399.5	3242.714285714286	3064.0	2418.75	0.14944741	-0.19710599	0.4764768562618059	0.2241512443352996	1005	2	0	345.1078591346741	29.64500000000004
1141.6666666666667	1482.8333333333337	1557.0	4718.0	2491.0	1556.5	0.503745	-0.52173096	1.4372101482222424	0.7555573261094732	991	1	308	311.6528545618057	27.178
1565.6	1945.75	2394.5	4078.0	3414.6666666666665	2794.0	0.26010042	-0.35397387	0.6277968377088305	0.3901205005407075	1054	3	180	334.53623002767563	27.140000000000043
668.3333333333333	1006.2	936.5	4296.5	2747.0	1633.0	0.6420791	-0.6204952	1.7128874388254482	0.9630266552020637	1001	0	0	319.5304273366928	28.75800000000004
1701.8823529411766	2110.761052631579	2394.1176470588234	3823.0	3841.2	3049.454545454545	0.22983035	-0.2885588	0.658521113014813	0.3447178085042976	1001	3	112	340.8550684452057	28.55000000000001
668.75	959.625	888.5	4418.5	2034.25	1101.5	0.6651592	-0.6431377	1.8638295625544496	0.9976448422044276	1047	0	0	349.2845313549042	31.98333333333335
552.5	960.25	779.5	4472.5	2485.6666666666665	1333.0	0.7031607	-0.6464958	1.8440105857092923	1.0546406473108043	1048	3	292	358.5704251527786	31.598000000000013
1342.4166666666663	1713.6666666666667	2115.25	3016.8	2800.0	2329.0	0.17567053	-0.2754767	0.399539989452552	0.2634801414501564	1062	1	52	358.5704251527786	29.89750000000004
1235.6666666666667	1506.0	1830.857142857143	3758.75	2800.5	2033.0	0.3449067	-0.42789307	0.8799317975835741	0.5173137494170186	1025	2	180	327.5861368775368	30.70500000000004
781.5	1147.4166666666663	1086.0	4282.75	2635.0	1757.0	0.5954366	-0.57739174	1.618279842057305	0.8930716580528006	1022	3	52	329.5375548005104	26.750000000000057
553.25	846.5	664.0	4162.0	2200.75	1164.5	0.7248239	-0.66197467	2.1875488571339234	1.0871231741427536	1034	1	270	332.0194648504257	26.79000000000002
750.6666666666667	1026.5	1018.625	3823.5	2022.0833333333333	1225.8333333333337	0.5792653	-0.57670105	1.6283744557329465	0.8688082393330064	1052	1	180	322.6709760427475	28.31
856.5	1140.75	1197.5	4048.833333333333	2320.0	1533.0	0.5434907	-0.5603693	1.481648277414997	0.815158349480639	1045	0	0	322.6709760427475	28.340000000000032
1041.4583333333333	1379.45	1742.5	3879.75	2825.6666666666665	2010.75	0.3801414	-0.4754145	0.8188932632163759	0.5701613978924903	1026	2	180	339.10668194293976	28.795000000000016
614.8571428571429	954.6458333333331	868.0	4080.0	2273.0	1198.75	0.64915115	-0.62076944	1.716702806706777	0.9736283722340104	1035	3	157	339.10668194293976	27.53666666666669
973.5	1430.5	1370.5	4419.666666666666	2793.0	1798.0	0.5266112	-0.5109541	1.4268667425790449	0.7898486069537186	1039	1	270	333.2960214614868	28.82000000000005
513.0	832.875	641.0	5038.0	2389.375	1158.0	0.77425605	-0.7162689	2.182133995037221	1.161281802975614	1058	3	248	333.2960214614868	28.840000000000032
819.5	1094.0	1281.0	3569.333333333333	2365.166666666667	1559.5	0.47178888	-0.53080773	1.1195185988486815	0.7076103762240165	1097	0	0	364.2929192781448	27.79000000000002
1197.0	1613.5	1965.0	3320.5	2746.333333333333	2125.0	0.25645635	-0.34596676	0.5524535376589501	0.3846481271282633	1077	1	308	377.6054830551148	29.860000000000014
951.75	1350.0	1626.0	3882.666666666667	2173.5	1530.5	0.4096575	-0.4840107	0.867742907131001	0.6144304946301619	1131	4	90	370.4972125291824	30.13000000000005
1329.75	1672.75	2066.4	3331.25	3157.6666666666665	2444.333333333333	0.23433346	-0.33143485	0.5492160259833868	0.3514676324296287	1078	1	232	336.8413593769073	31.363333333333344
740.6666666666666	1093.642857142857	1088.25	3930.75	2149.6666666666665	1426.0	0.5663479	-0.5646667	1.4484076433121018	0.849437194939735	1059	2	212	334.4112426042557	32.360000000000014
844.6666666666666	1168.0	1377.25	4086.0	2064.25	1397.25	0.49581292	-0.55538636	1.1257376776660295	0.7436513383665064	1049	2	212	332.0194648504257	29.696666666666715
396.1666666666667	789.0	485.25	4901.5	2303.0	1148.75	0.8198357	-0.7226957	2.2798255123638427	1.2296394264235	1013	0	0	323.48704320192337	32.77000000000004
743.5	1154.5	933.0	4555.0	2738.5	1598.8333333333337	0.6599854	-0.5955863	1.9780459832887332	0.9898879475266464	1010	1	270	327.5861368775368	33.83000000000004
480.6666666666667	843.2	560.4166666666667	5388.666666666667	2401.0	1152.5	0.8115956	-0.72939086	2.345100864553314	1.2172911268296098	1010	2	270	354.4344391822815	27.82000000000005
1416.0	1766.6666666666667	1999.375	4488.5	2937.0	1980.0	0.383658	-0.43513364	1.060872437454716	0.5754426185292927	1007	3	248	349.0303399562836	28.455714285714294
1121.75	1558.0	2016.75	3283.25	3137.0	2504.5	0.23896226	-0.35636458	0.4541624083337815	0.3584095840015093	1008	1	308	349.0303399562836	28.59333333333336
1273.0	1785.5	2329.333333333333	3354.5	3512.75	2763.5	0.18036537	-0.3052529	0.329254453579993	0.2705242479329149	1012	1	270	352.0665078163147	28.720000000000027
608.3333333333334	938.6666666666666	1269.8333333333337	3818.0	2544.0	1568.0	0.5008353	-0.6053259	0.9265386759750806	0.7511791680314444	1019	1	270	353.3497474193573	27.74000000000001
1135.7272727272727	1614.7777777777778	1906.75	3252.8	2814.4375	2180.0	0.26088515	-0.33651692	0.5448408002378579	0.3912898130832066	1035	3	248	353.3497474193573	26.545999999999992
600.5	935.3333333333334	1136.75	3848.75	2213.0	1400.0	0.54397756	-0.6089812	1.0994891753831184	0.8158844765342961	1015	3	180	354.476948261261	28.442000000000064
478.77777777777777	804.4285714285714	513.7	5732.5	2414.6666666666665	1163.25	0.835516	-0.7538818	2.4970972146019674	1.25317367570077	1001	4	105	354.476948261261	28.480000000000015
613.5	930.0	790.0	4138.25	2358.625	1347.5	0.6793994	-0.63300943	1.95666783543712	1.0189956885620086	1005	1	232	351.64343124628067	29.972500000000025
964.5	1191.25	1426.6666666666667	3880.0	2775.4	1958.5	0.46231157	-0.5301947	1.1778449917582856	0.6934020035800645	1006	3	308	339.08617120981216	28.436666666666724
871.5	1241.3333333333333	1318.5	4386.0	2254.0	1380.0	0.5377334	-0.55882007	1.3309758319954876	0.8065293602103418	1008	2	148	330.19819992780685	28.71000000000004
930.25	1387.0	1680.0	3535.0	3085.0	2332.25	0.3557047	-0.43640795	0.698510722422006	0.5335058958872592	1025	3	68	363.28021931648254	30.07400000000007
732.375	1120.75	1457.5	3505.0	2560.25	1632.0	0.41259447	-0.5154299	0.757414617454754	0.6188293370944993	1018	2	148	365.6252346038818	28.607500000000016
1044.0	1510.0	1899.3333333333333	3931.0	3318.333333333333	2476.8	0.34846494	-0.44495496	0.6774028629856852	0.5226525653851651	1004	2	0	368.8742876052856	28.450000000000045
734.8571428571429	987.1666666666666	1307.25	3912.5	2479.0	1622.0	0.49911395	-0.5970474	1.0428389258674715	0.7485992050189167	1022	3	308	358.9206876754761	30.687142857142877
500.6666666666667	843.5714285714286	764.5	4131.75	2386.833333333333	1288.5	0.6877202	-0.66089773	1.6955788307568356	1.0314749578802267	1014	1	52	328.0078521966934	29.400000000000038
838.0	1152.625	1274.0	4349.0	2675.5	1646.6666666666667	0.5468611	-0.58098745	1.3465580662112453	0.8202187249933315	1004	1	308	336.7977692484856	30.760000000000048
755.0	1041.75	1134.3333333333333	3659.5	2810.6666666666665	1808.25	0.5267531	-0.55682	1.3140958923119626	0.790047278036571	1007	1	180	332.6313489675522	29.720000000000027
498.3333333333333	850.5	700.0	4232.5	2425.5	1322.0	0.7161683	-0.6653551	1.8805898637137992	1.0741435232110277	1005	1	52	323.44755202531815	29.37666666666672
921.8333333333334	1179.5	1437.3333333333333	3104.25	2866.4	2036.25	0.36703426	-0.44931427	0.8653912712421694	0.5504907806623246	1005	0	0	325.19585859775543	32.22000000000003
647.6	885.8	801.5	3162.0	1951.0	1472.0	0.5955595	-0.5623301	1.89446227929374	0.8932265388496468	1010	0	0	327.7144884467125	32.04200000000003
851.0	1251.0	1098.5	4141.75	2691.5	1791.25	0.5807452	-0.53604376	1.7484918126975009	0.8710346801507418	1012	1	308	325.7116850018501	32.23000000000002
688.3333333333334	1003.0	1275.5	3606.5	2455.5	1625.75	0.47746825	-0.5648118	0.955641193834044	0.7161290322580645	1015	1	308	332.8520686030388	30.46000000000004
715.25	936.5	989.75	3294.5	2290.0	1584.5	0.5379588	-0.55731505	1.4890008721775367	0.8068440399089796	1023	1	90	282.386325776577	33.38500000000005
434.5	722.6666666666666	495.0	4198.0	1752.0	861.9375	0.78904754	-0.70627284	2.3674956844191546	1.1834451901565994	1029	1	52	300.6076354980469	30.69000000000005
528.3333333333334	749.8	663.0	3544.0	1816.5	1113.25	0.68481106	-0.65075225	2.022890043533212	1.0270944741532977	1037	1	270	293.5557760000229	28.50666666666672
580.3333333333334	859.0	743.5	3418.5	1922.5	1244.75	0.64271986	-0.5983635	1.8955498866213152	0.963963963963964	1031	1	308	262.4445695877075	28.086000000000013
730.1333333333333	1011.0	1112.0	3529.25	2449.6666666666665	1645.0	0.52081877	-0.55465007	1.278629992065591	0.7811439650993699	1027	2	328	304.7664954662323	29.410000000000025
781.6666666666666	1094.5	1388.6666666666667	3164.5	2412.0	1556.8333333333337	0.3900216	-0.4860296	0.7878586217095533	0.5849681575287313	1023	1	90	296.34587675333023	28.750000000000057
856.2222222222222	1204.5	1251.7142857142858	3342.5	2607.1666666666665	1818.5	0.45509103	-0.47020012	1.1793375199437008	0.6825622609831171	1022	1	90	300.6076354980469	31.620000000000005
466.75	684.2222222222222	643.6666666666667	1958.0	1885.75	1348.875	0.505189	-0.4820858	1.4160785792526351	0.7576378658809964	1017	1	90	312.104468524456	33.96000000000004
518.0	840.3333333333334	815.0	3709.25	2358.5	1406.25	0.6397193	-0.6305889	1.5345156672498808	0.9594728990551964	1026	0	0	333.0702858567238	30.61500000000001
559.3846153846154	844.4545454545455	938.9090909090908	3490.0	2458.291666666667	1548.7142857142858	0.57600886	-0.6103526	1.293900748662495	0.8639157695978327	1047	2	328	357.1237840652466	29.640000000000043
590.4	912.3333333333334	859.5	3747.5	2046.5	1183.0	0.6268721	-0.60842663	1.6125069793411502	0.9402061855670104	1044	1	128	381.9798814058304	29.683333333333337
909.625	1318.1333333333332	1563.5	4115.75	2998.0	1949.5	0.4493991	-0.5148467	0.9558183299160184	0.6740393503235178	1066	4	328	328.51436284184456	29.730000000000015
628.3333333333334	1050.0	921.25	3598.0	2346.5	1308.8333333333337	0.5922996	-0.5481928	1.5160568645219754	0.8883511256153549	1070	3	308	357.1237840652466	29.825000000000045
1064.625	1498.5	1979.75	2873.333333333333	3013.5	2557.5	0.18412693	-0.31447524	0.3300694737295726	0.2761619422076472	1091	1	270	370.40349078178406	28.64600000000001
487.0	718.75	806.0	3150.5	1839.0	1205.0	0.5925692	-0.628481	1.352076124567474	0.8887414708112207	1042	2	328	329.6969759464264	28.480000000000015
1008.1111111111112	1394.6666666666667	1708.0	3310.166666666667	2813.1	2208.75	0.3192733	-0.4071345	0.6677549319255348	0.4788622476089267	1028	2	32	322.4981749653816	30.745000000000005
699.75	1064.5	1214.25	3630.0	2462.0	1446.0	0.49868402	-0.54649055	1.0654508567270162	0.7479488105681408	1018	3	68	311.6601359844208	31.66500000000002
914.25	1314.125	1658.0	3341.0	2739.0	1904.0	0.33666733	-0.43540722	0.6540367239871757	0.504950495049505	1038	2	270	329.6969759464264	28.69000000000005
539.75	799.0	1139.6666666666667	3137.0	2227.6666666666665	1649.0	0.4670304	-0.5940041	0.8423479464957229	0.7004637026068659	1040	1	308	313.3311105966568	29.07800000000003
525.0	801.25	985.0	3197.75	1869.8333333333333	1225.6666666666667	0.529018	-0.5992748	1.0697365240512449	0.7934321400824718	1051	1	90	334.9121814966202	28.02000000000004
825.5	1167.0	1735.3333333333333	3724.0	2736.0	1852.0	0.36426914	-0.522797	0.6257013707537573	0.5463536737995666	1033	2	270	416.7551755905152	28.79666666666668
1295.375	1823.75	2297.25	3395.25	3216.0	2514.5	0.19288537	-0.3011113	0.3677437181301337	0.2893026523801159	1067	4	105	423.4569969177246	31.100000000000023
633.0	1054.0	1490.0	4182.0	2421.5	1517.75	0.47461212	-0.5974026	0.8035341173661275	0.7118554429263992	1105	1	0	407.7202777862549	30.795000000000016
674.7037037037037	993.4642857142856	1116.5882352941176	3172.7	2607.0	1875.4	0.47935966	-0.52307963	1.068009779168844	0.7189556868294609	1031	1	0	323.7147561311722	28.443333333333328
541.1111111111111	843.8	806.8333333333334	4170.0	2449.285714285714	1485.9	0.6757644	-0.663409	1.697311755601911	1.0135447361371552	1013	2	0	318.99123549461365	28.496666666666727
479.9318181818182	728.9615384615385	1065.0	3234.75	1848.5	1302.5	0.50462234	-0.63218236	0.9001227581551202	0.756845532236498	1034	2	180	381.7107014656067	30.04000000000002
478.65931372549016	715.1538461538462	799.0	3117.6	2268.2666666666664	1393.0	0.59199303	-0.62681985	1.3409582311797403	0.887876234969748	1033	7	350	399.7042843103409	29.370000000000005
419.7058823529412	739.375	1113.1666666666667	3345.5	2065.333333333333	1583.0	0.5006728	-0.6379938	0.8114382075646518	0.7509250607363109	1061	0	0	382.3160282373428	29.71000000000004
418.24	727.9230769230769	1052.6666666666667	3372.0	2111.7380952380954	1464.5	0.5241826	-0.6449089	0.8849444970137256	0.7861850777748483	1051	1	52	415.5647075176239	31.31
483.3	739.6666666666666	1157.4	3393.75	2248.0	1733.5	0.4913813	-0.64210397	0.8326693375431905	0.7369909812924984	1060	3	128	415.5647075176239	29.49000000000001
413.8571428571428	742.3333333333334	1008.3333333333334	3405.0	2037.0	1459.5	0.54305136	-0.642019	0.9432618530887936	0.8144847638107464	1058	2	148	389.36426758766174	29.163333333333355
675.0	1044.0	1562.1666666666667	2977.0	2666.5	2215.75	0.3116945	-0.48072618	0.4852964716105279	0.4674902709450033	1065	2	0	435.94146943092346	30.635000000000048
468.16	797.0588235294117	1180.2222222222222	2431.25	2416.625	1879.0	0.3464038	-0.5062066	0.5210545996081188	0.5195338034776322	1059	1	51	435.94146943092346	30.090000000000032
543.5555555555555	858.0	1127.75	3370.5	2326.5	1579.5	0.49858278	-0.5941823	0.9250233721953364	0.7477910530702974	1026	2	90	346.23540914058685	28.28400000000005
601.9	988.3333333333334	1245.3333333333333	3530.0	2323.25	1579.5	0.47843084	-0.56252307	0.8802414435240481	0.7175711045192812	1014	1	0	329.6159598827362	27.510000000000048
1057.6666666666667	1448.25	2017.555555555556	2799.5	2964.1666666666665	2481.8	0.1623283	-0.3181096	0.2803338113448055	0.2434671802204898	1036	2	328	363.5909453630448	28.760000000000048
478.3571428571428	845.3846153846154	740.1111111111111	4251.0	2574.0	1541.0	0.7034283	-0.66824144	1.7193423487920698	1.055036783937495	1086	1	232	385.5072869062424	30.686000000000035
558.6	942.0	884.0	4333.0	2699.4	1548.0	0.6611079	-0.6428436	1.582545654767367	0.9915668423574509	1078	2	148	383.85872292518616	28.80000000000001
912.0	1168.5	1433.25	2723.5	2669.5	2070.5	0.31039876	-0.3995375	0.719363291703836	0.4655421252029587	1094	1	0	644.4730477333069	26.79000000000002
787.25	1064.0	1282.5	2304.0	2312.25	1706.4	0.28481805	-0.36817104	0.6235312070807264	0.4271675494842486	1092	2	90	644.4730477333069	23.654000000000053
698.6666666666667	928.5714285714286	1065.888888888889	2598.666666666667	1996.5	1463.125	0.41827112	-0.47348526	1.020491196922622	0.6273210956329297	1093	4	105	696.6197278499603	25.95500000000004
832.0	1076.0	1291.0	2804.5	2690.5	2191.25	0.36955196	-0.44543228	0.8775948045923693	0.55426025390625	1095	2	328	576.35542345047	26.52333333333337
677.1	934.9333333333332	1052.0	2145.5714285714284	2447.6	1759.888888888889	0.34200063	-0.39299992	0.80877769442889	0.5129207334777656	1096	2	0	604.5924541950226	26.470000000000027
768.25	994.25	1261.3333333333337	2646.75	2655.25	2191.25	0.3545003	-0.45385882	0.7776468056841889	0.5316824083747307	1097	1	128	604.5924541950226	26.882000000000065
670.8333333333333	916.3333333333334	1036.5	3073.5	1845.0	1364.0	0.49562043	-0.54066586	1.1947914833714584	0.743340226249848	1094	0	0	604.5924541950226	26.172500000000014
749.8888888888889	953.3333333333334	1233.5	2171.5	3092.666666666667	2108.333333333333	0.27547723	-0.38983414	0.5937711006076976	0.4131551901336074	1095	1	90	604.5924541950226	27.510000000000048
799.0	1116.5	1217.0	2753.333333333333	2466.0	1763.0	0.38695323	-0.42297256	0.9451257023335932	0.5803567681007344	1093	1	180	566.6780083179474	26.986500000000035
451.24973544973545	678.4864864864865	688.3636363636364	2834.0	2035.1764705882356	1297.2857142857142	0.6091468	-0.61367166	1.4980109816621032	0.9135904416603228	1094	0	0	656.1405878067017	25.53800000000001
795.125	1114.25	1253.571428571429	2736.75	2258.0	1682.3076923076924	0.371694	-0.42131913	0.8631680464247184	0.5574711615045238	1097	1	52	603.1611177921295	25.57000000000005
611.1666666666666	987.1	894.9833333333333	2787.5	1973.5	1350.5	0.513924	-0.4769777	1.3235678085033966	0.7707813864665873	1099	1	270	603.1611177921295	26.785000000000025
644.7	853.5833333333334	987.875	2780.0	1970.3333333333333	1471.1666666666663	0.47563282	-0.53016996	1.156806738962045	0.7133545626430491	1099	3	90	603.1611177921295	28.180000000000007
675.875	926.2608695652174	1122.8333333333333	3042.0	2262.333333333333	1760.0	0.46080276	-0.53316534	1.0184632393587618	0.6911211587708068	1096	3	68	566.6780083179474	27.20200000000005
731.8	995.1666666666666	1078.8214285714284	3030.0	2407.0	1710.75	0.47487548	-0.50552773	1.214800946349794	0.7122265580865803	1096	1	128	566.6780083179474	27.736666666666736
540.0666666666667	926.7142857142856	1010.0	2346.5	2016.125	1580.0	0.39818263	-0.43375885	0.7668694055542804	0.5971849865951743	1093	1	180	671.0073974132538	24.970000000000027
802.625	1060.8333333333333	1366.5	2675.666666666667	2347.6	2034.0	0.32387745	-0.43217805	0.6739972628246105	0.4857561015831135	1094	2	328	656.1405878067017	25.556666666666672
795.1025641025641	1038.6666666666667	1241.6	2513.6	2515.0	1937.923076923077	0.3387303	-0.41520905	0.7948150526512101	0.5080277977474239	1093	2	0	693.6214182376862	22.950000000000045
829.1666666666667	1060.0	1315.0	2715.0	2219.5	1577.0	0.34739456	-0.4384106	0.7977662544874353	0.5210271678451805	1094	4	75	693.6214182376862	22.483333333333405
714.775	963.0142857142856	1069.5	2435.0	2111.5	1502.75	0.38964188	-0.43318996	0.9775391498881432	0.5843794579172611	1092	1	231	737.8647394180298	23.250000000000057
825.5	1104.5	1312.6666666666663	2777.0	2485.0	1859.0	0.3580569	-0.4308901	0.8203088529120685	0.5370196813495783	1094	1	309	683.7591540813446	26.51800000000003
290.5625	477.2	223.8125	87.83333333333333	174.125	141.55555555555554	-0.43632597	0.6891039	0.4547734842045122	-0.6534405659747715	1094	1	0	683.7591540813446	26.896666666666704
678.5	937.875	1097.3333333333333	2484.5	1884.0	1339.5	0.3872784	-0.4519157	0.8711716803784881	0.5808365125151206	1092	3	248	693.6214182376862	24.53800000000001
752.0	1001.3333333333331	1253.5	2621.5	2313.0	1743.3333333333337	0.35303226	-0.44720984	0.7594093482846674	0.5294800670881177	1093	1	180	737.8647394180298	24.937500000000057
611.0	932.6666666666666	1141.25	3099.6666666666665	1882.375	1525.5	0.4617909	-0.53740597	0.9124759271914022	0.6926046721810716	1100	1	128	564.077655673027	26.450000000000045
672.2857142857143	861.4615384615385	1117.6923076923076	2764.0	1835.0	1371.1	0.4241211	-0.5247714	0.9292750099245736	0.6360997453857358	1100	1	308	564.077655673027	27.176666666666733
730.375	1056.5	1764.3333333333333	2655.0	3055.75	2447.833333333333	0.2015387	-0.4306884	0.2867868230470564	0.3022738413967344	1101	2	90	390.7735140323639	30.356666666666683
509.25	808.3333333333334	930.75	3564.5	2469.0	1639.0	0.58589625	-0.6302931	1.2351975612615782	0.8787465940054495	1087	3	292	409.5525217056274	29.414000000000044
394.8333333333333	635.625	900.5	2589.0	2099.0	1406.3333333333337	0.48388022	-0.6057681	0.8389228399662145	0.7257163323782235	1075	3	68	390.7735140323639	30.970000000000027
718.0	1004.2	1358.0	2337.0	2225.0	1843.5	0.26495263	-0.3988986	0.4798078808076848	0.3973751860370721	1076	0	0	400.4129366874695	30.183333333333398
701.0	1033.5	1353.0	2192.333333333333	2025.0	1484.0	0.23674314	-0.35923535	0.4151963855819016	0.3550646298472386	1068	1	308	388.59405982494354	30.00500000000005
1404.5	1921.6666666666667	2459.0	3537.5	3639.0	3017.0	0.17985491	-0.29598534	0.347510874818753	0.2697598799399699	1077	4	162	387.56389117240906	29.81
485.2	793.0	1177.6666666666667	3795.5	2160.0	1710.5	0.5263916	-0.65435326	0.9060127823538912	0.7895080758662287	1083	2	148	387.56389117240906	30.090000000000032
736.1666666666666	1105.2	1640.6666666666667	2708.0	2539.0	2155.0	0.24543922	-0.4203294	0.3794693118119007	0.3681164974132975	1093	1	270	400.5384435653687	29.763333333333374
1445.7	1816.6666666666667	2201.6666666666665	3476.6666666666665	3711.9	3021.5	0.22453772	-0.313602	0.5453456707395314	0.3367769201420479	996	4	62	353.64130318164825	28.170000000000016
1117.1818181818182	1434.6896551724135	1830.7857142857144	3358.8888888888887	3580.3125	2774.0	0.29445067	-0.40141186	0.6403661963484373	0.4416334588248247	1001	4	18	355.5008652210236	28.00250000000005
1376.3333333333333	1753.8333333333333	2008.142857142857	3728.8	3485.75	2540.5	0.2999258	-0.36022228	0.7884015699170792	0.4498494849621908	1001	3	157	332.5259289741516	31.05000000000001
1320.7272727272727	1637.1666666666667	1693.3333333333333	3177.222222222222	3438.1428571428573	2680.75	0.3046652	-0.319886	1.080679664787373	0.4569509232541429	1001	5	281	353.64130318164825	28.75666666666672
994.6666666666666	1308.05	1501.388888888889	2573.2	2992.0	2375.0	0.26304767	-0.32596457	0.6499711612061623	0.3945230915208393	998	1	232	345.81941187381744	29.098000000000013
1682.7142857142858	1877.6666666666667	2066.428571428572	2976.0	3726.8	3310.5	0.18038361	-0.2262894	0.8253182277759051	0.2705485757992096	997	3	180	355.5008652210236	29.736666666666736
1626.7142857142858	1962.0	2272.1428571428573	3290.4	3658.6666666666665	3019.6	0.18305606	-0.25291297	0.5388858479525085	0.2745594009444985	1003	7	20	361.20742762088776	26.555000000000007
1195.75	1441.5	1697.5	3745.3333333333335	2964.5	2021.0	0.37624398	-0.44416952	1.0315068378149217	0.5643141457440294	1002	1	128	361.20742762088776	26.476666666666688
931.6	1246.4	1438.3333333333333	3867.0	3001.0	1978.0	0.45777833	-0.5124966	1.1017359220952037	0.6866027956651486	1003	3	157	362.3491921424866	26.9855
1383.6666666666667	1697.6	1959.625	3752.0	3537.5	2678.6666666666665	0.31381175	-0.3769818	0.8729240734427507	0.4706764120182944	1002	1	308	362.3491921424866	27.463333333333367
798.1428571428571	1189.3333333333333	1262.6	3734.1111111111113	2900.0	1931.6666666666667	0.49462757	-0.5168694	1.1604123745760575	0.7418671303326967	1003	1	52	332.6455657482147	28.69000000000005
1633.4	2075.818181818182	2331.0	3635.0	3784.8	2964.25	0.2185719	-0.2730225	0.6069068230475658	0.3278303863236403	1003	2	270	354.3103936910629	29.90666666666669
989.0714285714286	1306.5454545454545	1422.857142857143	3362.5	2918.333333333333	1968.5	0.40532875	-0.44033724	1.0817604550923012	0.6079296140413719	1000	1	128	354.3103936910629	28.150000000000038
837.7916666666667	1189.5	1275.475	3955.666666666667	3041.25	2204.5	0.5123531	-0.5376243	1.2580509896664138	0.7684562047923136	1004	3	157	374.9556959867477	26.470000000000027
927.5555555555557	1252.0	1509.7777777777778	3771.25	3135.75	2226.25	0.4282258	-0.50151795	0.9624514713462238	0.6422778552081416	1003	2	0	373.6944084167481	26.685333333333347
1552.4166666666663	1918.5	2212.0	3554.375	3941.5	3234.75	0.23279357	-0.29890597	0.6473332690360223	0.3491600736967595	1004	1	90	363.7734749317169	26.856666666666683
917.4	1315.0	1759.0	3694.3333333333335	3057.0	2191.5	0.35489	-0.47498003	0.6565942143713388	0.5322861595819454	1005	1	0	363.7734749317169	27.55000000000001
972.6666666666666	1305.0	1698.0	4122.333333333333	2962.5	2001.6666666666667	0.41652825	-0.51910084	0.8638177585633522	0.624738725841088	1006	5	166	377.20636236667633	27.890000000000043
876.3333333333334	1271.0	1767.875	4233.333333333333	3082.0	2029.0	0.41082698	-0.538182	0.7453844138306343	0.6161891405919148	1007	4	255	381.71300518512726	29.010000000000048
608.6363636363636	996.8	955.0	4194.166666666667	2581.25	1556.0	0.62906617	-0.6159482	1.5106943180340653	0.9435076703993788	1006	3	232	377.20636236667633	28.750000000000057
542.8888888888889	919.5	641.8	4416.833333333334	2578.0	1405.6	0.7462556	-0.6553813	2.248667688568729	1.1192727344604476	1004	1	180	378.5308811664581	28.930000000000007
539.7272727272727	931.4545454545456	875.0	4139.5	2703.5	1563.0	0.65101206	-0.6326315	1.5275958004356114	0.97642073778664	1002	1	52	378.5308811664581	27.99000000000001
540.2	978.8333333333334	689.0	4586.0	2573.375	1351.0	0.73876774	-0.6482075	2.0864118213941536	1.1080466306511232	1004	2	212	373.6944084167481	27.650000000000038
547.8	857.7777777777778	1191.5	3611.5	2285.5	1581.3333333333333	0.5038518	-0.6161448	0.9093641966030362	0.7556989695014052	1003	3	23	372.8585475683212	27.40500000000003
421.75	615.0	730.0	3408.0	1955.5	1313.0	0.6471726	-0.69425803	1.447293755235496	0.9706415367886916	984	2	128	385.45362651348114	28.470000000000027
674.0	1051.571428571429	1452.5	2673.0	2328.0	1670.6666666666667	0.29584292	-0.43533292	0.4817256078307547	0.4437106156083373	991	1	180	385.45362651348114	26.988
1237.125	1705.0	1941.6666666666667	4199.5	3339.0	2610.0	0.36765543	-0.42247438	0.8588754798563363	0.5514382632293079	986	2	232	372.8585475683212	28.53000000000003
1387.4	1820.25	2134.333333333333	3856.0	3836.0	2767.0	0.2874075	-0.35864347	0.687841257158077	0.4310752538600638	991	3	232	374.1576043367386	26.46000000000004
604.5833333333334	993.2631578947368	1188.571428571429	3302.2	2323.2	1711.75	0.47066048	-0.5375292	0.8955668370185056	0.705912102522671	1015	4	0	388.3866539001465	28.25500000000005
605.2727272727273	863.2	1181.6666666666667	3750.5	2374.0	1718.75	0.52083266	-0.6258101	1.0190621476261572	0.7811697526692795	987	1	0	399.8088867664337	27.200000000000045
1223.5	1646.25	2167.5	4077.8	3130.5	2265.0	0.305878	-0.4247954	0.6039481255256054	0.4587803003618432	987	2	52	399.8088867664337	26.443333333333328
630.1458333333333	961.1	1419.25	4268.0	3003.0	1947.0	0.50090116	-0.63240325	0.883782075394871	0.7512856577732847	979	2	232	419.18754160404205	26.79000000000002
1178.25	1635.3333333333333	2042.0	4073.3333333333335	3388.0	2534.0	0.3321705	-0.42706996	0.6780641679694237	0.4982150156697098	981	1	0	386.7058471441269	28.69000000000005
864.8095238095239	1253.7058823529412	1559.857142857143	3492.6666666666665	3002.5	2224.6	0.38254339	-0.4717204	0.7589481045463216	0.5737582871170963	981	2	308	421.636158823967	28.41666666666669
538.6666666666666	869.75	1187.0	4157.75	2708.5	1754.25	0.5558258	-0.65400296	1.0257052100956394	0.8336607268135261	986	2	308	437.6210803985596	27.56
860.0	1318.0	1752.8	3833.2	3100.5	2332.5	0.37243107	-0.48827457	0.6582711049234273	0.5585966168441778	982	1	270	443.9139949083328	27.75400000000002
474.1111111111111	797.4285714285714	1001.0	3904.625	2256.0	1455.5	0.5918971	-0.6608169	1.1421177534925495	0.8877551020408163	989	1	0	399.8088867664337	26.55000000000001
794.0	1238.1818181818182	1692.7142857142858	3596.6666666666665	2802.5	2258.0	0.35995752	-0.48780945	0.6103231203214108	0.5398852256104422	983	3	291	423.4827206134796	26.49000000000001
808.1666666666666	1180.0	1674.0	4317.833333333333	3087.25	2065.333333333333	0.44123948	-0.57074	0.7961834589787089	0.6618039717416698	980	2	212	413.6703637838364	27.430000000000007
1118.0	1572.5	2083.6666666666665	3762.0	3504.6666666666665	2875.0	0.28710726	-0.41044146	0.5324661590524535	0.4306240556490008	975	2	148	413.6703637838364	27.46000000000004
739.8333333333334	1046.8333333333333	1567.6	4204.666666666667	3035.0	2033.5	0.45685115	-0.60132027	0.8176934001170024	0.6852173712200391	978	2	128	423.4827206134796	28.05000000000001
805.6666666666666	1116.2	1514.0	3353.6666666666665	2610.6666666666665	1832.0	0.37793604	-0.5005668	0.7190504729395211	0.5668458351877845	979	2	308	423.4827206134796	27.11666666666673
1142.3333333333333	1555.5	1950.0	4119.333333333333	3111.0	2214.0	0.3574253	-0.45179006	0.747753751407496	0.5360937971937725	971	2	232	433.691338121891	27.77000000000004
738.0	990.25	1315.6666666666667	4129.4	2510.0	1674.5	0.5167491	-0.61315715	1.08397283775593	0.7750524891808014	970	1	0	433.691338121891	27.19000000000005
1587.5	2139.6666666666665	2577.5	4274.125	3724.0	2819.5	0.24762374	-0.33279195	0.5414386239249414	0.3714085046609628	967	1	0	433.691338121891	27.936666666666667
732.3333333333334	1179.8333333333333	1234.0	4127.0	2842.5	1750.6666666666667	0.5396381	-0.55535316	1.1975329083533406	0.8093817028816561	965	2	308	433.691338121891	28.450000000000045
613.5555555555555	915.8888888888888	1375.375	4063.0	2861.6666666666665	1877.0	0.49419633	-0.63209105	0.870955981636511	0.7412263565535152	967	1	270	440.300837635994	26.936666666666724
660.8	1065.571428571429	1441.625	3702.6666666666665	2700.0	1844.0	0.43952438	-0.55305445	0.7641321857855783	0.6592225146790849	972	0	0	443.9139949083328	27.48333333333335
723.2	1125.5	1326.5	4069.25	2311.5	1329.0	0.50831676	-0.56667787	1.0380946973997958	0.762404447533009	967	0	0	440.300837635994	27.95500000000004
669.6	1054.0	1448.0	3990.0	2866.0	1936.75	0.46745127	-0.58207774	0.8299595141700405	0.7011124390916612	983	2	90	442.86879646778107	28.446000000000023
1182.142857142857	1623.3333333333333	2144.2	3767.0	3430.5	2649.0	0.2745297	-0.39768723	0.5223294506703159	0.4117597307035202	982	2	147	457.5656374692917	27.422000000000025
1563.75	2098.5	2534.125	4307.0	3989.5	2954.0	0.25914964	-0.34478182	0.5693514459591824	0.3886960334715802	966	2	33	472.3641996383667	28.213000000000022
1497.3333333333333	1960.0	2454.5	4242.0	3975.5	3204.5	0.2669305	-0.36794582	0.5773578811369509	0.4003658354487083	966	2	0	497.7158496379852	29.40600000000001
542.6666666666666	813.5	1223.0	3899.0	2636.75	1619.5	0.5224522	-0.654748	0.9333147321428572	0.7836017569546119	1027	4	118	430.0507878065109	27.180000000000007
684.25	1036.5	1542.5	3179.5	2408.25	1679.0	0.34667513	-0.50830173	0.5603381882284482	0.5199576495500264	1047	2	213	436.1185766458512	27.390000000000043
941.0	1375.3	1822.8	3753.6666666666665	2915.25	2352.6666666666665	0.3462527	-0.46371263	0.6323274488142906	0.5193324925736214	1045	1	180	436.1185766458512	28.120000000000005
669.5	1050.2	1490.0	2922.333333333333	2670.5	1923.0	0.3246204	-0.47126937	0.5233542415200049	0.4868754012916871	1055	1	0	452.5681965351105	27.88000000000005
681.25	1049.6666666666667	1330.0	2722.0	2513.0	1945.0	0.34353405	-0.44339374	0.6221368075264252	0.5152375077112893	1068	2	270	451.06856405735016	28.33000000000004
562.0	921.0	1254.5	3617.6666666666665	2710.5	1759.0	0.48503405	-0.59415394	0.8524312235475183	0.7274763989601861	1012	0	0	442.86879646778107	29.370000000000005
542.4285714285714	860.0833333333334	1245.5	3412.5	2309.75	1596.5	0.46522114	-0.5973942	0.7945545591686222	0.6977567886658795	1023	0	0	438.6737539768219	28.07400000000007
661.75	1015.2802197802198	1387.0	3230.75	2634.166666666667	1951.0	0.39927453	-0.52177435	0.6993835941204363	0.5988469658420397	1042	2	308	452.5681965351105	28.430000000000007
987.0	1515.2	1829.8	3739.75	3220.0	2398.0	0.34292716	-0.42332467	0.6525683164663355	0.514344575003815	985	3	111	476.6942256689072	29.463333333333367
496.25	750.3333333333334	1074.2	2636.5	2038.5	1566.0	0.4210257	-0.5569116	0.728572561126319	0.6314534382410002	1043	2	232	449.3284940719605	29.450000000000045
731.4	1122.0	1363.75	2827.0	2549.5	2044.5	0.34916183	-0.4317549	0.6621040723981901	0.5236802863107665	1050	2	213	449.3284940719605	28.71000000000004
698.0	1032.0	1583.0	4255.5	2835.0	1879.5	0.45773745	-0.60964537	0.7842302952051177	0.6865473539989725	1027	2	128	464.8587095737457	29.07666666666671
552.5714285714286	808.2	1053.0	3040.166666666667	2145.0	1615.25	0.48548394	-0.57997763	0.9526423924209564	0.7281369595309829	1000	4	0	440.5039237737656	28.46000000000004
549.6666666666666	888.9285714285714	879.0	3614.5	2486.0	1514.0	0.6087682	-0.6052214	1.434602475351374	0.9130507343124166	1004	2	128	435.7403596639633	26.823333333333323
540.5	803.8571428571429	741.0	4045.5	2407.0	1295.75	0.6903792	-0.6684686	1.8611658687693609	1.0354606225193232	1008	2	128	455.9682881832123	27.49000000000001
470.57142857142856	798.0	932.1428571428572	2867.0	1770.6666666666667	1230.75	0.50928783	-0.56452936	0.9808522348715274	0.7638311871416487	1110	3	308	514.2705198526382	26.853333333333357
481.0	777.3333333333334	970.0	2929.5	1741.6666666666667	1325.0	0.5025003	-0.5805944	0.9525082636593428	0.7536538461538462	1078	1	0	534.7694355249405	27.163333333333355
532.0	876.4	1252.1666666666667	2382.0	1961.5	1509.0	0.310892	-0.46206728	0.478256575234225	0.4662738444607482	1061	2	232	534.7694355249405	27.203333333333376
545.8333333333334	921.6666666666666	1261.75	2718.0	1856.0	1550.0	0.36591494	-0.49354336	0.5876003712222088	0.5488034671188996	1036	3	69	522.7004826068878	26.220000000000027
801.5	1243.75	1591.0	3278.0	2757.333333333333	2105.0	0.34647772	-0.44988114	0.618968996514401	0.5196632097751309	1036	5	101	510.2745493650437	26.82000000000005
548.8333333333334	920.8333333333334	1121.8	2920.0	1972.0	1488.6666666666667	0.44490078	-0.52050334	0.8121144240409717	0.6672686341934048	1024	3	111	501.9471628665924	27.0266666666667
666.7142857142857	1065.0	1196.6666666666667	2610.5	2153.0	1704.0	0.37136102	-0.42048702	0.7377328204822389	0.556968397093583	1019	2	270	501.9471628665924	27.162000000000035
607.8571428571429	1012.75	1049.3333333333333	3140.0	2073.0	1404.25	0.4990452	-0.5122509	1.0714616920230966	0.748478459763714	1011	1	90	489.2361619472504	27.9283333333334
780.0	1139.4	1395.5	3218.333333333333	2711.25	1901.0	0.39508	-0.4770676	0.7935943576943171	0.5925558043776638	1016	1	90	483.0912085175514	28.590000000000032
461.0	775.5	1067.0	3003.5	2127.75	1441.5	0.47574008	-0.589574	0.8137922339889058	0.7135224760501105	1023	2	308	489.2361619472504	28.485000000000014
681.0	1043.0	1324.0	2834.0	2039.0	1620.0	0.36315536	-0.46195513	0.6656087454817949	0.5446675483948539	1025	1	0	522.7004826068878	26.403333333333364
471.0	885.3333333333334	1010.0	2578.0	1990.3333333333333	1515.0	0.43701226	-0.48873916	0.7676490747087046	0.655427058659607	1022	0	0	522.7004826068878	27.81
543.125	865.8333333333334	1105.6	2381.0	2156.5	1682.5	0.3658005	-0.4666598	0.6451629221014082	0.5486220641794042	1021	2	308	498.81441593170166	27.100000000000023
535.3333333333334	796.8	1119.0	2528.0	2230.5	1653.0	0.38634494	-0.52069294	0.6737758224942616	0.5794379712131597	1040	1	180	524.3524463176727	28.025000000000038
384.0	807.5	929.5	2786.0	2000.5	1452.0	0.49966356	-0.5505774	0.8463256746900073	0.7493945102260495	1073	4	90	524.3524463176727	27.476666666666688
527.1428571428571	803.8571428571429	1072.5	2726.0	2130.333333333333	1704.0	0.43530342	-0.54453844	0.7936654872596616	0.6528691760989734	1061	0	0	529.1397154331207	28.410000000000025
617.75	938.75	1245.75	2648.1666666666665	2512.0	1903.0	0.3601558	-0.47656995	0.6385602513413219	0.5401643378340786	1023	3	249	522.4386384487152	27.4614285714286
722.75	1112.75	1495.75	2672.75	2819.0	2268.0	0.28235576	-0.4120988	0.4724915196403123	0.4234828496042216	1037	3	23	529.1397154331207	28.403333333333364
602.0	920.0	1269.3333333333333	2671.0	2353.0	1815.0	0.35572287	-0.4876079	0.6069923205727814	0.5335165997039544	1085	4	62	512.4803121089935	27.674000000000035
537.0	800.5384615384615	1001.5	2390.0	2103.0	1506.0	0.40940586	-0.4981797	0.7938822184105203	0.6140182783018868	1095	2	308	521.8824008703232	26.750000000000057
528.4285714285714	914.8	1192.0	2815.0	2324.5	1806.5	0.4050412	-0.5094643	0.6757110400038067	0.6074859638178416	1051	2	0	565.3536994457245	28.430000000000007
738.5	1136.0	1618.3333333333333	2451.5	2959.0	2354.0	0.20471764	-0.3666899	0.3144618481474492	0.3070387355662927	1050	2	180	565.3536994457245	27.11666666666673
591.5	1007.6666666666666	1580.6	3127.0	2931.0	2391.0	0.3284901	-0.5125766	0.4728849529377948	0.4926828232195578	1057	2	180	563.3276499509811	27.178
621.75	1016.6666666666666	1296.25	2725.5	2095.5	1709.5	0.35538012	-0.45664278	0.6117448156312196	0.5330039157188141	1018	1	0	563.3276499509811	27.170000000000016
604.0909090909091	928.6363636363636	1044.25	2663.333333333333	1977.0	1566.0	0.43669507	-0.4829375	0.9201111440222632	0.6549542665797694	1016	2	232	563.3276499509811	26.733333333333405
448.33333333333337	824.0	541.8333333333333	5026.5	2289.5	1280.1666666666663	0.8053876	-0.71831465	2.2806482234879306	1.2079729446622574	1024	4	128	510.925117611885	25.903333333333364
539.875	927.2142857142856	1242.5	2853.75	2172.875	1648.0	0.39334756	-0.50953555	0.6433997863653153	0.5899493500945872	1032	0	0	516.5351328849792	25.898000000000025
660.8	1095.142857142857	1370.5	4227.5	2765.333333333333	1944.75	0.51036084	-0.58849657	0.9529050763791608	0.7654728945253193	1026	0	0	510.6761325597763	26.49000000000001
728.3636363636364	1182.6666666666667	1436.6666666666667	3024.333333333333	2325.75	1940.25	0.35589927	-0.43776247	0.6419892562712595	0.5337890843886586	1026	2	232	510.925117611885	25.730000000000015
551.2727272727273	993.3	1146.3333333333337	3635.6666666666665	2187.0	1681.5	0.52056324	-0.57083297	0.9754255642526024	0.7807631991636172	1026	4	320	511.7133564949036	25.55000000000001
604.8695652173913	929.0454545454544	999.5	3709.75	2584.6	1759.1666666666663	0.5755163	-0.5994454	1.3102544807915029	0.8631827591698074	1027	0	0	536.7537612915039	25.850000000000023
831.4047619047619	1184.8166666666666	1472.5238095238096	2576.2	2735.714285714286	2178.6	0.27259853	-0.36994871	0.5329907798472948	0.4088473158289007	1024	1	0	492.4894995689392	25.870000000000005
537.75	938.0	922.3333333333334	3875.5	2234.0	1458.0	0.6155209	-0.6102628	1.3729592350666755	0.9231851337269886	1026	4	105	510.6761325597763	27.30000000000001
413.9090909090909	793.6666666666666	618.0	4349.0	2540.333333333333	1398.0	0.75115764	-0.69134045	1.8829428983033745	1.1266230498238552	1029	1	180	543.7486449480057	27.965000000000032
592.625	940.6666666666666	1043.8	3340.6666666666665	2922.333333333333	2047.25	0.52386457	-0.56057304	1.1128706251155778	0.7857072269648573	1026	3	157	510.6761325597763	25.522000000000048
338.0	593.7142857142857	529.6666666666666	3634.5	2003.4	1133.6666666666667	0.7456074	-0.71916544	1.814206692376612	1.1182767728509684	1036	5	300	522.6233458518982	25.640000000000043
771.0470588235294	1183.642857142857	1511.6666666666667	3441.8	2861.0	2221.0	0.38965303	-0.48820344	0.7169942484178853	0.5844205653382137	1039	2	0	516.5351328849792	26.27000000000004
421.625	859.5	942.0	3435.5	2133.0	1360.0	0.5696174	-0.59976715	1.0518766939812911	0.8543284604842394	1089	4	90	501.4291775226593	26.88333333333333
476.3333333333333	877.5	1041.5	3301.0	2055.0	1526.0	0.5203224	-0.57999283	0.9448440244208413	0.7803937370481233	1067	2	128	513.5162637233734	27.480000000000015
340.2	739.8	922.6	3553.5	2046.5	1462.8	0.5877661	-0.65537	1.0059110512953844	0.8815507304650851	1080	4	118	513.5162637233734	28.000000000000057
717.25	1053.2	1356.5	3413.5	2561.0	1948.0	0.4312369	-0.5284214	0.83291154617051	0.6467875484750026	1027	2	180	530.4129685163498	26.826000000000025
668.6666666666666	1062.0	1173.4	3158.0	2414.0	1720.0	0.45818904	-0.49668247	0.9570056322814596	0.687204229091161	1014	1	180	524.0784007310867	26.88333333333333
433.2	854.25	604.0	4997.0	2637.0	1325.0	0.7843242	-0.7080111	2.0440163781872327	1.1763813264304204	1018	2	308	524.0784007310867	27.360000000000014
671.6	1117.0	1430.0	3276.25	2780.75	2098.5	0.39229748	-0.49149263	0.6767530515743558	0.588383704254528	1178	4	285	522.2323778867722	25.95666666666665
700.3333333333333	1122.2	1505.25	3618.5	2948.5	2309.5	0.41244206	-0.5265678	0.7140805568696357	0.6186027223496121	1207	2	128	522.2323778867722	26.626666666666665
473.6	888.2380952380952	1075.5	2426.083333333333	2353.5	1669.5	0.38570645	-0.46400002	0.6337097455307568	0.5784770969660915	1231	3	157	475.2970042228699	26.160000000000025
564.8333333333334	1020.3	1219.9166666666663	2965.5	2563.5	1946.25	0.4170632	-0.48803252	0.7213452346515697	0.6255200971511619	1124	1	90	553.899410367012	26.545999999999992
660.0	1186.0	1495.3333333333333	3280.6666666666665	2756.0	2170.0	0.3738135	-0.46895522	0.6111085756012962	0.5606615722809589	1095	2	128	553.899410367012	25.52000000000004
429.55555555555554	677.4285714285714	942.3333333333334	3535.5	2198.0	1497.0	0.57911193	-0.6784049	1.0861279423672967	0.8685708969110532	1096	2	52	536.7537612915039	27.21000000000004
783.5	1187.3205128205127	1450.6666666666667	3173.6666666666665	3012.0333333333333	2345.5	0.37259424	-0.45548084	0.7176276222077218	0.5588309488630221	1029	2	180	505.7818965315819	24.29000000000002
728.6	1199.0	1575.75	3070.833333333333	2906.5	2017.3333333333333	0.32175973	-0.43838558	0.5292830001652074	0.4825876445799336	1024	3	69	495.8331669569016	25.15666666666669
825.7	1091.75	1183.6666666666663	2527.0	2600.5	2204.0	0.3620194	-0.39661485	0.9770407544791138	0.5429559437732969	1025	2	270	495.8331669569016	25.934000000000022
605.625	990.9090909090908	1026.8333333333333	3032.8	2239.5	1720.25	0.4941251	-0.5074648	1.0778711243772543	0.7410963515155496	1021	2	232	495.8331669569016	26.83400000000006
936.5714285714286	1497.428571428571	1573.6	3270.0	2963.0	2404.5	0.35023537	-0.3718087	0.7455635865006456	0.5252988171177309	1024	1	90	502.4200641512871	27.470000000000027
605.5882352941177	994.8888888888888	975.3333333333334	3888.5	2360.25	1560.0	0.5989446	-0.59254164	1.4006718103620577	0.8983245391626122	1021	2	33	495.8331669569016	26.306666666666672
1163.0	1559.5	2020.25	3421.1666666666665	3662.5	2532.5	0.2574544	-0.3737786	0.5134446697778973	0.3861461188613081	1004	2	213	524.0784007310867	27.950000000000045
806.8571428571429	1198.0	1505.0	2968.0	2672.0	2154.0	0.32707354	-0.424868	0.6149568851632119	0.4905554934614954	1028	2	180	503.3149663209915	27.29000000000002
937.0	1310.5	1695.0	3099.6666666666665	2870.5	2082.0	0.2929644	-0.4056914	0.562481646600283	0.4394007855131904	1035	2	0	503.3149663209915	27.63000000000005
741.25	1256.0	1138.0	3753.5	2438.0	1568.0	0.5347031	-0.49855274	1.3017295010576089	0.801972608340147	998	1	0	521.5217486619949	26.81
857.5	1246.25	1522.3333333333333	4124.666666666667	2926.333333333333	2240.0	0.46083465	-0.5359265	0.952758692229775	0.6911907923860117	1009	0	0	522.5058596134186	26.57666666666671
853.1666666666666	1237.8333333333333	1658.5	3495.0	2820.5	2418.0	0.35635975	-0.47691658	0.6514028304898379	0.534487776484284	1005	3	291	499.7345781326294	27.126000000000037
916.0	1299.5	1726.0	3560.0	2901.0	2386.5	0.34695423	-0.4651713	0.6506314743862636	0.5203821053627163	1031	4	270	499.7345781326294	27.981666666666683
746.75	1111.25	1492.0	3367.6666666666665	2758.5	2096.0	0.38596612	-0.50378627	0.6977883321655992	0.5788896128390659	983	2	0	524.5908128023148	27.11500000000001
1075.0	1530.0	2028.0	3780.0	3152.0	2802.5	0.30165288	-0.42372882	0.5553794458885437	0.4524403890849617	1004	3	111	499.7345781326294	27.903333333333364
1078.0	1423.5	1782.8	3313.0	3215.0	2471.0	0.3002865	-0.39892325	0.64556684329542	0.4503855738476934	961	2	52	524.5908128023148	27.470000000000027
855.0	1201.75	1458.0	3716.0	2873.5	1981.0	0.43641284	-0.5112602	0.932672449401074	0.6545559957483815	983	2	180	521.2365399599075	27.55666666666673
724.4	1060.0	1551.0	2321.5	2825.0	2454.333333333333	0.19896707	-0.3730593	0.3109111451860221	0.2984120836560806	1025	2	232	522.4386384487152	28.470000000000027
1299.0	1760.3333333333333	2477.75	3286.0	4094.0	3368.0	0.14022988	-0.30233172	0.2402360004755677	0.2103265819490827	1023	0	0	534.6975518465042	26.22333333333336
855.1666666666666	1139.3333333333333	1434.3333333333333	2855.0	2829.0	2130.75	0.3312092	-0.42952517	0.7035441324551412	0.4967558957224446	1018	0	0	498.81441593170166	28.075000000000045
879.8571428571429	1230.8	1695.0	2914.833333333333	3075.0	2092.6666666666665	0.2646155	-0.4062186	0.4701137823453845	0.3968801966596775	1013	0	0	489.39295852184296	28.06
673.3333333333334	1080.6666666666663	1431.5	3434.5	2506.5	1849.0	0.41163173	-0.52131706	0.7179726145243387	0.6173841569916778	1003	2	180	498.6388018131256	27.463333333333367
678.5	1050.0	1165.3333333333333	3006.5	2472.333333333333	1827.1666666666663	0.44133276	-0.48231235	0.9373143952892464	0.661919789086842	993	1	90	480.408997297287	26.55333333333334
671.5	1155.5	1532.75	3268.75	2806.5	2182.0	0.36155367	-0.47765157	0.5841184387617766	0.5422740524781341	1024	2	232	499.7249334454536	28.99000000000001
452.5	736.8333333333333	1076.0	3416.0	2228.6666666666665	1401.0	0.5209261	-0.6451419	0.90288227804144	0.7813021702838063	990	2	270	482.05557429790497	26.512500000000045
349.05882352941177	613.0	814.75	2698.5	1869.5	1282.0	0.53618443	-0.62977505	0.9475491472464525	0.8041622198505869	1014	2	180	453.0586932897568	28.160000000000025
462.25	847.1666666666666	1074.75	2479.0	2194.333333333333	1540.0	0.39514598	-0.4906048	0.6427803080584991	0.5926355771259759	1002	2	147	470.4271340370178	28.160000000000025
996.25	1314.5	1760.5	3087.5	3095.0	2488.75	0.27372113	-0.40277147	0.5368448732730545	0.410539342064556	995	3	249	480.408997297287	27.19000000000005
1000.0	1368.0	1784.25	2789.833333333333	3329.75	2735.0	0.21984369	-0.34196496	0.4192492634387681	0.3297294835595226	986	3	69	480.408997297287	27.450000000000045
890.0	1269.0	1547.5	2948.5	2869.0	2261.0	0.3116103	-0.3982217	0.63000269808436	0.4673635049482931	981	1	90	486.6600561738014	27.486666666666736
855.6666666666667	1260.0	1743.6666666666667	3041.5	2935.5	2535.5	0.2712201	-0.41415784	0.457821833403885	0.4067876297276589	988	2	308	510.4600039720535	28.120000000000005
619.6	1014.25	1309.0833333333337	2900.166666666667	2484.5	1850.0	0.37799686	-0.4817874	0.6511581905489467	0.566927964843518	1004	4	140	510.4600039720535	28.11666666666673
779.6666666666666	1138.6666666666667	1525.0	2620.0	2610.0	2002.6666666666667	0.26417372	-0.3941114	0.4621423145100025	0.3962127608249909	980	4	198	477.2587128281593	28.05000000000001
832.0	1331.3333333333333	1788.0	3226.5	2960.5	2378.0	0.2868681	-0.4158043	0.4661071868317024	0.430259222333001	978	1	0	477.2587128281593	27.180000000000007
611.4444444444445	1051.8	1450.6	2907.5	2206.25	1716.0	0.33429706	-0.46869397	0.5183762832798832	0.5013880603863625	969	2	232	520.9051851630211	27.63000000000005
539.0	868.8	1023.875	2945.0	2106.6666666666665	1629.5	0.48404774	-0.5443914	0.9516644375092882	0.7259801606046292	1002	4	105	521.6345893144608	29.13000000000005
683.8	991.0	1322.5	3147.0	2546.333333333333	2045.0	0.4082112	-0.52102464	0.7660172978419683	0.612248322147651	982	2	213	519.3610652685165	27.54000000000002
662.8333333333334	1036.142857142857	1236.75	3146.6666666666665	2822.0	1903.0	0.43571416	-0.50457084	0.8531110879502107	0.6534966829509381	1013	1	270	521.6835088133812	27.420000000000016
680.0	1062.6666666666667	1484.5	3149.25	2558.5	1924.0	0.35926625	-0.49539995	0.5982069064644795	0.5388412364460269	963	3	111	520.6803951263428	28.114000000000036
459.1666666666667	779.1111111111111	961.0428571428572	3186.5	2209.0	1461.0	0.53657246	-0.60706633	1.0097342367977225	0.8047616259647405	997	3	308	521.6835088133812	27.44000000000005
524.0	763.7916666666667	1176.0	3262.5	2164.5	1686.0	0.47009125	-0.62059796	0.8163784333672431	0.7050574453705789	975	3	291	488.8872792124748	26.21000000000004
944.4	1339.5	1775.3333333333333	3194.666666666667	3096.5	2256.0	0.28558016	-0.40915272	0.524539272691436	0.4283271300673977	988	2	90	488.8872792124748	27.150000000000038
437.5	688.6666666666666	1011.0	3213.25	2000.0	1356.5	0.5213351	-0.6470111	0.917757126187698	0.7819101721995385	975	2	33	460.4891679883003	27.57000000000005
591.0	944.0	1272.75	3001.0	2428.0	1804.0	0.40438724	-0.5214195	0.6962012568482113	0.6065099140200035	984	0	0	516.6604294776917	28.465000000000032
539.7647058823529	852.3	1053.2857142857142	2826.6666666666665	2276.8	1678.75	0.45706254	-0.53666335	0.8694500369425316	0.6855054945729204	982	2	213	482.05557429790497	27.15500000000003
643.0	964.2916666666669	1478.5	3729.3333333333335	2606.0	2055.0	0.4322015	-0.5891058	0.7233839693184496	0.6482399999999999	982	1	180	516.6604294776917	28.730000000000015
671.0	1033.9285714285716	1311.6666666666667	3105.5	2425.5	1976.5	0.40610498	-0.50044864	0.7544722969941677	0.6090885082622802	1033	3	232	531.8571742773056	26.716666666666697
475.8181818181818	793.6666666666666	838.3	2880.0	2005.6666666666667	1604.5833333333337	0.54909503	-0.5679158	1.175508439445773	0.8235317844465956	1002	3	203	516.9294266104698	28.72714285714289
576.4375	934.0	978.75	2160.25	2138.0	1689.8333333333337	0.37639377	-0.3962996	0.7960584494883565	0.5645007166746298	999	0	0	501.7428243756294	29.12333333333333
662.4444444444445	987.75	1240.0	2856.6666666666665	2639.5	1989.5416666666663	0.39462978	-0.4861379	0.7583812859644733	0.5918724321685718	988	5	52	521.6345893144608	28.83000000000004
861.0	1190.5	1524.5	3572.0	2828.0	1985.0	0.4017463	-0.5000525	0.8173652694610778	0.6025603296056503	982	3	128	520.1884979605675	29.08333333333337
783.2	1179.5	1609.0	3249.5	3046.666666666667	2484.5	0.33765566	-0.46737412	0.5833511130076097	0.5064313644782877	936	1	270	500.2090686559677	27.735000000000014
1039.8333333333333	1409.75	1708.25	3597.6666666666665	3248.0	2081.25	0.35609618	-0.43693522	0.7808259749562629	0.5340939428679115	942	0	0	497.3012443780899	27.32000000000005
511.2	994.8888888888888	1151.125	3366.0	2390.6666666666665	1798.5	0.49032846	-0.543722	0.8598451026825575	0.7354113057192662	946	2	52	503.8533080816269	28.122857142857185
869.3333333333334	1302.1666666666667	1637.3333333333333	3513.5	3318.0	2671.5	0.36424527	-0.45919567	0.6878956759795654	0.5463148699365861	969	1	90	503.8533080816269	28.69000000000005
853.5	1310.0	1663.75	3842.75	2851.5	2092.5	0.39571416	-0.49153364	0.7336700336700337	0.5935173415652806	925	3	69	501.36523938179016	27.730000000000015
704.75	1124.0	1192.0	3105.0	2449.5	1546.0	0.44519433	-0.46843225	0.9618140224741698	0.6677137870855148	922	3	111	501.36523938179016	27.75666666666672
537.0	814.0	813.6666666666666	3784.0	2193.5	1320.3333333333333	0.64605236	-0.64593303	1.6005675898983367	0.9689731414694264	924	2	232	495.8240120410919	28.446000000000023
977.4285714285714	1356.5	1651.0	3381.0	3091.8	2323.0	0.34379968	-0.42733508	0.7260017745377809	0.5156482861400894	928	2	90	495.8240120410919	28.19000000000005
607.0	922.7142857142856	1265.0	3394.0	2480.2	1865.4	0.456965	-0.5724923	0.8274387874076954	0.6853739671638588	926	2	90	479.8449696302414	28.3008333333334
1138.6666666666667	1537.5	1976.5	3434.333333333333	3622.0	2829.6666666666665	0.2694286	-0.38151586	0.5395918669496126	0.4041055808796353	918	3	291	495.8240120410919	28.435
612.7692307692307	945.5	1178.4	3526.0	2351.0	1589.5	0.4990222	-0.5770994	0.9779008782228416	0.7484537397181662	925	2	128	479.8449696302414	29.055000000000007
734.5	1181.5263157894738	1186.8	3955.0	2735.1111111111118	1905.3333333333333	0.5383718	-0.5399512	1.242894729752786	0.8074791435738872	925	2	33	515.0535378456116	29.2383333333334
861.5	1363.0	1731.0	3805.75	2937.5	1926.0	0.37472343	-0.47259974	0.6708756386212249	0.5620344033590681	966	4	342	522.640850186348	28.138000000000037
841.3333333333334	1298.0	1616.0	3967.5	3094.666666666667	2206.0	0.4211516	-0.5069794	0.7993405398055613	0.6316708452722063	972	3	337	506.258894443512	28.11500000000001
732.3	1157.8333333333337	1410.6666666666667	4219.25	2553.5	1941.0	0.49886766	-0.56934524	0.9762873099740452	0.7482350329312513	964	2	33	489.21083748340607	27.400000000000038
775.6	1129.6666666666667	1480.0	3561.0	2842.0	2022.0	0.41281492	-0.51833427	0.7852830188679245	0.6191609639988098	949	2	270	485.110500574112	28.213333333333367
864.6875	1296.625	1915.5	3476.833333333333	3602.5	2832.833333333333	0.28954688	-0.45673558	0.4599907933098051	0.434280063046636	929	5	27	515.0535378456116	29.893333333333374
1059.3076923076924	1518.6666666666667	2022.6153846153843	3085.75	3226.0	2737.75	0.2081164	-0.3403435	0.365206097712433	0.3121440482419324	917	2	147	501.7983611822128	29.410000000000025
925.8571428571428	1295.3333333333333	1651.25	3816.0	2834.0	2068.0	0.3959486	-0.49315247	0.7981443831114108	0.5938685931141694	936	3	69	498.4508837461472	28.703333333333376
992.0	1423.0	1768.6666666666667	3283.8	3051.714285714286	2378.8	0.29987994	-0.39534292	0.5866425060917689	0.4497753794800414	902	1	180	498.4508837461472	30.000000000000057
447.875	772.4	847.25	3536.5	1927.0	1532.0	0.6134588	-0.6414862	1.2776900143720826	0.9200832525517476	914	2	128	498.4508837461472	30.09666666666669
861.25	1247.0	1493.0	3552.3636363636365	2731.5	2043.0	0.4081695	-0.48034778	0.8506970849176174	0.6121936059238441	942	2	308	519.337883234024	26.62333333333339
497.6666666666667	715.0	976.0	2676.5	1964.0	1562.0	0.46557152	-0.57835764	0.8854926057071444	0.6982617027101012	969	3	69	501.74610567092896	28.496666666666727
933.3333333333334	1264.0	1604.0	3180.0	2843.0	2285.0	0.32943144	-0.4311431	0.6787252368647717	0.4940955167729125	946	1	180	492.3220508098602	28.730000000000015
609.8571428571429	940.6666666666666	1116.75	2915.0	2162.0	1473.5	0.4460222	-0.51206017	0.8915342229021475	0.6689503379006758	972	3	111	520.9051851630211	28.760000000000048
926.0	1332.25	1853.3333333333333	3624.0	3230.0	2623.5	0.32327166	-0.46239597	0.5675213675213675	0.4848632366811695	1006	2	128	525.4634937047958	28.470000000000027
574.5	943.25	1133.5	3401.6666666666665	2173.5	1677.75	0.5001286	-0.56581444	0.9619163403497364	0.7501102373778203	973	3	69	488.8872792124748	28.81
868.9	1181.428571428571	1609.6666666666667	3251.6666666666665	2769.0	2046.0	0.33776742	-0.46699607	0.6420165000586495	0.5065990195742347	1007	4	40	480.08907198905945	27.15666666666669
691.75	1129.1666666666667	1403.25	3170.166666666667	2592.5	1851.0	0.386345	-0.47472477	0.6899278281411679	0.5794541512562175	1017	2	308	454.9967566728592	28.425999999999988
1231.0	1764.0	2462.333333333333	3604.3333333333335	3544.0	2652.0	0.18824176	-0.34281278	0.3121298810152876	0.2823393676345356	962	2	213	574.6546411514282	29.110000000000014
982.75	1433.8333333333333	1893.8	3689.6666666666665	2995.0	2266.0	0.32164007	-0.44029146	0.5843757897739661	0.4824169198717757	970	2	232	574.6546411514282	28.63250000000005
825.0	1160.0	1631.0	3531.0	3183.0	2226.0	0.3680744	-0.50543594	0.6661524437276488	0.5520581113801453	1008	2	33	531.597948551178	28.74600000000004
800.25	1314.125	1697.3333333333333	3420.75	2881.0	2216.0	0.33673087	-0.4449167	0.5666244732674678	0.5050469693762923	1037	3	157	472.4045412540436	28.46200000000005
740.625	1127.25	1383.0	2975.5	2390.0	1854.8333333333333	0.365378	-0.45049053	0.6960455434509436	0.5480041293874742	1038	5	270	403.5420587062836	26.136666666666716
796.75	1261.75	1451.5	3478.25	2641.0	1901.0	0.41112632	-0.46761602	0.8155771513651637	0.6166269458952386	967	1	90	445.8271994590759	28.750000000000057
849.375	1268.2	1753.75	3916.4	2573.0	1882.0	0.38140967	-0.51078194	0.6700001703928484	0.5720640490949009	966	1	180	471.4872430562973	30.260000000000048
792.1666666666666	1182.9	1504.6666666666667	4141.0	2801.4	1845.6666666666667	0.46696582	-0.5556265	0.9117528387803332	0.7003866930365734	958	1	180	471.4872430562973	31.934000000000022
729.7777777777778	1172.125	1461.0	3736.6666666666665	2481.25	1579.0	0.43782467	-0.52243847	0.8092314257266133	0.656673827310911	1007	0	0	502.57869601249695	26.930000000000007
617.75	932.9	1391.5	3998.6666666666665	2354.333333333333	1512.25	0.48368943	-0.6216618	0.8447775863651829	0.7254668562948305	994	1	270	502.57869601249695	28.485000000000014
852.6	1310.428571428571	1703.3333333333333	3869.1666666666665	2651.0	2019.0	0.38866457	-0.49400347	0.7035885996448217	0.5829445541001255	985	0	0	559.207896232605	27.446000000000023
1107.5	1596.825	2046.1	4101.833333333333	3099.5	2235.0	0.33437794	-0.43957862	0.6365931654386643	0.5015261340287228	960	1	90	558.402715086937	30.481666666666683
665.8	993.2	1373.25	3800.571428571429	2377.0	1715.0	0.46915448	-0.585629	0.8610488922222448	0.7036636964129181	981	2	180	494.2125457525253	26.77000000000004
605.5882352941177	924.2857142857144	982.6666666666666	3750.5	1974.6666666666667	1204.0	0.58477414	-0.6045655	1.355296003994086	0.8770685163016689	973	2	52	494.2125457525253	26.896666666666704
637.3071428571428	917.8888888888888	1255.75	3878.3333333333335	2507.714285714286	1694.375	0.51081824	-0.6172451	0.9883070424228612	0.7661527225513267	969	1	0	474.5915739536285	26.50333333333333
790.2727272727273	1187.1666666666667	1627.7272727272727	4382.777777777777	2803.2	1902.8333333333333	0.45837253	-0.57372403	0.8375952678247334	0.6875016279063904	968	1	90	474.5915739536285	27.100000000000023
725.8461538461538	1119.4444444444443	1647.75	4190.142857142857	2936.607142857143	1998.25	0.4354984	-0.5783309	0.7361746357115628	0.6531916195136871	966	0	0	510.836207985878	26.760000000000048
668.7777777777778	928.7	1348.0	4008.0	2545.0	1709.0	0.49663928	-0.62375677	0.9391107868289124	0.7448893867264071	966	0	0	545.7664169073105	26.55000000000001
1183.0	1705.25	2210.0	3823.25	3124.0	2399.0	0.2673932	-0.38310573	0.4911407434468901	0.4010565568676196	979	2	128	559.207896232605	27.375000000000057
1051.9	1567.6666666666667	1951.909090909091	4146.5	3320.333333333333	2383.8	0.35986286	-0.45130524	0.6884166459917813	0.5397500298115907	966	1	270	545.7664169073105	27.29000000000002
1122.0	1622.428571428571	2013.0	3926.0	3165.0	2449.0	0.3221081	-0.41517547	0.6301054018445323	0.4831214748716222	971	2	52	605.7345736026764	27.370000000000005
1246.857142857143	1692.0	2099.6666666666665	4332.333333333333	3070.0	2213.0	0.3471186	-0.4382781	0.7363768862531256	0.5206373882627282	956	0	0	605.7345736026764	28.19000000000005
1306.6666666666667	1829.0	2406.75	4236.2	3304.666666666667	2063.5	0.2753972	-0.39688715	0.5151812969575452	0.4130647479848572	954	1	90	462.06247997283936	29.0266666666667
727.2	1041.0	1492.5	3879.5	2552.333333333333	1768.0	0.44434103	-0.5768723	0.8084400189663348	0.6664495114006515	977	2	33	462.8448382616043	27.52333333333337
734.75	1048.8181818181818	1395.0	3809.6	2572.75	1811.5	0.46393576	-0.5682471	0.9050258809066	0.6958367754702118	979	1	0	445.6376099586487	25.532857142857157
735.8571428571429	1063.142857142857	1312.5	3486.1	2484.1428571428573	1718.0	0.45296544	-0.53260666	0.9299744268034482	0.679377383259361	973	1	180	445.6376099586487	26.03333333333336
541.92	991.3333333333334	940.3333333333334	4119.666666666667	1844.8333333333333	1017.75	0.6283268	-0.61207855	1.394868615017432	0.9423969963442348	986	1	270	445.6376099586487	25.567777777777792
674.4090909090909	919.4736842105264	1256.9	3580.369047619048	2267.875	1605.0833333333337	0.48032662	-0.59133077	0.9577838623175956	0.7204154512385924	975	0	0	445.6376099586487	26.230000000000015
860.7272727272727	1245.5454545454545	1759.8181818181818	4324.0	2990.1428571428573	1845.2857142857144	0.42147574	-0.55272996	0.7605729509346048	0.6321616674760001	963	2	52	462.77314579486847	28.14600000000001
1169.0	1561.0	2015.0	3873.0	3256.0	2259.6666666666665	0.31555706	-0.42546928	0.6454526505940388	0.473295406300416	960	2	308	445.3012105226517	28.436666666666724
1109.6666666666667	1496.8461538461538	1882.25	4377.25	2818.75	2001.0	0.39859414	-0.49035695	0.8487260604823621	0.5978434504792332	966	1	0	423.11402809619904	28.38000000000005
793.0869565217391	1180.9333333333334	1515.6153846153843	3866.444444444444	2830.333333333333	1971.6666666666667	0.43678984	-0.5320606	0.8380273169032451	0.6551239004731171	972	1	90	437.1938853263855	26.680000000000007
540.5555555555555	869.35	1251.1538461538462	3470.333333333333	2092.8	1650.6666666666667	0.47001705	-0.59934866	0.8012531500021293	0.7049509251591708	978	1	270	413.2393007278442	26.71000000000004
546.3	870.6086956521739	1283.5064935064934	3644.1375	2251.8	1629.3333333333333	0.47905874	-0.61432666	0.814131243840473	0.7185152289393213	997	3	337	425.0419054031372	27.250000000000057
544.7391304347826	924.4	1254.5	3621.0	2312.5714285714284	1557.6666666666667	0.4853861	-0.5932591	0.8375856751990497	0.7280045118949958	1004	2	308	425.0419054031372	26.176666666666733
601.1666666666666	933.1538461538462	1381.6666666666667	3576.0	2508.0	1817.0	0.44261414	-0.5861069	0.7455350570221632	0.6638542472015865	1007	3	157	440.1305693387985	27.200000000000045
667.1363636363636	1026.5944976076555	1156.0833333333337	3832.25	2090.5	1201.0	0.53648514	-0.57743263	1.1602762690798825	0.8046470450673169	994	2	90	410.2989566326141	25.85400000000004
664.68	989.181818181818	1494.7142857142858	3350.625	2459.75	1838.0	0.3830301	-0.5441356	0.6325693963277852	0.5744858438940622	1004	1	0	410.2989566326141	25.53666666666669
738.7	1061.095238095238	1313.25	3432.0	2488.0	1734.3333333333333	0.44649914	-0.5276774	0.9176447659058428	0.6696781330664279	1013	2	212	423.9413838386536	26.203333333333376
541.1428571428571	862.0714285714286	1187.0	3670.6666666666665	2164.1428571428573	1598.0	0.511288	-0.61962444	0.921912229473193	0.7668530652852585	1011	3	23	410.0393025875092	27.110000000000014
668.5333333333333	992.6428571428572	1437.125	3608.571428571429	2491.5666666666666	1758.75	0.43035614	-0.56853	0.7520607284044074	0.6454702445618518	1004	3	128	415.2184524536133	26.170000000000016
797.0	1189.25	1641.0	3426.222222222222	2762.833333333333	2063.833333333333	0.35230786	-0.4846681	0.6117359487675426	0.5284096514980431	1006	2	328	415.2184524536133	26.855000000000015
605.25	959.7041925465838	1380.6666666666667	3330.375	2317.555555555556	1529.0	0.41385928	-0.5525937	0.6888455106463163	0.6207230471271787	1005	2	32	415.2184524536133	26.494000000000028
543.46875	863.2222222222222	1368.2857142857142	3594.5	2193.8	1739.8	0.44858158	-0.612707	0.7200663301066428	0.6728045937311115	1004	2	0	389.0347229242325	27.21000000000004
608.5454545454545	995.8333333333334	1438.8	3457.25	2321.6666666666665	1783.3333333333333	0.4122609	-0.5527443	0.6704068587398871	0.6183282106789474	1010	0	0	410.0393025875092	27.750000000000057
543.7666666666667	869.1363636363636	1309.4	3539.285714285714	2310.875	1713.5	0.45989487	-0.60569274	0.7617357729647533	0.6897711839690316	1009	1	180	415.2184524536133	27.500000000000057
603.4285714285714	1000.6666666666666	1442.3333333333333	3801.6666666666665	2395.5	1682.6666666666667	0.449911	-0.58325815	0.7437105974181928	0.6748021737057869	1016	2	328	410.0393025875092	28.53000000000003
710.425	1092.425	1447.3333333333333	3559.8571428571427	2546.75	1748.25	0.42189804	-0.5303703	0.763562494164159	0.6327838610137739	1020	2	32	410.0393025875092	28.696666666666715
607.8888888888889	989.1	1503.0	3723.0	2473.0	1871.75	0.42479908	-0.5801872	0.6782491801943092	0.637137663828566	1012	2	128	423.9413838386536	26.590000000000032
672.625	1117.6	1582.6	3620.428571428572	2449.0	1774.5	0.391662	-0.5282426	0.6311144912599485	0.5874365471781512	1007	3	69	440.1305693387985	26.79000000000002
603.75	865.6666666666666	1176.6666666666667	4199.0	2154.0	1420.5	0.56222486	-0.65815455	1.1223965586606008	0.8432588275413087	1005	2	308	462.8448382616043	26.765000000000043
607.5	922.875	1317.8	3611.1666666666665	2319.333333333333	1680.3333333333333	0.46528345	-0.59291285	0.8234453505935185	0.6978543993941199	1014	1	270	462.8448382616043	28.1357142857143
1449.6666666666667	1887.047619047619	2389.3125	3949.875	3810.666666666667	3081.4	0.24617705	-0.3534101	0.5262037630239067	0.3692364568442845	961	0	0	510.836207985878	27.725000000000023
542.7441860465116	931.7586206896552	997.5384615384615	3908.071428571429	2098.4	1389.4	0.5933071	-0.6149623	1.2494301606143474	0.88986988639418	980	2	327	413.2393007278442	26.850000000000023
474.7391304347826	790.2941176470588	1172.75	3932.142857142857	2084.0	1237.75	0.54053885	-0.6653024	0.931082415026009	0.8107288511447981	983	1	270	394.5822805166245	26.41500000000002
792.0	1186.5	1584.5	4126.0	2924.428571428572	1999.25	0.44505736	-0.55331767	0.8258058227190018	0.6675275783575556	992	3	291	394.5822805166245	25.870000000000005
668.1034482758621	1060.2857142857142	1560.7777777777778	3543.375	2481.846153846154	1930.2857142857144	0.38842827	-0.5393728	0.6275419412537755	0.5825853320091964	1004	2	308	388.9943577051163	26.900000000000038
605.6	929.3333333333334	1313.9166666666667	3588.5	2417.285714285714	1615.25	0.46397185	-0.58859336	0.8204383686817678	0.6958868020735955	1002	2	148	407.091365814209	26.83000000000004
796.4285714285714	1179.6	1692.9	3679.6666666666665	2927.4	2087.0	0.36979842	-0.51449466	0.6315333621131749	0.5546460122090426	1003	2	308	407.091365814209	25.52000000000004
566.15	865.1666666666666	1241.6666666666667	3680.0	2225.333333333333	1480.5	0.49542838	-0.6193026	0.8853949176032001	0.743067077506518	993	0	0	394.8659118413925	26.16500000000002
857.8	1306.0	1566.0	4194.833333333333	2537.0	1635.0	0.45632866	-0.5251629	0.9181024447031432	0.6844335801897709	982	1	180	397.95312786102295	27.730000000000015
993.1875	1371.5	1768.5	3925.0	3153.6	2133.875	0.37876526	-0.48211083	0.7606064747662233	0.5680979978925185	970	1	180	400.8665459156037	27.49000000000001
1045.3333333333333	1548.0	2089.0	3673.75	3083.5	2314.0	0.2749989	-0.4070953	0.4734129947722181	0.4124625862143756	979	1	180	393.4168107509613	27.200000000000045
670.6923076923077	988.7777777777778	1003.4285714285714	3947.0	2808.5	1719.0	0.59460944	-0.59934264	1.4901505921883436	0.8918240445515271	968	1	180	400.8665459156037	27.118571428571443
864.6666666666666	1237.6666666666667	1759.8	4049.3333333333335	3089.333333333333	2031.0	0.3941265	-0.5318076	0.7045469465460932	0.5911388555789523	961	2	128	423.11402809619904	28.36500000000001
1368.421052631579	1689.75	2075.0	3606.428571428572	3389.0	2404.6666666666665	0.2695499	-0.3618984	0.6607512217149946	0.4042892880938313	959	2	308	408.3648011684418	28.025000000000038
1246.6	1692.0	2166.0	3927.0	3257.5	2245.0	0.28902018	-0.39775762	0.581226483596277	0.4334947074751785	960	3	69	408.3648011684418	28.59333333333336
1113.2857142857142	1460.0	1900.0	4124.6	3223.6666666666665	2348.5	0.36925274	-0.47713354	0.775018563974542	0.5538331314003088	960	2	33	385.0370720028877	27.52333333333337
741.4	1110.25	1464.0	4060.0	2815.0	1831.3333333333333	0.4699493	-0.5705237	0.8909328025259111	0.7048601683410263	964	0	0	385.0370720028877	27.230000000000015
798.7142857142857	1114.0	1633.5	3915.0	2667.333333333333	1934.0	0.4111922	-0.5569696	0.7381925249369066	0.6167327446386737	964	2	0	385.0370720028877	28.170000000000016
926.64	1376.428571428571	1696.9333333333334	3619.0	2897.8	2125.8571428571427	0.3615671	-0.44892472	0.701299901728986	0.542299662054134	1008	2	232	394.8659118413925	26.59666666666669
662.2	1054.25	1441.0	3873.6666666666665	2647.5	1759.0	0.45772704	-0.5721316	0.8050744622173194	0.6865259791163651	1005	1	180	375.7723159790039	26.563333333333333
670.375	1055.875	1411.75	4122.5	2272.0	1472.0	0.48981345	-0.5921983	0.8956789664543735	0.7346537784001084	1007	1	0	375.7723159790039	26.180000000000007
747.0	1128.7692307692307	1599.2333333333331	3744.0	2612.6666666666665	1916.6666666666667	0.40139866	-0.53670317	0.6929420988468016	0.6020416437946005	1011	1	232	381.3880805969238	26.195714285714303
544.1111111111111	863.25	781.0	4503.0	2450.25	1419.5	0.7043906	-0.67826694	1.821236339911923	1.0564859494748793	1015	2	180	381.3880805969238	26.55000000000001
851.3333333333334	1340.3333333333333	1612.6666666666667	3946.8	2765.0	1972.3333333333333	0.4198484	-0.49298295	0.8061188778987309	0.6297160054916395	1000	1	180	397.95312786102295	26.890000000000043
676.3333333333334	985.4	1497.0	3594.75	2517.5	1748.0	0.41199	-0.5697084	0.698760867392825	0.617924296725416	975	2	32	376.2032253742218	27.21000000000004
612.75	915.2	1298.4	3935.5	2639.0	1639.3333333333333	0.5038499	-0.6226524	0.9244840508885156	0.7557026593305822	966	2	232	371.57358145713806	27.140000000000043
668.8888888888889	985.3333333333334	1416.0	3749.0	2795.5	1930.5	0.4516941	-0.5837499	0.8067825525636296	0.6774755589971929	961	1	270	385.0370720028877	26.38400000000007
721.375	1115.25	1575.5	4256.0	2900.5	1945.0	0.45965874	-0.58473355	0.8074099175420761	0.689429012345679	962	2	90	374.9190890789032	26.50142857142862
547.8333333333334	929.5	810.0	4720.0	1964.0	1069.3333333333333	0.70705247	-0.67094433	1.786285348805336	1.060482777325739	962	2	180	369.5199073553085	27.160000000000025
616.5555555555555	985.75	1001.0	4265.333333333333	2673.5	1655.0	0.6198494	-0.6245537	1.4448641151996224	0.929685769437676	965	2	128	369.5199073553085	27.430000000000007
813.3333333333334	1192.0	1525.0	3919.6666666666665	2446.0	1651.4	0.43981877	-0.5336159	0.8588370313695486	0.6596675951149338	965	2	212	382.1194064617157	26.823333333333323
607.2	981.0	1302.0	3682.0	2345.0	1672.0	0.4775281	-0.57924086	0.8572251836911107	0.7162202828769184	982	1	90	376.2032253742218	27.01750000000004
803.8333333333334	1193.0	1189.25	4374.666666666667	2321.0	1458.0	0.57251334	-0.5714542	1.4525604584353005	0.8586928848486663	983	2	232	382.1194064617157	26.578571428571426
677.0	982.2	1315.0	3744.0	2470.0	1594.0	0.48013443	-0.5843595	0.926038886770873	0.7201304476726949	973	1	270	382.1194064617157	26.823333333333323
792.1666666666666	1178.0	1430.75	3865.75	2834.0	2030.0	0.45973757	-0.5328872	0.935099846390169	0.6895412497640174	969	0	0	368.6398972272873	26.962500000000038
796.4	1248.3333333333333	1608.0	3488.0	2543.0	1798.0	0.3689168	-0.4728693	0.6560580681183696	0.5533209065044639	988	0	0	359.262889623642	26.712500000000038
613.25	986.7777777777778	941.0	4308.0	2678.5	1548.0	0.64145553	-0.6272638	1.5717119850624344	0.9620916277740738	995	2	0	359.262889623642	26.25666666666672
544.4545454545455	935.5833333333334	745.8	4567.0	2513.6666666666665	1389.5	0.71924406	-0.6599476	1.9262446084838132	1.0787646095646772	997	2	328	359.262889623642	26.563333333333333
676.5	1124.4	1130.5	3975.5	2208.0	1384.0	0.5571876	-0.5590502	1.2509343534274282	0.8356995985508666	1008	2	128	371.4009393453598	26.218000000000018
734.6428571428571	1059.7	1562.1818181818182	3672.6666666666665	2481.5	1878.0	0.40316063	-0.552148	0.7000473426037913	0.6046831995786218	1000	0	0	366.7148638367653	26.69666666666666
1196.5	1575.0	2020.5	3996.5	3270.5	2327.0	0.32840285	-0.43462265	0.6912232833105958	0.4925633568757789	1002	4	232	366.7148638367653	27.19000000000005
662.4	1019.9	1399.375	4261.25	2503.25	1704.3333333333333	0.5055758	-0.6137584	0.9303280020804888	0.7582967166420103	1013	0	0	375.57585847377777	28.03666666666669
725.0	1112.8	1500.3333333333333	3849.0	2383.0	1662.0	0.43905783	-0.5514531	0.7919167397217165	0.6585251877005516	1023	1	52	370.8124097585678	28.466000000000008
927.4166666666666	1433.3333333333333	1836.4	3925.714285714286	2995.0	2120.0	0.36259508	-0.46507907	0.6537696625521834	0.543845427298622	1025	1	270	361.0335619449616	28.410000000000025
720.0	1183.25	1309.3333333333333	3931.0	2640.0	1644.0	0.5002862	-0.5372733	1.026012314756836	0.7503577675306092	1019	2	270	364.3171985149384	27.510000000000048
926.1111111111112	1365.8333333333333	1955.0	3177.125	3124.0	2277.6666666666665	0.23813236	-0.39870313	0.383722755697428	0.3571637320084752	1017	1	90	364.3171985149384	27.795000000000016
667.9230769230769	1118.1818181818182	1337.0	4005.0	2163.0	1434.0	0.4994384	-0.5634815	0.950335099707918	0.7490875058493215	1020	3	69	360.08597832918167	28.105000000000015
932.0	1296.0	1837.0	3854.3333333333335	3023.75	2070.0	0.35445708	-0.4967316	0.6394218578311216	0.531638897836081	1026	0	0	365.74607568979263	27.150000000000038
857.6666666666666	1254.2857142857142	1763.8	3661.0	2741.333333333333	1965.0	0.34972718	-0.48963875	0.607119542260282	0.5245424216172377	1022	3	232	364.362560749054	27.500000000000057
536.1333333333333	879.7777777777778	804.75	4577.0	2415.0	1417.0	0.7009337	-0.6775468	1.7511141026831307	1.0513028937711923	1029	0	0	368.59571796655655	28.826000000000025
805.1818181818181	1195.0	1435.2	3803.5	3116.5	2030.5	0.4520778	-0.52185655	0.9284776435165912	0.6780519926706369	1022	1	180	375.4934102296829	28.2433333333334
880.0	1251.142857142857	1558.0	3943.4	2546.1666666666665	1883.0	0.43359873	-0.5182857	0.8910854103161796	0.6503389738090479	1021	1	180	370.8124097585678	26.55666666666673
542.7142857142857	954.5492424242424	830.0	4456.5	1744.0	1023.0	0.6859926	-0.64718515	1.6892134681927071	1.0288916209570644	1017	2	212	371.4009393453598	26.45500000000004
859.2857142857143	1244.0	1445.0	3929.75	2929.25	1977.0	0.46230057	-0.5191109	1.0090589484310006	0.693386354123064	1008	2	180	371.4009393453598	27.150000000000038
739.8461538461538	1058.6923076923076	1366.1	3494.0	2542.4	1841.3333333333333	0.4378305	-0.5349159	0.8660203767290543	0.6566781878780398	1011	2	52	374.500702381134	27.03000000000003
944.4444444444443	1373.1666666666667	1759.6666666666667	3745.4	2767.0	2163.5	0.36071014	-0.46345657	0.6874792274456221	0.5410160625306508	996	3	111	374.500702381134	27.000000000000057
590.0	988.5	920.0	4131.5	2776.6666666666665	1667.0	0.6357518	-0.61386716	1.535868005738881	0.9535332541567696	983	3	23	370.20028018951416	27.98666666666668
991.3333333333334	1394.5	1751.0	4188.25	2813.0	1755.0	0.41036326	-0.5004254	0.8392445163734031	0.6154930763079254	999	1	90	371.9349303245544	26.87333333333333
1373.0	1881.0	2530.0	4263.625	3371.0	2480.0	0.25518408	-0.3877576	0.473816909684737	0.38274796239398	1013	3	111	379.047780752182	26.470000000000027
898.0	1307.75	1811.0	3378.5	2626.0	1741.0	0.30205223	-0.44187784	0.5217695226682644	0.4530346820809248	1026	2	52	365.7229373455048	26.150000000000038
1178.090909090909	1622.375	2150.25	3412.6	3187.333333333333	2544.0	0.22692505	-0.35555786	0.4219412423912408	0.3403569791582409	1030	0	0	374.662841796875	27.515000000000043
730.6363636363636	1170.3	1438.0	4073.5	2645.2	1748.0	0.478182	-0.5536443	0.9122246696035242	0.7172079100145138	1036	1	128	372.28101712465286	26.230000000000015
1129.0	1500.8	2015.5	4265.0	2963.5	2284.0	0.35817212	-0.4794131	0.7126338465437496	0.537215411558669	1034	2	270	376.2973081469536	27.22333333333336
985.9	1375.0	1961.25	3355.333333333333	2924.5	2306.0	0.26221415	-0.41864562	0.4508921351948682	0.3932842253741869	1028	1	128	365.7229373455048	27.90500000000003
855.0	1239.75	1693.6	3339.5	2452.0	1580.0	0.32701516	-0.4585358	0.580392405777477	0.4904740146217419	1057	1	180	369.2427467107773	25.605000000000015
927.3333333333334	1309.8333333333333	1816.0	3451.0	2710.0	2129.0	0.3104234	-0.4497462	0.5528878669011227	0.4655908875177977	1042	1	270	372.871702671051	25.53333333333336
1061.5	1507.142857142857	2091.2	3805.428571428572	3149.6666666666665	2549.0	0.29071334	-0.43261266	0.5106503945331353	0.4360330330257583	1052	1	0	372.871702671051	26.08000000000004
679.5714285714286	1133.3333333333333	1376.5	3757.5	2201.5	1297.0	0.46377093	-0.53654796	0.8600990814325524	0.6955886649138183	1052	3	111	368.4269038438797	25.878000000000043
879.5	1245.0	1504.5	4262.75	2275.0	1383.0	0.47826087	-0.54790974	1.0300433191425795	0.7173291144727146	1078	2	32	366.9987680912018	25.902000000000044
1114.571428571429	1629.5454545454545	2066.0	3569.0	2958.6666666666665	2229.75	0.2667258	-0.37307638	0.4939714913516255	0.4000532339632686	1067	1	52	371.4145603179932	26.27000000000004
660.0	1060.9375	976.3333333333334	4274.0	1931.0	1092.0	0.6280871	-0.60226804	1.590616759920252	0.942040945881606	1051	3	52	371.4145603179932	25.863333333333344
1506.076923076923	2076.692307692308	2784.3	3937.0	4093.5	3282.75	0.17149957	-0.30934533	0.3082671408552344	0.2572302061947692	1032	3	337	371.4145603179932	26.236666666666736
982.75	1456.3333333333333	2030.25	4782.5	2790.0	1916.0	0.40398517	-0.5331392	0.7171519770698976	0.6059332917476975	1005	1	52	378.0583448410034	26.863333333333344
1113.6	1641.6	2205.0	4081.3333333333335	3822.3333333333335	2572.5	0.2984782	-0.42630818	0.5235110300956067	0.4476816627342859	991	4	308	378.0583448410034	26.81666666666672
994.8	1370.75	1767.0	3424.0	3179.5	2587.0	0.31920633	-0.4282288	0.6309016143770941	0.4787633631898295	1003	2	232	377.7847707271576	26.470000000000027
670.75	1115.625	1049.8	4285.0	2608.4	1512.0	0.6064332	-0.5868534	1.456201866163742	0.9095645980544672	996	4	18	377.9514579772949	30.370000000000005
989.7777777777778	1444.25	1700.0	4177.857142857143	3413.0	2380.0	0.4215579	-0.48622465	0.8906076705051142	0.6322830722869607	988	1	0	374.5537570714951	27.88000000000005
553.3333333333334	1001.3076923076924	720.1666666666666	5132.0	2607.2	1296.0	0.7538803	-0.6734853	2.079484037204625	1.1307238865474425	978	2	148	374.5537570714951	29.870000000000005
1437.142857142857	1965.2	2713.1	3857.0	4083.0	3056.0	0.17410694	-0.32492873	0.3055932110243	0.2611405351109488	966	2	232	374.5537570714951	27.510000000000048
1439.375	1948.7142857142856	2645.75	3948.6	3727.0	3024.0	0.19757065	-0.33911806	0.3607488823942307	0.2963335026573765	982	2	308	377.9297697544098	27.51666666666671
990.8571428571428	1369.0	1995.3333333333333	3811.0	3189.333333333333	2164.5	0.3127045	-0.47142857	0.5434454174363186	0.4690163887374071	956	2	232	363.7755213975906	28.11666666666673
1430.0	1948.3333333333333	2310.0	4492.6	3122.0	2190.0	0.3208479	-0.3950152	0.7152688566709491	0.4812364951272214	964	2	32	363.7755213975906	27.80666666666673
1046.857142857143	1436.5263157894738	1957.0	3612.857142857143	3182.0	2319.6666666666665	0.29728898	-0.43100923	0.5516266585444785	0.445893441046355	964	1	0	352.71642100811005	27.57666666666671
1119.9	1568.0	2062.333333333333	4138.5	3151.6666666666665	2480.0	0.3348206	-0.45045123	0.639666841256637	0.5021903891636207	986	1	180	368.6149054765701	27.79666666666668
1235.6666666666667	1645.5	2196.0	4399.0	3640.0	2711.0	0.33404094	-0.4555381	0.6628753685984233	0.5010234250625427	960	1	270	367.2972185611725	29.136666666666716
1432.5	1881.75	2197.25	4366.333333333333	3224.5	2317.0	0.33047244	-0.39765528	0.7966272877517293	0.495670885754548	954	1	270	369.62444150447845	26.55000000000001
965.5875	1307.0	1857.0	4385.0	2934.5	1909.75	0.4049984	-0.54075897	0.7627236899172183	0.6074489387264718	952	2	128	379.5476942062378	29.69000000000005
1458.0	1980.0	2643.6666666666665	4642.916666666666	3582.5	2719.5	0.27437413	-0.40207613	0.5222200938607413	0.4115329635771055	940	3	69	363.7588136792183	29.71000000000004
1041.0	1502.142857142857	1755.0	4133.5	3144.6666666666665	2075.5	0.40392292	-0.4669134	0.8671795245734286	0.6058329088130413	945	2	33	363.7588136792183	30.08000000000004
1248.3333333333333	1707.571428571429	2305.416666666667	4003.0	3686.5	2880.5	0.26909816	-0.40196127	0.5008211391707968	0.4036152535432654	931	2	308	350.10607492923737	29.225000000000023
1175.5	1636.6666666666667	2201.0	4450.8	3032.0	2427.0	0.33822423	-0.46228316	0.63614411500246	0.5072982276806518	936	1	270	355.26653349399567	28.52000000000004
1261.0	1629.6	2137.2727272727275	4129.0	3364.5	2644.0	0.3178488	-0.4340291	0.6642512809629202	0.476735161638947	924	1	0	357.7641205191612	28.75800000000004
1507.2	2029.25	2804.75	4472.666666666667	4462.5	3309.0	0.22919077	-0.37579945	0.4170556268649252	0.3437625236159616	951	1	0	359.33469593524933	27.83000000000004
548.4	865.6153846153846	803.6666666666666	4114.5	2451.0	1319.5	0.67318445	-0.65237135	1.7156354717241855	1.0096740309026837	946	1	90	359.33469593524933	26.52000000000004
735.5	1074.5	1069.6666666666667	4184.0	2356.6666666666665	1452.6666666666667	0.59279233	-0.5913283	1.5306105732212774	0.8891038858049167	963	1	90	359.33469593524933	27.11666666666673
869.0666666666667	1308.375	1441.0	4128.0	2896.1666666666665	1909.25	0.48249236	-0.51865906	1.0735975707207928	0.723673579315917	974	4	328	374.5537570714951	25.51666666666671
1125.6	1568.0588235294117	1885.0	4140.0	3555.0	2513.75	0.37427387	-0.45058072	0.8043230132686546	0.5613642021409012	971	1	0	377.9514579772949	25.313333333333333
608.25	1063.2857142857142	849.5	4639.2	2133.5	1136.5	0.69045496	-0.6270799	1.8306579780013807	1.0355880638344386	982	0	0	377.9514579772949	25.24000000000001
1181.75	1645.0	2158.0	4245.0	3433.5	2457.0	0.32594097	-0.44142616	0.6262847540024308	0.4888732724291403	1002	2	32	377.9514579772949	27.83500000000004
1115.0	1670.5	2083.0	4030.458333333333	3177.0	2089.5	0.31855264	-0.4139582	0.5961394235920146	0.477789893345146	975	3	157	401.379602432251	26.57000000000005
672.0	1119.111111111111	971.4	4454.5	2641.0	1576.0	0.6419396	-0.5984251	1.6605484467667195	0.9628206545776206	929	1	0	348.09421968460083	27.838000000000022
1436.0	1888.7	2244.25	3788.6	3140.0	2280.0	0.25599012	-0.33464852	0.5953454842639282	0.3839533592448639	926	4	255	348.09421968460083	26.52000000000004
812.4	1187.7692307692307	1382.0	3727.0	2974.25	1809.0	0.45899394	-0.5166531	0.9891175974354648	0.6884235248067325	934	4	75	370.1085947751999	28.07285714285717
852.3333333333334	1248.8	1450.3333333333333	3783.0	2600.6666666666665	1721.5	0.44573247	-0.5036369	0.9570307157900496	0.6685348533579596	937	2	32	370.1085947751999	24.943333333333328
841.4583333333333	1252.0	1362.0	4139.75	2570.0	1610.25	0.50488484	-0.5355868	1.1570463089275114	0.7572583942932437	940	4	140	370.1085947751999	26.91500000000002
937.8333333333334	1377.0	1628.0	3638.0	2694.25	1799.0	0.3816939	-0.45084745	0.7884517318479582	0.5724864710908574	936	4	342	370.1085947751999	25.73400000000004
893.8333333333333	1178.2	1434.2	3518.25	3002.75	2014.5	0.42081192	-0.49825934	0.9611535410555828	0.6311541606517329	954	2	52	372.1680389642716	25.28333333333336
1498.0	1952.6666666666667	2561.45	3329.904761904762	3408.5	2901.0	0.1304377	-0.26071358	0.2573661923222421	0.1956399452189645	959	2	90	372.1680389642716	26.150000000000038
1002.625	1437.5	1549.5	3480.0	2432.0	1591.5	0.38383538	-0.41535333	0.917832479526464	0.5756958250497018	954	2	32	372.1680389642716	25.575000000000045
1407.3333333333337	1785.0	2008.5	3841.0	2850.75	2117.333333333333	0.31327465	-0.36544615	0.8582334207568381	0.4698717948717948	938	4	90	372.1680389642716	24.55666666666673
1223.575	1633.8333333333337	1873.75	3923.5	2997.5	2159.166666666667	0.35357282	-0.41200817	0.8554615360537545	0.5303134836790133	930	3	52	365.96876204013824	24.573333333333323
1040.5	1387.5	1577.5	4166.75	2236.5	1395.0	0.4507551	-0.5003826	1.110503516898267	0.6760738065189956	930	3	69	343.3796111345291	26.85400000000004
930.5	1260.0	1418.6666666666667	4261.0	2861.5	1877.2857142857144	0.5004402	-0.5435609	1.2261478509699033	0.7505941727061998	929	2	232	343.3796111345291	26.90600000000001
898.375	1246.9	1253.25	3852.6666666666665	2554.75	1660.0	0.50909895	-0.51097804	1.4019514869863414	0.7635736083685559	928	3	69	343.3796111345291	25.475000000000023
1081.5	1464.75	1743.75	3273.0	2808.5	1973.0	0.30482882	-0.3816685	0.6796364606017511	0.4571976680452438	931	1	270	341.4105571508408	25.49000000000001
828.75	1178.5833333333337	1233.0	3552.666666666667	2571.25	1655.5	0.4847113	-0.5017878	1.2244754321910876	0.7269909809520494	932	1	0	343.3796111345291	24.930000000000007
505.75	926.8571428571428	615.0	5185.0	2429.0	1315.1666666666663	0.787931	-0.69670194	2.247743649017534	1.1817946728730282	942	6	261	372.1680389642716	24.97285714285715
1765.142857142857	2256.0	2850.041666666667	3660.4	4073.8	3363.5	0.12447056	-0.23737408	0.2692907981883048	0.1866915051970208	936	3	0	341.4105571508408	26.463333333333367
1728.0	2251.0	2799.5	3637.75	3377.5	2703.75	0.13021865	-0.23549141	0.2803230445105842	0.1953128033862762	940	3	52	341.4105571508408	26.120000000000005
1182.3333333333333	1626.25	2018.5	3713.625	2874.0	2121.0	0.29572368	-0.39090335	0.609045180993443	0.44354680447439	957	2	128	394.1482813358307	25.80000000000001
1753.6	2401.125	3044.1666666666665	3653.333333333333	4025.5	3495.5	0.09095433	-0.20682417	0.1737035206448178	0.1364213197969542	969	2	90	394.1482813358307	27.81666666666672
1372.0	1898.0	2320.0	4357.0	3774.0	2896.0	0.30507714	-0.3931255	0.6375187781672509	0.4575814301759641	973	4	40	387.91971349716187	27.162000000000035
807.0	1250.0	1492.0	4409.5	2052.5	1430.0	0.49436584	-0.55826485	0.9977770177838576	0.7414859369705185	1042	3	203	389.0153172016144	27.27333333333337
1328.0	1801.5	2305.3	4145.2	3509.0	2875.0	0.2852337	-0.39411774	0.5736779745572461	0.4278173926523019	1053	3	291	363.5315971374512	27.14500000000004
1966.4285714285716	2536.5	3314.0	4459.0	4655.0	3632.8	0.14730477	-0.27481952	0.2983080370102947	0.2209429471923844	1062	1	308	362.7760647535324	26.160000000000025
808.2727272727273	1142.3333333333337	1002.3846153846154	4907.666666666667	2811.0	1709.6	0.6607865	-0.62236917	2.0085060530940178	0.9910958889252814	1011	2	0	358.7651826143265	26.31500000000005
607.7307692307693	1057.68	933.4545454545456	4506.714285714285	1931.5	1221.5	0.6568288	-0.61984	1.609442835451422	0.9851527039623422	1038	2	32	342.3492224216461	27.53000000000003
1124.5454545454545	1637.4444444444443	1845.6	4274.0	3085.333333333333	2206.6875	0.39682332	-0.44600868	0.8780088246585573	0.5951863531641639	1058	2	0	360.3286845684052	26.510000000000048
1424.0	1732.0	2282.5	4179.0	3077.0	2481.0	0.2935077	-0.41397396	0.6589645587213343	0.4402274837511606	1079	3	248	369.7739210128784	28.860000000000014
795.5	1246.0	1687.0	4112.0	2161.0	1391.0	0.41817555	-0.5349011	0.7331821617535904	0.6272092421760497	1095	1	232	386.2570607662201	30.08000000000004
1119.3333333333333	1494.3333333333333	1636.0	4560.333333333333	2260.0	1521.6666666666667	0.47194576	-0.5063863	1.2220705410374997	0.7078615421855248	1078	3	157	355.3151282072067	28.680000000000007
861.6	1297.0	1435.6666666666667	3564.75	2348.0	1572.0	0.4257812	-0.46644726	0.9309095943917332	0.6386079218809884	1078	6	12	366.1067065000534	28.58500000000004
1526.375	1938.6	2285.0	3942.5	2975.375	2385.0	0.26615816	-0.34073558	0.6677342357313352	0.3992052023121387	1079	3	308	370.268902361393	28.05000000000001
685.2	1063.875	1035.0	3865.0	2412.0	1450.3333333333333	0.577551	-0.5683092	1.4330565120518537	0.8662381389654117	1086	2	148	370.268902361393	28.63000000000005
541.875	931.4	791.0	4549.0	2379.0	1305.0	0.7037453	-0.6600978	1.7957018790839911	1.0555191461473643	1093	3	0	380.0400950908661	29.970000000000027
732.6363636363636	1110.0	1061.375	4043.0	2526.8888888888887	1613.0	0.58413124	-0.569183	1.5158305949558393	0.8761110703004481	1084	1	180	378.24959897995	28.33000000000004
1216.8794642857142	1632.125	1997.3333333333333	3373.285714285714	2695.8571428571427	2164.9166666666665	0.25619996	-0.34785572	0.5519981097001918	0.3842641641583956	1087	1	180	361.28829276561737	29.150000000000038
958.3333333333331	1337.1333333333332	1474.5	4124.857142857143	2479.6666666666665	1585.3333333333333	0.4733324	-0.51038605	1.145286746095438	0.7099352024286334	1102	3	292	366.7141503095627	27.83000000000004
577.7714285714285	849.5	738.25	4200.6	2419.5	1348.4	0.7010438	-0.663571	2.014017922731488	1.0514592000971787	1093	1	52	372.388727247715	28.06
1095.0	1439.0	1723.0	3185.0	2340.0	2031.0	0.297881	-0.37759516	0.6881295302645203	0.4467760008149128	1070	2	180	348.5584719181061	29.910666666666717
883.25	1199.75	1522.0	3344.6666666666665	2817.0	2144.0	0.37452054	-0.47198942	0.7784793456673239	0.5617231106393179	1092	2	148	357.77006447315216	29.25666666666666
630.5	951.0	948.0	3988.0	2442.0	1511.5	0.6158833	-0.6149018	1.535896529075936	0.9237313886356732	1053	3	112	348.6727718114853	29.71000000000004
496.0	871.0	625.0	4328.5	2340.25	1246.0	0.7476532	-0.6649678	2.1238100699621514	1.1213665724666937	1186	3	68	423.7447863817215	31.682000000000016
732.8076923076923	1060.1304347826087	1215.1789772727273	3672.5	2513.714285714286	1649.2102272727273	0.50275826	-0.55199105	1.1233947865103524	0.754060264820221	1193	1	180	385.9558832645416	31.58000000000004
651.5833333333334	928.4166666666669	1054.2333333333331	3816.3333333333335	2473.4	1580.75	0.56710035	-0.60865515	1.3138196583812034	0.8505631894451593	1109	3	112	374.69588971138	29.720000000000027
827.3166666666666	1231.6666666666667	1319.8333333333333	3626.6	2509.0	1704.5	0.46634948	-0.49296045	1.0795981947155022	0.6994535335022369	1123	2	212	374.69588971138	28.640000000000043
938.5	1300.0	1690.6666666666667	3238.25	2832.75	2116.25	0.31398043	-0.42709193	0.6098129613576063	0.4709228610552296	1139	1	308	424.64178907871246	27.685
806.0	1123.7142857142858	1609.0	3144.333333333333	2720.75	1992.3333333333333	0.3230014	-0.47342935	0.5682771554064058	0.4844511446902499	1092	1	90	381.9798814058304	28.105999999999995
866.3333333333334	1134.8333333333337	1523.1666666666663	3926.0	2702.0	1741.5	0.44095427	-0.55152315	0.9145289386211972	0.66137072603829	1003	1	128	351.64343124628067	29.41666666666669
519.5	863.0	549.0	5083.5	2271.0	1141.375	0.8050599	-0.7097452	2.529142729655865	1.207482691283508	1001	1	308	354.76052737236023	28.390000000000043
1012.0	1335.0	1733.0	3644.45	2764.0	1868.5	0.3554566	-0.4637962	0.7404760244520371	0.5331353024851476	1017	2	90	347.3146765232086	29.09666666666669
739.75	986.0	1221.95	3519.958333333333	2462.5	1702.5	0.4846168	-0.56235725	1.0830398212849388	0.7268485245717278	1004	3	52	357.77732622623444	29.08200000000005
1409.3333333333337	1696.5454545454545	1791.5277777777778	3675.5	3084.75	2338.0	0.3446063	-0.36838007	1.22156061784963	0.5168621812620979	1002	1	232	341.21659553050995	27.200000000000045
615.2	988.4444444444443	898.2	4297.0	2702.5	1582.0	0.65421927	-0.6259749	1.674879760309075	0.9812344823604136	1000	2	148	346.52230298519135	27.456666666666703
1124.571428571429	1383.5454545454545	1636.8333333333333	3359.428571428572	2968.333333333333	2164.333333333333	0.3447768	-0.41659158	0.907174741699268	0.5171134639576107	1004	3	337	340.9835510253906	27.823333333333323
424.0	621.4117647058823	766.6666666666667	2917.5	1674.2222222222222	1120.5	0.58380455	-0.64881194	1.2393876531827437	0.8755880224353174	1003	1	180	300.7244784832001	28.103333333333357
468.22222222222223	719.4444444444445	900.4166666666667	3246.5	1711.6363636363635	1164.0	0.5657416	-0.63718885	1.1414612390528702	0.8485101167393356	1007	3	112	300.7244784832001	27.450000000000045
685.5555555555555	1043.571428571429	1098.8333333333333	3050.2	2231.333333333333	1480.0	0.47031838	-0.49016625	1.083482631999763	0.7053925742653793	1009	1	128	300.10637974739075	28.150000000000038
428.0	652.375	848.2	2963.0	1739.5	1164.0	0.5548909	-0.63911074	1.0916336306574164	0.8322270902746808	1012	1	52	299.477049946785	28.200000000000045
411.175	733.0512820512821	972.3333333333334	3171.25	1885.3333333333333	1364.5	0.53067994	-0.62449044	0.9282143824509193	0.7959239075790785	1024	3	270	415.45262783765793	29.423333333333343
477.75	732.7333333333333	1119.125	3399.5	2189.6	1553.0	0.50466126	-0.64535725	0.872753889431081	0.756908140403286	1035	4	140	399.7042843103409	30.61666666666673
490.3333333333333	776.8	865.0	2987.0	2522.0	1804.0	0.55088264	-0.5872257	1.1787579157871346	0.826216742375081	29	3	203	911.989422082901	31.180000000000007
728.0	1070.6666666666667	1510.5	3426.0	2733.333333333333	2207.0	0.38802797	-0.5237954	0.6811877667140825	0.5819829856187968	17	1	270	897.1331411600113	31.410000000000025
729.2857142857143	1060.2857142857142	1210.25	3719.8	2602.5	1579.6666666666667	0.50903136	-0.5563738	1.1380854708385382	0.7634695926417945	1017	1	0	296.34587675333023	31.33000000000004
603.2	835.0	964.0	3654.333333333333	1825.75	1253.8333333333337	0.58253336	-0.6280071	1.368337176183372	0.8737054811821168	1030	2	328	304.7664954662323	29.422000000000025
587.0	815.4	780.5	3207.5	1786.0	1174.5	0.6085757	-0.5946208	1.739036973344798	0.9127491538172244	1027	1	0	304.7664954662323	29.525000000000038
527.5	747.625	701.0	3510.0	1840.0	1103.5	0.66706246	-0.6488066	1.8673137007245897	1.0004748901816454	1035	3	308	262.4445695877075	28.745000000000005
681.1666666666666	895.0833333333333	1120.45	3143.0	1956.0	1418.5	0.4743928	-0.5566791	1.0627213400729305	0.7115057634353124	1037	0	0	262.4445695877075	28.430000000000007
467.5	727.25	563.75	4024.475	1745.0	910.0	0.75426227	-0.69390064	2.217432674009572	1.1312701240540672	1058	1	270	246.26045489311215	28.77000000000004
578.6166666666667	871.0	869.5	4250.0	2681.5	1375.75	0.6603184	-0.65983206	1.6479391620152584	0.990380859375	1054	1	0	296.34587675333023	28.54666666666668
552.0	932.625	851.75	4210.75	2415.2	1249.75	0.66350615	-0.637349	1.6204351391769984	0.995160971755876	1097	2	0	295.43651127815247	28.285000000000025
549.0	760.2142857142858	799.5	3804.0	1779.75	1075.25	0.6526556	-0.66688055	1.6749358902887723	0.9788770634231104	1065	1	270	295.43651127815247	28.403333333333364
1268.125	1615.2	1864.6666666666667	3190.333333333333	2994.0	2310.5	0.2622486	-0.3277749	0.6807512741620058	0.3933339926812383	1073	1	128	295.43651127815247	27.633333333333383
588.0	777.0	769.5	3652.0	1899.5	1071.25	0.65192807	-0.6491307	1.86690414507772	0.9777815468113976	1077	1	232	373.7976667881012	28.06500000000005
536.7777777777778	923.6666666666666	671.3333333333334	3254.5	1711.3333333333333	929.5833333333331	0.65799195	-0.5578603	1.982374910467615	0.9868622124119196	1058	1	232	293.5557760000229	28.140000000000043
597.3333333333334	856.3333333333334	956.0	3364.0	1758.25	1190.0	0.5574074	-0.5941869	1.3027483228738368	0.83601435019095	1091	1	270	373.7976667881012	27.27250000000004
532.6666666666666	784.7142857142857	770.325	3486.0	1646.8333333333337	1037.5	0.6380328	-0.6325138	1.6502843982061035	0.9569368014893732	1078	2	180	373.7976667881012	27.875000000000057
1151.5833333333337	1678.0	2130.0	3425.5	3392.333333333333	2567.5	0.23319232	-0.34241208	0.4278613537658735	0.3497570194384449	1124	2	0	295.43651127815247	28.910000000000025
1371.6	1845.625	2428.25	3545.0	3407.333333333333	2720.5	0.18695852	-0.31524637	0.3566296225330523	0.2804143126177024	1156	4	17	295.43651127815247	28.13400000000007
872.0	1142.75	1344.5	3053.333333333333	2416.0	1881.0	0.38856256	-0.4553254	0.9324978172293364	0.5827775672603258	1083	1	52	373.7976667881012	27.8366666666667
835.75	1166.5	1312.6666666666667	3191.916666666667	2630.0	2024.5	0.4171862	-0.46471387	0.9786146382107116	0.6257098462847523	1097	1	52	295.43651127815247	27.683333333333398
462.0	856.3333333333334	595.5	5110.5	2338.083333333333	1088.5	0.79127234	-0.7129689	2.162563463933327	1.1868045211600806	1134	2	90	373.7976667881012	27.50333333333333
626.25	865.625	1008.5	3610.3333333333335	2040.25	1375.0	0.5633096	-0.61321133	1.3099663508739543	0.8448729975465434	1101	1	128	354.2292927503586	28.735000000000014
953.5	1369.25	1573.5	3287.75	2478.0	1933.5	0.35263565	-0.41196048	0.76823967016223	0.5288990589808196	1095	1	270	354.2292927503586	28.340000000000032
535.4	855.3333333333334	1117.8333333333333	3472.833333333333	2074.25	1440.25	0.5129974	-0.6047595	0.9549362024221456	0.7694122771989691	1117	1	232	354.2292927503586	28.38000000000005
796.0	1180.8333333333337	1364.3333333333333	3194.75	2420.5	1673.0	0.4014879	-0.46026245	0.8455752144254015	0.602165768070913	1090	1	308	354.2292927503586	28.140000000000043
559.75	879.5	953.8333333333331	3121.0	2048.5	1235.25	0.5318418	-0.56030494	1.16592692221475	0.7976648126942583	1028	3	128	333.0702858567238	30.99000000000001
732.45	1075.3333333333333	1431.0	2724.166666666667	2421.75	1795.6666666666663	0.31121898	-0.43396062	0.5556948154726522	0.4667722788160745	1040	2	180	329.6969759464264	28.772000000000048
1019.0	1207.0	1490.0	3428.75	2918.0	2235.5	0.39415503	-0.4792644	1.025305410122164	0.5911724348223815	923	3	157	334.6885761618614	31.72333333333336
1115.5	1360.0	1679.0	3323.0	2864.0	2145.0	0.32866853	-0.41917574	0.8168132359517066	0.4929535232383808	925	2	90	334.6885761618614	28.110000000000014
582.75	978.5	798.0	3373.333333333333	1931.0	1141.0	0.61738855	-0.5503045	1.6980033186448498	0.925971794974232	923	2	52	334.6885761618614	27.762000000000057
592.0	987.0	794.0	4029.0	1811.5	1036.5	0.67074436	-0.6064593	1.8574873679375288	1.0060122317819011	923	2	213	337.0690449476242	29.396666666666704
648.5	973.0	921.5	3994.5	2578.0	1415.0	0.6251017	-0.60825366	1.6483398594646783	0.9375572053289942	928	1	0	341.9596203565597	27.935
1198.6	1528.0	1707.0	3492.0	2512.0	1768.0	0.34333527	-0.39123505	0.9403645558950584	0.5149533609000866	927	0	0	346.0776867866516	28.36500000000001
781.0	1129.3333333333333	1189.5	3469.0	2854.0	1831.5	0.4893206	-0.50880754	1.1998631434887883	0.7339021249195106	935	2	180	356.94938546419144	29.720000000000027
719.5	1073.6666666666667	1052.0	4151.0	2608.5	1686.5	0.5956179	-0.5890009	1.5287849637413051	0.8933410204669934	935	2	270	357.2141626477241	29.685
683.6666666666666	1052.0	1077.75	3845.5	2602.5	1492.0	0.56217945	-0.5703931	1.3343698775431492	0.8431835491241432	924	2	308	337.0690449476242	33.48000000000002
1168.75	1486.6666666666667	1964.5	3184.0	3029.5	2603.0	0.2368651	-0.36340278	0.4912287768625002	0.3552631578947368	928	2	52	346.0776867866516	29.980000000000015
543.0	920.0	663.5	5075.0	2490.0	1298.0	0.7687549	-0.69307756	2.2126090881733376	1.153031887088343	930	3	249	346.0776867866516	30.845000000000027
911.3333333333334	1232.0	1403.0	3957.0	2778.6666666666665	1896.0	0.47649252	-0.52514935	1.1523190759790651	0.714672138793023	922	0	0	341.2607830762863	30.02333333333337
1484.6	1810.6666666666667	2161.5	3408.0	3801.0	2853.0	0.22380824	-0.30608073	0.5943072375321827	0.3356822262118492	922	1	180	341.2607830762863	31.515000000000043
952.3333333333334	1323.0	1461.5	4115.5	2970.333333333333	1988.0	0.4758831	-0.5134688	1.15531951941494	0.7137606454504706	918	3	291	349.2311142683029	32.03000000000003
730.0	1071.0	923.1666666666666	4084.0	2798.6666666666665	1779.0	0.6312619	-0.58448106	1.9045753996947057	0.9467982426945348	920	2	308	341.2607830762863	30.650000000000038
562.375	881.5	747.25	4472.0	2409.0	1255.0	0.7136562	-0.6706827	1.9650747174191163	1.0703817232626085	937	3	69	341.6807965040207	29.463333333333367
916.0	1207.0	1589.5	2607.0	2723.0	2074.5	0.24246396	-0.3670687	0.4822274881516587	0.3636526090064331	923	1	270	345.25220108032227	30.44000000000005
906.5	1222.0	1492.25	2451.5	2544.6666666666665	2137.333333333333	0.24323297	-0.33469445	0.5205111509034674	0.3648031945236737	929	1	0	344.006107211113	30.420000000000016
974.0	1393.0	1702.0	3402.5	2991.0	2282.0	0.33313742	-0.41903868	0.6736787893193884	0.4996571988246817	941	3	249	352.6666074991226	29.08333333333337
627.5	975.5	832.0	4166.0	2224.0	1221.0	0.6670668	-0.6205388	1.8718769299870863	1.0005001500450137	938	3	308	352.6666074991226	28.57666666666665
609.5	1010.0	862.0	3816.5	2171.5	1203.5	0.63150585	-0.5814773	1.67175918067108	0.9471575122889506	933	4	180	357.2141626477241	30.15500000000003
553.6666666666666	878.8571428571429	844.0	4201.333333333333	2340.0	1364.0	0.6654334	-0.65400624	1.641299742528436	0.9980511973575558	947	1	180	371.6274893283844	29.06
550.5555555555555	856.0	672.0	5099.0	2618.125	1385.85	0.7671114	-0.71251047	2.212246393710231	1.1505674434722344	979	8	62	407.30144441127777	29.63000000000005
495.3333333333333	876.0	727.5	4866.0	2408.0	1262.5	0.7398766	-0.69487983	1.8753398586188144	1.1097157668930997	970	2	90	378.36666095256805	28.58000000000004
469.5	915.6666666666666	745.5	4929.0	2407.333333333333	1318.0	0.73724556	-0.6866659	1.7781697624006458	1.1057709251101322	958	2	327	378.36666095256805	30.436666666666724
535.4	983.25	707.5	5096.0	2465.916666666667	1374.5	0.7561816	-0.6765226	2.059748427672956	1.1341747070985528	986	2	128	405.983690738678	29.20750000000004
598.0	932.6666666666666	801.0	4464.5	2397.5	1409.3333333333337	0.69575536	-0.6543866	1.913454507468923	1.043533991644512	974	0	0	405.983690738678	28.110000000000014
635.5833333333334	922.0	991.625	3932.0	2591.666666666667	1681.0	0.5971972	-0.6201071	1.436887629193442	0.8957048206534155	978	0	0	405.983690738678	27.174000000000035
723.375	1032.75	986.2	3654.5	2280.5	1453.25	0.57497793	-0.5593365	1.6084221693777103	0.8623739550116349	990	4	285	435.6134104728699	30.963333333333367
513.3376623376623	837.75	824.5	4284.5	2572.0	1485.5	0.67723626	-0.67289764	1.607069610326939	1.015754966239358	979	2	308	420.0008112192154	30.33400000000006
845.6	1197.4	1777.0	2603.0	2585.0	2166.0	0.18858448	-0.3698558	0.2982380127094165	0.282844424152494	962	2	308	385.6606822609901	30.06
521.25	815.0	658.3333333333334	4363.0	2373.0	1333.0	0.73778546	-0.68520665	2.1027140032730745	1.1065679864591285	960	2	213	385.6606822609901	31.200000000000045
852.4	1278.0	1582.0	2927.0	2672.0	2001.0	0.2982923	-0.3921522	0.5579060892649743	0.447388845770041	972	0	0	420.0008112192154	29.45500000000004
756.5	1099.3333333333333	1183.8	4143.0	2921.0	1725.0	0.55553055	-0.5805939	1.3274598289984838	0.8332175773844159	934	3	180	341.9596203565597	28.730000000000015
973.6666666666666	1295.5	1271.3333333333333	4507.0	2323.333333333333	1368.0	0.5599654	-0.55346835	1.6735629805868766	0.8398754073774986	931	2	232	346.0776867866516	30.19250000000005
780.5	1104.6666666666667	1370.0	3110.4	2395.0	1667.5	0.38844746	-0.47584856	0.7943187315728462	0.5826061728670581	945	2	213	361.6147807240486	30.57000000000005
711.6666666666666	1104.5	1014.6666666666666	4181.0	2277.333333333333	1444.0	0.6094181	-0.58206415	1.604831897279946	0.91403919556083	955	1	180	349.93806993961334	30.87750000000005
849.0	1136.0	1406.525	2600.333333333333	2483.0	2016.75	0.29794124	-0.3919172	0.6386756854115321	0.4468560959734489	943	1	180	349.93806993961334	29.396666666666704
485.6363636363636	815.8	562.3333333333334	4820.5	2340.75	1202.0	0.7910642	-0.7105193	2.3379936974440376	1.1864860681114553	918	3	249	345.25220108032227	31.685
656.25	1006.0	1036.5	3199.0	2042.6666666666667	1319.0	0.51056546	-0.521522	1.2021569335964644	0.765757790368272	917	1	90	345.78123795986176	30.930000000000007
690.5	1009.5	1136.5	2364.0	2114.0	1312.5	0.3506642	-0.4015118	0.7661818862742651	0.5259211653813196	930	0	0	341.6807965040207	29.54000000000002
927.6875	1325.0	1719.75	3221.5	2937.75	2165.1428571428573	0.30392107	-0.41713405	0.5702839077786269	0.4558354833813932	923	2	308	345.78123795986176	30.430000000000007
726.3333333333334	1078.3333333333333	1223.25	3504.0	2678.333333333333	1940.3333333333333	0.48246866	-0.52935183	1.0564897165091718	0.7236264607900164	959	1	180	345.78123795986176	29.67500000000001
811.0	1167.5	1577.0	2444.5	2449.0	1926.0	0.21571553	-0.35354373	0.3723175965665236	0.3235330681253108	922	2	270	345.78123795986176	30.930000000000007
581.0	971.0	911.0	3303.0	1862.0	1172.0	0.5676317	-0.54562473	1.3552407932011332	0.8513465417012694	988	1	0	430.36837887763977	28.33000000000004
930.5	1352.5	1593.0	2708.0	2820.0	2309.5	0.25924203	-0.3338259	0.5271119935706519	0.3888178542368941	1000	2	308	432.82508766651154	29.05000000000001
846.0	1098.0	1352.0	2131.0	2599.5	2169.0	0.22365777	-0.3199133	0.4994870479610156	0.3354384957657528	1015	4	117	423.4607137441635	28.78000000000003
867.0	1216.5	1578.5	2825.5	2836.5	2368.0	0.2831517	-0.39807028	0.5379637618636756	0.4246793052559882	1049	1	0	453.8455669879913	28.45500000000004
718.0	1061.5	1463.0	2859.0	2595.0	2197.0	0.3229986	-0.45848745	0.558132096593635	0.4844418739155581	1003	3	111	417.43745493888855	29.102000000000032
1179.0	1658.0	2235.0	3458.0	3373.0	2852.0	0.21482523	-0.35183737	0.3809256836728337	0.3222095371915342	1027	1	90	466.5827317237854	30.350000000000023
632.0	880.6666666666666	1270.75	2499.0	2144.0	1745.6666666666667	0.32581738	-0.47884408	0.5702711486674714	0.4886612293614482	987	1	90	466.5827317237854	30.643333333333374
490.0	903.3333333333334	870.0	3626.0	1870.0	1171.5	0.6129893	-0.6011186	1.3321732405259088	0.9193817413543868	1012	2	180	454.1718848347664	29.650000000000038
1015.0	1367.5	1723.0	3466.5	2843.0	2465.0	0.33596686	-0.43421596	0.7038188277087033	0.5039017341040463	1010	2	308	466.5827317237854	29.775000000000038
1049.0	1441.0	1879.0	3458.0	2826.0	2557.0	0.2958591	-0.41171667	0.5749763309300124	0.4437470725995316	989	1	270	459.0654163360596	29.500000000000057
703.0	1040.0	1428.0	3526.0	2256.5	1677.0	0.42349616	-0.54445904	0.7687797728105533	0.6351801392673326	1037	2	52	454.1718848347664	28.953333333333376
447.0	688.0	932.0	2280.5	1700.5	1317.6666666666667	0.41976655	-0.53646624	0.745686794956868	0.6295518207282913	1029	3	157	459.8332860469818	28.99000000000001
802.6666666666666	1240.0	1548.0	3400.0	2966.0	2299.0	0.37429264	-0.46551725	0.6942570100464838	0.5613822370415278	962	1	180	466.57239174842834	30.88000000000005
660.0	963.6	1098.5	2871.0	2136.0	1461.0	0.44652978	-0.49741825	0.981885663638378	0.6697103274559194	953	2	52	470.66328489780426	29.99000000000001
907.5	1332.5	1615.0	3209.0	2726.0	1989.0	0.33043116	-0.41318947	0.653948717948718	0.4955953984868898	956	2	308	484.3815096616745	31.33000000000004
422.6666666666667	752.75	807.5	3437.0	1652.0	1017.0	0.6195076	-0.64067066	1.285693330725601	0.9291519434628976	957	2	308	504.535014629364	30.463333333333367
605.6666666666666	919.625	1377.5	3540.333333333333	2427.333333333333	1740.0	0.43979394	-0.5876083	0.7443842782736387	0.6596238563198915	1144	3	52	508.80259346961975	28.83000000000004
990.2941176470588	1319.4	1829.0833333333333	2961.25	3057.0	2509.375	0.23634402	-0.38355157	0.4348102748076542	0.3544790398330145	1136	2	52	524.2373322248459	28.420000000000016
672.0625	1061.3333333333333	1225.3333333333333	2590.5	2426.0	1877.8	0.3577637	-0.41873944	0.6960829928764306	0.5365752467464409	1133	1	270	549.3417754173279	28.57666666666671
669.3333333333334	984.7619047619048	1382.3076923076924	2968.1666666666665	2538.5	1838.5	0.36452553	-0.5017558	0.6350535470423345	0.5467254608457874	1165	3	128	508.80259346961975	27.720000000000027
939.4285714285714	1303.5	1811.1666666666667	3347.6666666666665	2856.5	2311.0	0.29783866	-0.43949547	0.5357427491714762	0.4467146918206486	1000	2	52	512.3098412752151	29.950000000000045
986.0	1334.0	1744.5	3008.0	2631.0	2109.0	0.26586008	-0.3855366	0.5194458148330867	0.3987481590574374	962	2	232	496.0615887641907	29.74000000000001
733.0	1055.0	1374.1	2993.75	2224.333333333333	1669.5	0.37081173	-0.4788515	0.7051951897036672	0.5561539253951722	969	3	111	532.6936476230621	29.696666666666715
794.4285714285714	1122.3333333333333	1311.8	3235.6	2158.8	1817.0	0.42305493	-0.48492405	0.9340311783000363	0.6345126322038743	984	2	33	546.9019434452057	30.700000000000045
799.0	1121.0	1507.0	2956.0	2544.333333333333	2102.0	0.3246695	-0.45008585	0.603096645300924	0.486949703147754	969	1	90	524.1648516654968	29.05000000000001
971.0	1333.0	1684.0	3105.0	2938.0	2366.0	0.29672167	-0.39927897	0.5993251792492619	0.4450360162856248	956	2	0	507.1884589195252	29.920000000000016
606.5	919.9	1319.2857142857142	3732.5	2450.333333333333	1849.0	0.4776953	-0.6045482	0.8496677782639968	0.71647203528813	1035	2	180	494.65795946121216	26.86500000000001
545.0	796.375	1316.8333333333333	3475.0	2440.0	1678.857142857143	0.45038435	-0.6271107	0.740162791229394	0.6755060165542187	1082	3	232	487.2411385774613	28.450000000000045
611.6666666666666	862.4444444444445	1116.6	3047.333333333333	2269.0	1611.0	0.46368018	-0.55882686	0.935354266114603	0.6954367541001978	1105	2	52	484.5649726390839	29.500000000000057
790.0	1126.0	1549.0	2934.0	2718.0	2064.0	0.3089449	-0.4453202	0.5492544416243654	0.4633656741385079	1143	2	180	496.80799889564514	28.305000000000007
575.0	836.5	1181.0	3202.0	2546.0	1768.0	0.4610997	-0.5857373	0.845394461641429	0.6915706627124444	906	2	232	481.1474865078926	29.99000000000001
817.0	1266.5	1397.0	3251.0	2747.0	1929.0	0.39888123	-0.43929166	0.84173249795696	0.5982575024201355	929	3	157	501.74610567092896	27.04000000000002
445.0	634.6666666666666	788.0	2737.0	1741.0	1266.0	0.5529078	-0.62352943	1.1802107302894511	0.8292440788540631	954	2	308	501.74610567092896	28.298571428571503
694.0	1066.5	1071.0	3380.0	2442.0	1626.0	0.51875985	-0.5202969	1.2543459365493264	0.7780523419072223	961	2	213	485.8860267996788	28.07000000000005
497.6666666666667	745.5	881.0	2878.0	2129.4	1640.3333333333333	0.5312583	-0.5885194	1.1263395375070502	0.7967814868998537	925	1	90	485.8860267996788	28.36600000000004
627.0	1003.0	1165.0	2705.0	2478.5	1770.0	0.39793283	-0.45900756	0.7710023029938919	0.596822116005684	923	2	33	481.3707551956177	27.79000000000002
561.6	809.5	978.6666666666666	3065.5	2174.0	1557.0	0.5160107	-0.58219355	1.1037942099509856	0.773920388989616	924	0	0	475.8850973844528	28.476666666666688
886.75	1303.0	1518.0	2862.0	2735.0	2320.0	0.3068493	-0.37430972	0.6315344313135822	0.4602214359091428	940	7	263	494.2414433956146	27.498000000000047
804.0	1093.0	1417.0	3193.0	2624.0	2003.0	0.38524947	-0.48996735	0.7836216025414755	0.577811517189025	936	5	153	481.1474865078926	27.136666666666716
685.2	1055.0	1175.0	3121.0	2302.0	1638.0	0.4529795	-0.4947318	0.9666203059805284	0.6793902013266613	922	4	139	510.6632516384125	26.85400000000004
983.0	1307.0	1612.3333333333333	3000.0	2854.0	2232.0	0.30086002	-0.39308104	0.6542511393996543	0.4512411027206706	919	7	20	500.5868189334869	25.950000000000045
769.0	1151.0	1368.0	3183.5	2685.0	2199.0	0.3988795	-0.4689122	0.806888888888889	0.5982535149384886	920	4	0	510.6632516384125	26.860000000000014
1079.0	1383.0	1622.0	3380.0	3109.0	2410.0	0.3514594	-0.41927356	0.8754108156558111	0.5271364317841079	902	6	23	490.0686405301094	27.38000000000005
622.0	881.0	1127.0	3673.0	2287.5	1748.0	0.53041667	-0.6130874	1.1029284352798476	0.795542131028018	874	1	270	478.463024020195	28.01666666666671
1163.0	1598.0	1986.0	3447.5	3310.0	2623.0	0.2689795	-0.36656427	0.550097862089732	0.4034320942215679	929	4	0	478.463024020195	28.15666666666669
1288.0	1651.0	2053.0	2960.0	3661.0	3106.0	0.18092959	-0.28388637	0.4035415554369104	0.2713673082676773	900	3	128	494.62208116054535	28.265000000000043
1042.0	1320.0	1708.8	3119.0	2868.0	2324.0	0.29209992	-0.40527147	0.634333729173414	0.4381045088333368	861	2	128	514.7399176359177	28.05666666666673
1215.0	1541.0	1976.0	3006.0	3452.0	2501.0	0.20674428	-0.32219046	0.4477871489435701	0.3100852985449072	844	0	0	514.7399176359177	28.24000000000001
456.5	759.0	890.0	2280.0	2517.5	1762.0	0.4384858	-0.5004936	0.8279230448507952	0.657624980287021	31	9	300	907.9595012664796	30.167500000000015
1719.5	2000.6666666666667	2126.0	3306.333333333333	3123.0	2014.0	0.21727926	-0.24602726	0.9317195105907116	0.3258888854802589	22	2	248	911.989422082901	31.32000000000005
657.3076923076923	1008.3333333333334	1392.0	2677.25	2726.5	1912.5	0.31584445	-0.45282292	0.5267036122853639	0.4737084587505374	37	0	0	897.1331411600113	30.910000000000025
559.4	817.0	915.6666666666666	2652.5	2370.0	1575.5	0.4867579	-0.5290388	1.0987052968960864	0.7300345600597797	56	4	298	902.0392150878906	30.90500000000003
1125.0	1494.6666666666667	1832.0	3157.6666666666665	3529.0	2743.0	0.2656824	-0.35745504	0.5800927681670994	0.3984836845796734	69	3	0	902.0392150878906	31.06500000000005
1006.5714285714286	1323.4	1461.0	2707.0	2445.333333333333	1719.6	0.29894432	-0.34329098	0.7936883485604046	0.4483627204030226	80	1	309	902.0392150878906	30.105000000000015
869.7	1256.2	1691.1666666666667	3042.3636363636365	3605.0	2733.0	0.28545228	-0.4155257	0.5066268995881267	0.4281331814137483	87	1	0	902.0392150878906	30.441428571428617
478.6666666666667	752.0	1017.0	2771.5	2893.0	1991.3333333333333	0.46311206	-0.5731517	0.8300217617560791	0.6945764053840063	58	2	90	902.0392150878906	30.56200000000001
885.25	1295.0	1520.0	2659.0	2833.6666666666665	2247.5	0.27255324	-0.34496713	0.5539209726443769	0.4087809546596483	56	4	220	902.0392150878906	30.603333333333357
276.52941176470586	607.8	482.6470588235294	3088.5	2252.6	1355.4	0.72969633	-0.6711306	1.665545011579992	1.0943912842979018	47	4	255	902.0392150878906	30.512000000000057
818.25	1200.75	1532.0	3160.0	3127.6666666666665	2645.0	0.34697357	-0.44929197	0.6547487381608318	0.5204049014384656	18	1	180	897.1331411600113	32.03000000000003
789.3333333333334	1171.5	1643.5	2775.0	3188.5	2448.5	0.2560824	-0.4063094	0.4211329462557689	0.3840801086218601	22	2	248	897.1331411600113	31.700000000000045
628.0	997.3333333333334	1139.3333333333333	3142.333333333333	2961.0	2095.0	0.46780849	-0.51815766	0.9503099696356276	0.7016307943797923	23	2	292	897.1331411600113	31.58333333333337
442.8	769.0	950.3333333333334	2425.0	2930.0	1971.0	0.43689513	-0.51847214	0.7669371056098744	0.6552456183658355	28	1	270	897.1331411600113	31.180000000000007
866.0	1381.6666666666667	1634.0	2932.6666666666665	3149.0	2434.0	0.28437957	-0.35949934	0.5200768902178556	0.4265226435061855	39	4	105	897.1331411600113	31.090000000000032
530.5	850.6666666666666	878.5	2866.25	2318.5	1548.0	0.5308098	-0.5422729	1.1947048924149537	0.7961084039783726	63	2	180	897.1331411600113	30.56
482.9130434782609	740.8125	1055.5	2314.6	2989.0	1967.0	0.3736091	-0.5150818	0.626199560092825	0.5603305049546075	72	2	212	1005.1742477416992	30.430000000000007
1895.6666666666667	2129.0	2272.2	2390.333333333333	2637.285714285714	1971.75	0.025336727	-0.05782564	0.1634354651270042	0.0380010150760235	102	4	197	1005.1742477416992	30.470000000000027
645.25	998.75	1451.5	3021.2	3612.5	2867.5	0.3509513	-0.50310326	0.5694065069847245	0.52636814808191	130	2	180	1061.1476106643677	26.81
614.8333333333333	924.5	1213.0	2568.833333333333	3542.5	2665.5	0.3585122	-0.4707061	0.6472891039004438	0.5376971886842337	125	0	0	1145.543797492981	26.910000000000025
565.5	935.0	1347.5	2798.5	3482.0	2472.0	0.34997588	-0.4991295	0.5460429759530351	0.5249005185095864	138	1	129	1066.6548266410828	26.610000000000014
219.95652173913044	218.56521739130437	92.53846153846152	32.2125	14.367088607594935	15.942528735632184	-0.4835711	0.7430992	0.1421132198975309	-0.7224610589508755	1122	0	0	499.22907996177673	18.13000000000005
430.6666666666667	465.5	152.0	54.46153846153846	22.72222222222222	22.62162162162162	-0.47242922	0.79051703	0.1077754734301159	-0.706931797063743	1122	0	0	537.9641826152802	17.456666666666706
757.5	879.0	279.0	47.72413793103448	13.55	15.725	-0.7078628	0.89700466	0.1460618612379652	-1.0601717687970915	1122	0	0	541.3393511772156	17.78333333333336
468.3333333333333	542.3333333333334	139.75	45.0625	13.24390243902439	13.024390243902438	-0.5123436	0.8465685	0.0900777701143958	-0.7664418212478921	1122	0	0	555.6866192817688	17.33000000000004
396.5	492.4285714285714	142.55555555555554	45.75	46.16666666666666	45.0	-0.5140876	0.8299821	0.1168208635022794	-0.7690893041047521	1122	0	0	567.7062830924988	17.010000000000048
407.0	422.3333333333333	116.5	40.5	22.272727272727277	34.125	-0.48407644	0.824991	0.0821799307958477	-0.7238095238095238	1122	0	0	550.4744349718094	16.878000000000043
606.5714285714286	666.6666666666666	224.57142857142856	80.0	44.285714285714285	40.07692307692308	-0.47467166	0.78571427	0.1158106747230614	-0.7108405525638024	1122	0	0	483.5605583190918	16.890000000000043
565.0	591.125	203.75	75.0	45.91666666666666	45.55555555555556	-0.4618834	0.77481705	0.1095185437223545	-0.6915846016114593	1122	0	0	612.208903670311	16.810000000000002
481.5	539.125	282.0	160.0	104.2	98.33333333333331	-0.2760181	0.542285	0.1734679368690459	-0.4135593220338983	1122	0	0	493.3722593784332	16.638000000000034
659.2	971.1428571428572	1322.5	2188.5	3197.75	2289.333333333333	0.24665338	-0.38528314	0.4179133288292636	0.3699273814609141	1432	5	180	554.526739358902	21.69500000000005
351.2173913043478	631.4285714285714	652.3333333333334	1988.0	2377.0	1512.5	0.50587046	-0.5178883	1.0215050187983257	0.7586620384979488	1411	5	136	509.9247760772705	22.70500000000004
353.89473684210526	617.4615384615385	594.0	3091.0	2054.5	1177.6666666666667	0.67761195	-0.66699857	1.5599271378593786	1.0162800162800163	1538	9	346	465.3436548709869	20.82200000000006
272.5	560.4	469.0	3135.0	1914.0	966.6666666666666	0.73973364	-0.69670403	1.70624	1.1094465251768624	1413	19	289	499.0370165109634	21.430000000000007
255.33333333333331	464.8333333333333	359.25	2374.555555555556	1166.875	649.1666666666666	0.7371796	-0.67258215	1.9259009535135596	1.1055671255142987	1540	18	294	529.0039491653442	20.05000000000001
332.3636363636364	562.0	561.1	2022.1	1653.0	1012.2222222222222	0.56557757	-0.5650323	1.2607988903777296	0.8482021906568101	1601	21	113	519.7663013935089	19.045000000000016
360.3333333333333	750.5	498.25	4651.75	2477.4	1132.8333333333333	0.80650485	-0.7221528	2.102080064780606	1.209639840792156	1582	28	330	660.7935798168182	19.480000000000015
367.55555555555554	684.8888888888889	563.0	3448.0	2317.6	1195.25	0.719272	-0.6685665	1.7719678977970683	1.0787735261124267	1541	20	30	649.9367039203644	18.653333333333364
615.0	927.5714285714286	1000.875	3318.0	2865.25	1613.6	0.53651124	-0.5630405	1.2294396986257758	0.8046737085805238	1350	25	306	617.5675437450409	19.48333333333335
399.3636363636364	656.3	626.5714285714286	2695.5	2188.0	1253.0	0.6227827	-0.6083895	1.494587652078627	0.9340334508556196	1371	13	128	565.3476161956787	20.52000000000004
541.2631578947369	864.2	925.6666666666666	2831.0	2387.5	1331.25	0.50718725	-0.5322581	1.1009602128039189	0.7606795901166661	1702	21	58	570.8824073076248	18.500000000000057
299.22222222222223	468.25	334.1	360.0	45.34782608695652	39.42857142857143	0.037314508	0.13069725	0.5332143837496541	0.0559314713504174	965	0	0	513.0420414209366	19.660000000000025
353.0	671.8	465.8181818181818	3387.75	2095.428571428572	986.0	0.7582406	-0.6690273	2.0657525178191536	1.1372133341982202	968	1	270	545.4370954036713	22.643333333333374
1706.2	2018.0	2090.0	2801.0	3189.0	2731.0	0.14536904	-0.16248184	0.6982911019446081	0.21803127874885	953	0	0	549.062327504158	24.17500000000001
1933.0	2101.0	2352.0	2682.0	2659.0	2361.0	0.06555423	-0.12147188	0.3590859630032644	0.0983215810904757	953	0	0	577.9244499206543	24.220000000000027
431.6923076923077	784.3333333333334	847.2	2385.5	2171.0	1459.0	0.4758561	-0.5051265	0.908729444653474	0.7136737597426699	1403	6	295	556.5874783992767	22.160000000000025
416.24	680.08	651.1666666666666	2260.1428571428573	1933.0	1169.4666666666667	0.5526641	-0.5373956	1.3204162055360689	0.8288537646366196	1354	8	36	559.8721535205841	20.135000000000048
1310.375	1623.5454545454545	1918.025	3148.0	4077.5	2976.175	0.24278897	-0.31948864	0.6367203576059861	0.3641475172825556	1952	10	254	501.0641783475876	20.56
869.695652173913	1245.4444444444443	1388.625	3229.75	3149.25	2160.1111111111118	0.39865214	-0.44340098	0.9132958417806152	0.5979134529512056	2095	10	159	524.6986331939697	17.000000000000057
671.2857142857143	1047.448275862069	1120.08	2640.5	3153.8	2185.6	0.40430465	-0.4319615	0.8783808320260301	0.6063763599817074	1907	5	0	547.6138126850128	19.250000000000057
1373.75	1628.142857142857	1822.111111111111	2654.0	4077.5	3067.0	0.18585081	-0.23956631	0.6331849107984795	0.2787450824656548	2060	3	68	576.5145854949951	16.49000000000001
671.0714285714286	919.6	991.5384615384615	2417.5	2792.0	1898.0	0.4182885	-0.4488628	1.0690344356577406	0.6273407183467197	1871	12	35	584.7214570045471	20.58000000000004
1406.9870129870128	1826.125	2012.25	3426.6666666666665	4007.416666666667	2858.4	0.26005486	-0.30470306	0.7145302578937673	0.3900464204188562	2089	20	302	840.118837594986	15.78666666666669
1597.35	2011.5	2261.5	3132.833333333333	3899.75	3042.0	0.16152753	-0.21797447	0.4612466363756672	0.2422688374679476	2093	18	329	852.2706408500671	16.390000000000043
1309.2857142857142	1491.6	1753.0	2332.0	4257.0	3232.5	0.14173807	-0.21979287	0.4775088951200546	0.2125810794272427	1865	7	351	846.1350028514862	17.52333333333337
2048.8714285714286	2389.6666666666665	2655.875	3391.9833333333336	4885.333333333333	3860.25	0.121713884	-0.1733617	0.464515722877338	0.1825557348206056	2220	18	43	1122.194792985916	17.500000000000057
1466.952380952381	1953.1818181818185	2187.5	3646.0	3779.0	2868.5	0.25002143	-0.30233315	0.6319480551635347	0.375	1861	31	200	879.3929557800293	20.436666666666724
1181.1	1573.5	1883.0	3180.1666666666665	3745.0	2696.0	0.2561967	-0.3379847	0.5769373322856592	0.3842571259298268	1702	1	128	844.7686839103699	20.94666666666666
1174.3846153846157	1568.142857142857	1759.0	3169.25	4379.125	3201.375	0.28615636	-0.33797222	0.7171202146676524	0.429190971341618	1768	16	267	774.8455035686493	19.693333333333385
737.3939393939394	1062.95	1667.3611111111113	2504.5	3166.0	2514.0	0.20066318	-0.40408415	0.2998686937543237	0.3009586897906194	1313	6	116	458.66273641586304	29.402000000000044
735.6	1181.8	1894.75	2745.192857142857	3315.375	2550.0	0.18328735	-0.3981145	0.2472881013760335	0.2749014102718028	1343	12	174	476.69923067092896	29.650000000000038
1307.6666666666667	1726.157894736842	2144.3	3247.0	3841.6875	2907.0	0.20453323	-0.30581015	0.4371422228565084	0.3067713935976853	1521	27	331	426.6083599328995	26.65285714285716
565.7692307692307	799.0432692307693	868.7222222222222	2103.0	2356.909090909091	1675.9	0.4153409	-0.44932368	1.0041100157558716	0.6229065420560748	1398	11	270	473.61732959747314	26.57000000000005
590.6153846153846	792.4444444444445	978.2	1584.4	2026.75	1573.6666666666663	0.23655662	-0.3331962	0.5009942835055741	0.354765713393937	1081	32	27	502.12501287460327	27.19000000000005
608.5454545454545	928.5357142857144	1054.3181818181818	2778.85	2509.176470588235	1741.0	0.44989726	-0.4990887	0.9492832529497072	0.6747578571199908	1442	15	0	571.4424312114716	22.55000000000001
797.825	1242.3125	1622.9	2591.5714285714284	3209.8	2510.25	0.22984411	-0.35193005	0.3815900137285063	0.3447252650416202	1138	9	32	589.2591123580933	25.870000000000005
622.85	878.7058823529412	1007.6923076923076	2651.375	2797.666666666667	1863.2	0.4492081	-0.502161	1.0203749068821268	0.673720096165215	1021	18	11	562.4637985229492	26.160000000000025
1120.6875	1436.8235294117646	1762.3636363636365	3030.8125	2902.0	2155.7	0.2646364	-0.35678577	0.6097329156413276	0.3969131917405389	1359	12	265	350.91788613796234	26.83000000000004
673.0	920.45	1047.2631578947369	2971.0	2446.4444444444443	1631.571428571429	0.47874835	-0.52693725	1.142883050773262	0.7180331733382227	2195	27	75	372.13188004493713	24.870000000000005
1058.4130434782608	1182.4545454545455	1436.265306122449	2006.684210526316	3274.4	3149.0625	0.1656774	-0.258449	0.530685776541689	0.2484800060140028	996	3	68	353.76296746730804	36.25666666666666
1374.952380952381	1674.0	1886.315789473684	2403.125	2724.133333333333	2225.5	0.120484054	-0.17883313	0.3789060637373354	0.1807050152514067	1162	19	311	379.27376103401184	30.885000000000048
878.5555555555555	1090.8392857142858	1551.857142857143	1868.0	2731.75	2581.0	0.092443295	-0.26265728	0.1721544852479761	0.1386446695207267	1036	1	90	300.5398201942444	29.41500000000002
1409.75	1874.4	2320.8	3374.0	3834.0	3172.333333333333	0.18494065	-0.28572518	0.3914266706805366	0.277386617035099	1017	2	32	413.29927349090576	28.786
601.9302325581396	993.4864864864865	1245.6666666666667	2722.625	2653.5375	1932.7	0.37218997	-0.46530858	0.6497095741882066	0.5582146119200848	668	9	84	604.226550579071	25.81500000000005
671.2820512820513	984.125	1185.2222222222222	2607.285714285714	2840.2	2074.5	0.37496653	-0.4519563	0.7588379830378695	0.5623756326908953	779	14	60	655.6517338752747	26.982500000000016
346.4047619047619	606.5555555555555	671.6764705882352	2082.2	2159.3636363636365	1468.0	0.51219565	-0.5488206	1.0031536303503934	0.7681539966342336	1281	29	186	627.893720626831	26.54333333333335
156.52631578947367	414.84615384615387	351.85714285714283	2346.9	1323.3333333333333	784.4545454545455	0.73924506	-0.6995769	1.5182533232231152	1.1086621716027691	1563	11	290	610.7033435106277	25.8033333333334
414.9655172413793	728.8518518518518	794.2142857142857	3417.3076923076924	2898.285714285714	1774.3333333333333	0.6228374	-0.64842075	1.2930937314554305	0.9341451992465316	1296	29	333	568.4724941253662	24.19000000000005
799.3478260869565	1191.3125	1502.5	2600.125	3080.5	2435.5	0.26754212	-0.3715774	0.4881790678809244	0.4012642802741812	1549	36	193	577.8186864852905	26.98333333333335
863.6363636363636	1247.032258064516	1753.2857142857142	2719.6428571428573	3404.5	2544.25	0.21604574	-0.3712456	0.3572176108841448	0.3240323816823147	1580	1	180	623.8558495044708	25.50200000000001
610.75	988.0833333333334	1332.853535353535	2335.125	2799.6666666666665	2207.729166666667	0.273249	-0.40534374	0.4355716410349608	0.4098176348808354	1591	7	225	599.2960658073425	26.410000000000025
606.4489795918367	920.318181818182	1181.076923076923	2210.5	2334.958333333333	1808.857142857143	0.30352342	-0.41209096	0.5418479113228379	0.4552180420436764	1260	27	103	599.2960658073425	27.230000000000015
860.3888888888889	1279.2563025210084	1558.9565217391305	2561.136363636364	3018.818181818182	2431.0	0.24324206	-0.3337888	0.4586250205977579	0.3648188026973363	1260	29	218	592.7265564203262	25.33000000000004
412.9047619047619	736.875	869.9375	2750.014285714285	2546.6666666666665	1673.8	0.51936513	-0.5773454	0.9643687270046656	0.7789401283284987	1309	25	53	592.7265564203262	24.55800000000005
419.1363636363636	828.6033834586467	799.7727272727273	3556.833333333333	2967.2	1805.4615384615383	0.632846	-0.6221113	1.322217846300513	0.9491600276803132	1299	24	324	580.2308707237244	24.010000000000048
928.5806451612904	1311.0	1692.4444444444443	2653.3	3409.333333333333	2509.0	0.22110264	-0.33859697	0.4110005864544418	0.3316158011258763	1615	17	196	515.4282405376434	22.610000000000014
605.4038461538462	926.279069767442	1056.095238095238	2334.5	2480.875	1837.3333333333333	0.37704435	-0.4318664	0.7735638302175629	0.5654831280805471	1712	22	130	563.7010350227356	21.125000000000057
610.2777777777778	938.318181818182	1235.6666666666667	2274.1428571428573	2628.0	1938.0	0.29587823	-0.41582596	0.5078560732907482	0.4437541120373322	1552	20	337	505.9186959266663	21.150000000000038
410.0689655172414	607.1666666666666	672.2962962962963	1822.8181818181815	1649.6666666666667	1200.1	0.46110985	-0.50027126	1.033868917860263	0.6915262126491253	1772	8	180	549.7641050815582	20.80333333333334
737.5625	1178.6842105263158	1439.8	2526.6	2862.1428571428573	2263.125	0.27400163	-0.36378202	0.4821923156700302	0.4109506163502987	1937	23	141	917.3696221113204	21.40500000000003
1248.2307692307693	1949.2222222222224	2615.75	3356.2	3456.916666666667	2833.75	0.12398798	-0.2651962	0.1910351783287395	0.1859663957002569	2131	29	51	818.4377224445343	20.13000000000005
789.7	1252.0	1694.3636363636365	2823.0	3437.333333333333	2641.25	0.24984403	-0.38552147	0.3992385044072201	0.374724578189611	2172	9	164	824.5817458629608	19.82000000000005
794.1176470588235	1187.6363636363635	1496.6	2612.0	2735.0	2090.0	0.27147934	-0.37486842	0.4947027995015874	0.4071694531649266	2171	28	86	824.5817458629608	20.71000000000004
1178.8	1564.6923076923076	1956.8	2718.6666666666665	3247.8	2668.3571428571427	0.16294986	-0.26940873	0.3389408247520524	0.2443986626651173	2329	17	133	819.3571573495865	17.866000000000042
538.28	859.8571428571429	1116.6315789473683	2342.6666666666665	2588.333333333333	1974.3	0.3544173	-0.4630128	0.6122392481417483	0.5315490965146026	1973	10	333	1090.9284937381744	22.430000000000007
1292.6666666666667	1741.4	2096.583333333333	2862.2	3247.2	2665.375	0.15439607	-0.24346164	0.3330100156004428	0.231570757871601	2368	22	85	1129.46379840374	18.896666666666704
922.4666666666668	1311.4	1576.0	3095.6	3019.25	2228.5	0.3252847	-0.4048559	0.6742869313643705	0.4878748314462446	2204	14	326	880.6367604732513	18.54333333333335
430.7936507936508	701.2391304347826	829.0487804878048	2370.65	1821.111111111111	1293.625	0.48179573	-0.5434476	0.9365764597139552	0.7225806857272205	1792	34	149	851.031311750412	19.496666666666727
566.8571428571429	833.6136363636364	1201.3125	2930.0	2574.5	1876.1666666666667	0.41843542	-0.5570142	0.734056573156565	0.6275771831369404	1547	7	332	846.0889897346497	20.765000000000043
798.0769230769231	1248.5238095238096	1725.7424242424242	2975.6363636363635	3293.923076923077	2572.0	0.2658569	-0.4088653	0.4253936286057597	0.3987429267475283	1697	11	6	795.7124972343445	22.183333333333398
251.75	539.1111111111111	441.6666666666667	2257.8375	1681.5	1013.0	0.67277944	-0.6145005	1.503098054956681	1.0089822392249397	539	16	224	1009.7903397083282	26.28000000000003
608.0526315789474	751.5	716.8	2129.333333333333	1898.0	1269.5	0.49629906	-0.47827595	1.8876679724023075	0.7443178491551424	1070	45	217	986.1458151340483	24.200000000000045
220.73684210526315	484.9310344827586	289.0857142857143	2659.6363636363635	1295.142857142857	656.0588235294117	0.80392474	-0.69157535	2.163207762019349	1.2056826783730332	1113	26	336	986.1458151340483	23.49000000000001
186.95555555555555	350.94117647058823	220.76	1826.368421052632	1031.6666666666667	529.2857142857143	0.78432226	-0.67763776	2.294038627013081	1.1761961334473208	1245	18	276	1073.781390428543	20.420000000000016
333.1818181818182	656.6	525.0833333333334	2478.0	1960.6666666666667	1173.0	0.65030384	-0.581063	1.559520525403877	0.9752933995505366	210	25	74	967.8054332733154	28.170000000000016
221.42857142857144	546.5333333333333	335.44444444444446	2447.375	1460.0	818.0	0.75891757	-0.6349031	1.8854318337212552	1.138171847164906	204	13	39	907.9595012664796	27.57000000000005
551.125	921.818181818182	924.1428571428572	2537.0	1935.0	1306.0	0.46598977	-0.46697506	1.0209456633546972	0.69888368446031	118	15	51	907.9595012664796	27.57000000000005
226.625	548.25	416.9	2533.928571428572	1607.0	911.1666666666666	0.7174353	-0.64424515	1.5861974108906574	1.075970628240066	177	15	73	967.8054332733154	29.14500000000004
282.8333333333333	479.4	496.27272727272725	1773.25	1872.142857142857	1167.1818181818182	0.5626634	-0.57436794	1.2135630853232884	0.8438091328681131	127	13	180	967.8054332733154	28.420000000000016
314.475	614.6842105263158	480.2631578947368	2460.6153846153848	1768.5	1071.5555555555557	0.67338794	-0.60024434	1.6587910487810154	1.009910250295759	164	23	235	967.8054332733154	28.31
330.11538461538464	673.9090909090909	609.6	2579.333333333333	1998.75	1262.75	0.6176778	-0.58570004	1.3089432196490405	0.9263714557444896	165	12	279	967.8054332733154	28.106666666666683
482.3043478260869	801.4444444444445	799.5	2286.625	2482.555555555556	1699.5	0.48187453	-0.48094144	1.0722369124329338	0.7226946908030616	151	11	217	967.8054332733154	28.1225
431.27272727272725	844.8888888888889	752.7142857142857	2826.4	2474.6666666666665	1715.5	0.57938516	-0.53973174	1.2616299172133838	0.8689563520411216	171	18	264	967.8054332733154	27.57000000000005
536.0	925.0	864.5	2591.125	2278.5	1628.0	0.49965635	-0.4738526	1.1482891630366108	0.7493761076349958	132	10	309	967.8054332733154	28.670000000000016
392.8571428571428	825.4	631.75	3019.0	1931.0	1172.0	0.6539067	-0.5705962	1.5445172560400762	0.980725778842862	173	22	272	907.9595012664796	28.88000000000005
824.5	1115.0	1304.5	2761.5	2649.0	1987.0	0.35833743	-0.42473882	0.8267604834591159	0.5374400590188123	146	8	77	907.9595012664796	28.88000000000005
609.5263157894736	928.625	1193.3333333333333	2664.428571428572	3037.0	2164.0	0.38133386	-0.48309982	0.6999907219182399	0.5719266632520196	91	16	67	907.9595012664796	29.010000000000048
479.0357142857143	736.1304347826087	861.1	2440.0	2455.0	1639.0	0.47829512	-0.5364608	0.9831668820881144	0.7173340198691545	182	11	294	907.9595012664796	28.670000000000016
487.6	793.7222222222222	791.2	2511.6666666666665	2289.5	1453.75	0.520901	-0.51974046	1.1938178857576374	0.7812332872523988	145	12	203	907.9595012664796	28.670000000000016
355.53846153846155	735.9411764705883	557.3125	2479.4	1900.3333333333333	1240.3333333333333	0.6329501	-0.5422314	1.521728836928594	0.9492688608386802	250	17	172	907.9595012664796	29.02333333333337
377.8	702.0	566.0	2710.0	2133.0	1347.5	0.6544567	-0.5885111	1.6373911715289446	0.9815351747291317	197	7	315	907.9595012664796	28.650000000000038
655.25	970.6	978.7	2001.6666666666667	1711.2857142857142	1094.3333333333333	0.34323516	-0.34689575	0.8638486287469139	0.514766399033838	142	15	153	907.9595012664796	28.57000000000005
561.5	883.8	808.0	2641.5	2068.25	1286.75	0.5315263	-0.49859586	1.3978043760006098	0.7971739130434783	242	17	309	1028.8468492031095	27.180000000000007
272.2	588.0	432.5	2183.0	1265.0	667.6666666666666	0.6692793	-0.5756045	1.5986301369863012	1.0037270642201834	254	23	63	1028.8468492031095	27.400000000000038
86.83333333333333	376.0	187.66666666666663	2250.0	1331.6666666666667	667.4	0.8460276	-0.7136329	1.891528325537314	1.2687811880511315	42	6	0	1014.910392522812	28.170000000000016
350.7894736842105	605.875	604.35	1905.0	2058.5	1396.6666666666667	0.51832145	-0.5173993	1.120794359461852	0.777327330318545	195	23	163	907.9595012664796	28.996666666666727
294.7857142857143	603.75	475.44827586206895	2922.333333333333	1941.0	1107.2	0.72014195	-0.65755206	1.715845542316755	1.0800539826585784	325	20	275	907.9595012664796	28.683333333333337
162.47368421052633	468.3125	269.72727272727275	2227.1111111111118	1401.0	751.3333333333334	0.78394496	-0.65251285	1.8621022161806056	1.1756819887031242	96	6	180	1014.910392522812	28.24000000000001
223.30434782608697	600.6190476190476	351.84615384615387	2725.5	1561.25	817.4	0.7713314	-0.63884693	1.8762315931839195	1.1568092072378289	239	15	49	1014.910392522812	27.736666666666736
272.3333333333333	658.0714285714286	465.09090909090907	3109.0	1796.0	1036.5	0.7397431	-0.6506191	1.7132438705420787	1.1094594422756576	215	14	204	1014.910392522812	28.424000000000035
354.93333333333334	714.9	690.2857142857143	2665.4	2218.5	1466.0	0.5885874	-0.5770198	1.190942982758383	0.8827495498716655	138	16	90	1014.910392522812	28.015000000000043
223.34782608695653	592.4545454545455	336.94444444444446	2790.2	1322.6666666666667	682.8333333333334	0.78450346	-0.6497103	1.9546245904064856	1.1765670295003696	283	13	296	1028.8468492031095	27.160000000000025
288.4166666666667	609.5714285714286	475.9090909090909	2457.4	2030.0	1202.5	0.67551386	-0.6024929	1.5722476973226258	1.0130980822325304	144	9	240	1028.8468492031095	27.370000000000005
185.8	423.3333333333333	309.3333333333333	2082.0	1349.0	755.0	0.741288	-0.6620543	1.7409808158187654	1.1116995331335795	215	9	194	1028.8468492031095	27.422000000000025
298.6875	669.6538461538462	527.578947368421	2605.5	1972.25	1197.75	0.66322017	-0.5910703	1.4708581993112424	0.9946714703214756	249	11	174	1028.8468492031095	27.035000000000025
412.3333333333333	674.25	746.7272727272727	2313.0	2478.0	1611.5	0.5118995	-0.5485815	1.057759605112904	0.7677237281841812	291	9	222	1028.8468492031095	26.56
173.69230769230768	532.4285714285714	272.56	2796.5	1196.5	525.0	0.8223821	-0.68012017	2.0158185184475244	1.2333722096978068	270	14	66	1028.8468492031095	26.13000000000005
872.3333333333334	1319.1666666666667	1441.1666666666667	2728.8571428571427	2584.0	1927.0	0.3087969	-0.34824166	0.6659057441034656	0.4631398362658567	108	7	32	1014.910392522812	28.090000000000032
360.5	718.8	626.6	2412.333333333333	1780.0	1094.6666666666667	0.58761847	-0.5408691	1.286854254843839	0.8812826952392442	300	22	200	1028.8468492031095	27.510000000000048
268.2	564.875	498.44444444444446	2227.0	1965.5	1202.428571428571	0.6342289	-0.59534365	1.347416376517868	0.9511688099944976	93	12	23	1014.910392522812	27.090000000000032
225.45454545454547	550.5263157894736	350.1	2670.285714285714	1425.3333333333333	718.0	0.7681753	-0.6581444	1.8826706576427108	1.1520722399296328	288	13	64	1028.8468492031095	26.456666666666703
220.7391304347826	625.0588235294117	307.3888888888889	2480.6666666666665	1172.0	588.8333333333334	0.7794959	-0.59747964	2.0345564139370764	1.16903414750767	272	17	258	1028.8468492031095	26.920000000000016
403.5	748.3333333333334	686.75	2756.0	1765.0	1062.25	0.60104567	-0.5729097	1.343232716650438	0.9014375952951428	302	25	51	1028.8468492031095	27.140000000000043
222.1764705882353	611.8421052631579	293.47058823529414	2969.928571428572	1264.0	594.4117647058823	0.82014424	-0.65835774	2.182776340100771	1.2300278833379676	290	19	21	1028.8468492031095	26.930000000000007
604.8	935.8	863.4	2733.0	2041.0	1355.0	0.5198532	-0.48986045	1.3834951456310682	0.7796713836915121	459	28	57	1026.5063426494598	26.30000000000001
223.66666666666663	476.4705882352941	410.2173913043478	2774.454545454545	1413.0	748.5	0.74238014	-0.7068708	1.6606246026479954	1.1133953838717825	373	20	123	1026.5063426494598	25.470000000000027
283.93333333333334	606.7222222222222	354.2352941176471	2589.75	1297.0	660.6666666666666	0.7593498	-0.6203801	2.160617534523829	1.138831314770883	251	26	222	1005.1742477416992	29.02000000000004
994.3	1125.0	1179.4545454545455	2203.833333333333	3311.5	2345.25	0.30277613	-0.32408753	1.403788894933329	0.4540970760757624	775	39	240	1026.5063426494598	24.950000000000045
159.6206896551724	476.9333333333333	230.79310344827587	2523.2	1235.5	589.375	0.8323938	-0.6820586	2.1133601128146045	1.2483641148067797	502	20	323	1026.5063426494598	25.03000000000003
153.63333333333333	476.85	289.1142857142857	2100.583333333333	1290.0	683.5	0.75803274	-0.62998074	1.6872729063025598	1.1368112618701582	268	7	190	1043.4609093666077	26.69000000000005
424.0	675.1428571428571	803.7272727272727	2856.333333333333	2472.333333333333	1605.75	0.56081206	-0.6176427	1.140413495858307	0.8411031593935357	259	14	94	1043.4609093666077	26.620000000000005
358.7857142857143	540.3636363636364	481.9166666666667	2655.5	1801.3333333333333	1071.5	0.69279397	-0.6618356	1.901909190531548	1.0390253618377374	378	27	239	1067.5442399978638	25.79000000000002
334.6666666666667	605.8214285714286	493.25	2595.166666666667	1731.25	1045.6666666666667	0.6805807	-0.6214785	1.725333807595491	1.0207057490490192	544	21	174	1067.5442399978638	25.930000000000007
350.4074074074074	680.125	483.3076923076923	3053.25	1701.0	1010.3333333333334	0.726679	-0.6356514	1.9316829062558016	1.0898644570943907	624	17	90	1067.5442399978638	25.900000000000038
216.8	520.5	347.25	2441.5	1288.0	668.0	0.7509637	-0.6485483	1.805387931034483	1.1262436138746974	311	20	61	1095.442655801773	26.27000000000004
748.875	1005.9	1100.571428571429	2294.333333333333	2597.75	1967.75	0.3516334	-0.39040673	0.90926978951215	0.527372429123395	278	20	108	1095.442655801773	26.936666666666724
612.0	1006.6666666666666	1142.0	2602.0	2456.0	1740.6666666666667	0.38995728	-0.44208387	0.750256937307297	0.5848577914274269	502	12	58	1061.1476106643677	26.275000000000038
208.1	535.7777777777778	327.6666666666667	2827.0	1456.0	726.5	0.7922654	-0.6813481	1.9325240341245908	1.1882098145898263	375	29	334	1095.442655801773	26.21000000000004
202.0	503.3333333333333	357.16666666666663	2167.333333333333	1291.8333333333337	665.0	0.7170397	-0.6230654	1.618339492192156	1.0753465346534656	479	18	31	1061.1476106643677	24.83000000000004
416.8928571428571	910.875	680.0	4388.0	2622.5	1448.0	0.7316496	-0.6562006	1.735206522066123	1.097366084640426	604	33	340	1049.1142559051514	24.015000000000043
270.33333333333337	635.8333333333334	437.5	2741.6666666666665	1564.0	892.0	0.72477067	-0.6234888	1.7245895913377578	1.086985008910787	463	7	129	1061.1476106643677	24.83000000000004
337.1	687.1111111111111	527.4	2569.5	1846.0	1052.0	0.65940136	-0.57802075	1.5920820794286874	0.9889423387357136	682	6	337	1061.1476106643677	25.620000000000005
688.5	1005.0	1079.0	2502.0	2546.5	1838.5	0.39737505	-0.42686057	0.9329312266439388	0.5959793382660896	962	7	220	1059.2837085723877	26.31
1327.0	1707.0	1940.3333333333333	3242.6	3527.75	2459.0	0.25126055	-0.3102473	0.6599636469292467	0.3768544658302412	1429	23	46	1059.2837085723877	20.74000000000001
2015.3333333333333	2333.25	2656.222222222222	3145.625	4309.75	3503.5	0.084352925	-0.14827405	0.3082690322467763	0.1265184827021631	1899	15	43	1010.416525363922	19.93833333333339
2050.5	2171.166666666667	2255.25	3042.0	4618.0	3681.5	0.14852045	-0.16704498	1.6448881455153668	0.2227596621207116	1644	39	356	1010.416525363922	20.230000000000015
273.0	509.25	561.75	2525.166666666667	2031.0	1259.0	0.6360446	-0.6643506	1.2752219095042217	0.9539123862992256	742	9	246	1023.3313035964966	24.910000000000025
1123.3333333333333	1568.3333333333333	1756.8	3308.6666666666665	2855.333333333333	2085.333333333333	0.30636203	-0.35684505	0.715084416701482	0.4594976937603221	791	37	81	1023.3313035964966	24.510000000000048
416.4	478.0	460.6666666666667	1363.6666666666667	2482.0	1676.5	0.49497533	-0.48090497	2.2447795823665886	0.742259567083752	714	43	263	1023.3313035964966	24.49000000000001
998.2	1378.1666666666663	1558.0	2993.75	3004.333333333333	2187.25	0.31542814	-0.36953664	0.7391248391248391	0.4730902301059915	941	28	25	1059.2837085723877	23.980000000000015
1044.9	1377.7777777777778	1702.875	2910.6666666666665	2981.0	2163.333333333333	0.26179272	-0.35744637	0.5705563253865777	0.3926465409032211	528	20	153	1023.3313035964966	24.590000000000032
423.3636363636364	574.0777777777778	571.1607142857142	2131.333333333333	1796.25	1108.0	0.5773084	-0.5756077	1.6360387828484615	0.8658024721263679	1447	7	75	1010.416525363922	20.230000000000015
497.3333333333333	719.4	670.1666666666667	2466.25	1898.0	1282.0	0.57265455	-0.5483496	1.6279192724855736	0.8588449379698748	1163	21	26	963.0520267486572	21.160000000000025
424.25	677.0	677.5	2152.75	1915.75	1227.0	0.5212437	-0.5215125	1.2144474171640256	0.7817274573876181	1087	26	168	963.0520267486572	21.010000000000048
303.0	560.4444444444445	497.55555555555554	2511.1428571428573	1460.6666666666667	826.5416666666667	0.66925526	-0.6350783	1.5609319128724954	1.0037161190951551	1344	23	183	963.0520267486572	20.696666666666715
278.88235294117646	526.8888888888889	485.4736842105263	1919.2	1395.0	814.4	0.5962249	-0.5691989	1.3074647301503446	0.8941514235759318	1067	34	139	963.9603576660156	22.182500000000005
269.0	456.6	435.8	1707.75	1332.4	851.75	0.5933848	-0.57807195	1.3789271698358665	0.8898696392341596	677	30	198	963.9603576660156	23.24333333333334
224.625	488.1578947368421	288.95652173913044	2341.0625	1230.571428571429	621.0	0.78026277	-0.654917	2.145554191810712	1.1701717197073234	740	16	0	1049.1142559051514	22.763333333333374
289.0	667.9047619047619	483.6923076923077	2872.5	1571.1666666666667	819.8461538461538	0.7117613	-0.6226958	1.6551453971773336	1.067482870041479	602	16	356	1049.1142559051514	22.980000000000015
206.8636363636364	526.7777777777778	307.1333333333333	2317.6666666666665	1169.3333333333333	584.0	0.76597583	-0.62960935	1.925806037758194	1.1487449053441512	682	15	54	1066.6548266410828	23.090000000000032
1825.2380952380952	2212.9473684210525	2466.5714285714284	3178.0	4576.666666666667	3695.6666666666665	0.12603766	-0.17901355	0.4146682653876898	0.1890397438979641	1815	19	183	1099.3478364944458	21.355000000000015
1686.0	1953.0	2139.8125	3045.8	4737.75	3617.3375	0.17471176	-0.21861246	0.6989188209246533	0.2620423775997918	1903	15	104	977.3568682670592	18.230000000000015
221.2258064516129	483.1428571428572	474.3	2210.0	1424.6	770.3666666666667	0.64661175	-0.6412052	1.2771490935744136	0.9697370381406436	801	18	187	1047.265474319458	23.736666666666736
229.0	512.2986111111111	359.2857142857143	2589.181818181818	1255.5	639.4666666666667	0.75628984	-0.6696425	1.8408226891350912	1.134242448931059	1152	21	301	1162.9114739894867	22.13000000000005
420.2	634.6500000000001	668.75	1694.571428571429	1240.8333333333337	813.75	0.4340592	-0.45505396	1.003122206079571	0.6509510931149622	763	15	248	1162.9114739894867	23.53666666666669
205.4047619047619	503.5	396.2	2283.5	1711.5	1035.25	0.7042953	-0.63867956	1.5116954982458468	1.0562458025520485	694	20	252	1052.427500963211	23.55000000000001
296.8	539.75	475.5	2204.0	1714.0	1113.0	0.645083	-0.60656035	1.5258651129943503	0.9674440298507464	601	44	65	1052.427500963211	23.63000000000005
483.6	739.25	729.8125	2703.6	2030.25	1346.0	0.5748763	-0.57055926	1.4276014581329242	0.8621889026001682	418	37	86	1052.427500963211	25.890000000000043
641.6666666666666	1044.6666666666667	1050.0	2568.6666666666665	2291.6666666666665	1651.3333333333333	0.41967577	-0.42177123	0.9357926303249396	0.6294266635965922	139	3	248	1044.578376531601	28.183333333333337
348.9047619047619	610.7777777777778	549.8461538461538	2266.8571428571427	2039.3333333333333	1327.8	0.60958177	-0.5755002	1.4550208873832016	0.9142103754210298	219	18	145	1044.578376531601	27.33000000000004
422.07142857142856	735.8333333333334	676.875	2029.5	1713.0	1100.571428571429	0.49979216	-0.46781582	1.155610003173286	0.749549757561764	334	7	112	972.2888197898864	27.24833333333339
286.89473684210526	554.4	415.55555555555554	2032.1666666666667	1486.0	846.0	0.6604553	-0.57132363	1.7018467626554772	0.9904806208586732	591	12	191	1015.959281206131	25.930000000000007
287.2105263157895	543.4705882352941	543.8823529411765	2336.4666666666667	1698.125	925.5714285714286	0.6223497	-0.62258166	1.3002246787842529	0.9333625095543048	1060	32	69	1048.1304783821106	21.61500000000001
253.8875	566.4	479.6666666666666	2506.5	1648.25	945.0	0.67874086	-0.631358	1.455496410928491	1.0179408482142858	1133	23	259	1154.5894260406494	20.94000000000005
1581.6	1849.5	2029.0	2862.6666666666665	4353.375	3687.5	0.17042589	-0.21501079	0.6562926419649417	0.2556127142029775	1310	25	8	1047.265474319458	19.79400000000004
1501.7692307692307	1761.3076923076924	2021.571428571429	2908.6666666666665	4302.333333333333	3451.0	0.1799295	-0.2456885	0.5873517717540879	0.2698668701198988	802	14	140	1003.0110530853271	30.390000000000043
1119.25	1497.0	1935.0	2954.0	3756.5	2856.0	0.20842709	-0.32734218	0.412843107464803	0.3126086511913283	254	17	204	953.7053571939468	32.120000000000005
738.0	989.6	1246.875	2244.5	3071.4	2317.5	0.28573987	-0.3880214	0.5949931412894376	0.4285484159656345	913	27	159	972.083117723465	27.795000000000016
802.6666666666666	1245.888888888889	1563.2	2981.4444444444443	3067.5	2222.25	0.3120694	-0.41055563	0.5590996376684629	0.4680525982550364	708	5	207	927.7041800022124	28.77000000000004
283.6842105263158	614.7857142857143	605.4375	2787.5	2072.5	1263.875	0.643119	-0.6386043	1.2705635516410236	0.9645363293120912	721	11	239	927.7041800022124	28.52333333333337
408.6428571428572	667.9090909090909	734.3333333333334	2263.0	2157.6666666666665	1459.75	0.5100089	-0.54423076	1.0600492017105023	0.7648857508200366	1255	24	228	904.6029319763184	26.24333333333334
669.7692307692307	994.0714285714286	1183.5	2527.5	3118.25	2056.2	0.36216652	-0.43543872	0.7294467360264524	0.5431766132291527	600	15	157	904.6029319763184	27.860000000000014
284.7368421052632	553.8181818181819	481.2	2720.5	1766.0	976.625	0.69940966	-0.66172	1.6118543179830978	1.048950721379052	806	24	196	1095.3138556480408	24.38000000000005
538.5555555555555	856.2	809.6666666666666	3167.2	2285.625	1608.1666666666663	0.59281176	-0.5743898	1.478250328147077	0.8891058573092752	1178	35	233	1095.3138556480408	23.29000000000002
609.3888888888889	860.9333333333333	870.8125	2556.236263736264	2530.6666666666665	1722.6666666666663	0.49180034	-0.4961132	1.3119427398810524	0.737592903812856	1180	44	276	1073.4946811199188	22.42500000000001
265.0	639.8461538461538	479.4666666666667	2536.1428571428573	1478.3333333333333	830.0	0.6820101	-0.59707284	1.500591339345399	1.0228455768468685	353	23	247	1095.3138556480408	26.010000000000048
906.6	1310.5	1467.125	2743.6666666666665	2617.5	1995.0	0.30315953	-0.35350463	0.6721588415971917	0.4546853202204391	283	21	245	1145.543797492981	26.36500000000001
802.5	1195.5	1286.0	2677.333333333333	2368.5	1716.0	0.3510513	-0.38262254	0.7949416268307083	0.5265105327334652	353	20	327	1145.543797492981	26.450000000000045
396.77777777777777	799.9821428571429	726.125	2774.1666666666665	2138.0	1369.0	0.585106	-0.55235094	1.231954163575482	0.8775336531022745	433	14	303	1117.8155632019043	25.370000000000005
203.0	600.5	345.875	2580.0	1285.0	659.5	0.763575	-0.6223864	1.7823095333067411	1.1451668019307164	308	27	291	1117.8155632019043	25.33000000000004
456.0	839.75	816.5	2672.0	2371.0	1514.0	0.5318905	-0.5217484	1.1172326589595376	0.7977214101461737	559	29	253	1073.4946811199188	25.660000000000025
165.6	534.2222222222222	324.3333333333333	2675.375	1497.6666666666667	805.5	0.78375673	-0.6671095	1.7387432360808095	1.1754392056107212	520	18	349	1073.4946811199188	25.510000000000048
1251.5	1768.7692307692307	2084.7	3298.6666666666665	3640.6666666666665	2830.6666666666665	0.22550325	-0.3019076	0.4726094415476893	0.338223457737933	1923	14	194	1122.194792985916	19.140000000000043
175.84615384615384	470.8	369.0	2476.5	1389.6666666666667	723.5	0.74064314	-0.68052113	1.562197082872424	1.110769501054111	1323	17	188	934.996237039566	20.720000000000027
689.5	1142.8	1421.857142857143	2760.75	3243.5	2582.5	0.32010964	-0.4144817	0.5467865768992918	0.4801070632731992	1249	17	47	910.9636449813844	22.930000000000007
276.6	616.125	471.1666666666666	2931.333333333333	1705.3333333333333	919.3333333333331	0.7230468	-0.6526386	1.6691166493283278	1.0844108139876585	1007	38	278	882.9546611309052	23.29666666666668
171.0	467.25	330.3333333333333	2127.625	1291.5	648.8333333333333	0.7312132	-0.63986707	1.5887661141804788	1.0965967832144128	733	14	259	833.7402803897858	24.6133333333334
569.5	918.3333333333334	1132.0	2692.0	2962.416666666667	2170.6666666666665	0.4079498	-0.49127504	0.7480220570606568	0.6118446855798144	619	18	84	911.662985086441	24.575000000000045
659.0	921.75	1283.25	2498.5	3130.0	2159.75	0.32134593	-0.46100432	0.5779748882336155	0.4819551854055126	756	10	201	964.1201407909392	24.850000000000023
192.5495356037152	480.88461538461536	400.6363636363636	1983.3125	1317.0	705.2857142857142	0.66388845	-0.6097028	1.3439803069332157	0.995623869628726	658	20	257	964.1201407909392	22.79666666666668
202.53846153846155	460.72222222222223	339.0	1914.75	1160.1666666666667	596.0	0.699168	-0.61210054	1.6206674209039773	1.0485194632361097	777	14	222	964.1201407909392	23.57000000000005
199.5	489.0	337.75	2263.5	1246.0	673.0	0.74031717	-0.64468664	1.7226496108775382	1.1102623234361486	579	23	149	1021.6405334472656	24.85250000000002
120.66666666666666	393.125	217.83333333333331	2445.75	1240.75	579.3333333333333	0.83643585	-0.7230417	1.955170396372678	1.254418342769558	394	12	349	1021.6405334472656	25.180000000000007
1321.0	1371.75	1455.0	1951.75	3113.0	2594.25	0.14581347	-0.17451482	1.6019026120606257	0.2186880915694475	1421	31	356	900.5186593532562	20.136666666666716
812.5	1004.0	1013.5	2591.5	2715.0	1964.375	0.4377254	-0.44152412	1.5292179474755303	0.6564970184440438	1171	46	347	900.5186593532562	19.750000000000057
560.125	807.0	854.2857142857143	2605.0	2572.5714285714284	1769.8333333333333	0.50609124	-0.52696365	1.239609859222601	0.7590271899580898	1157	16	210	954.3745753765106	21.23666666666668
1496.111111111111	1707.6666666666667	1828.625	2582.75	3674.5	3195.333333333333	0.1709501	-0.20396233	0.8075296259280413	0.2563960900977475	1638	25	154	953.7475509643556	19.53000000000003
667.4285714285714	859.0	943.5	2026.0	2526.0	2005.0	0.36453947	-0.40450606	1.008934277801449	0.5467171717171717	1608	9	318	970.5135371685028	19.7766666666667
734.9166666666666	1045.8333333333333	1159.5666666666666	2318.25	2935.5	2110.1666666666665	0.333164	-0.3782358	0.7694240248974598	0.4996741718934925	1502	22	125	901.0532171726228	20.79000000000002
159.15	358.72727272727275	295.07142857142856	2022.8333333333333	1348.0	813.0	0.74539816	-0.698746	1.6609026634958926	1.1178560792005996	1382	7	32	876.8294965028763	17.500000000000057
750.9	1038.25	1154.4166666666663	2530.5	2678.333333333333	1952.5	0.37343675	-0.4181436	0.8991070456277905	0.5600791407574901	1232	36	193	901.0532171726228	19.55000000000001
1136.9	1488.6666666666667	1519.3333333333333	3730.5	4342.5	3312.333333333333	0.42118797	-0.42953855	1.2793882234951497	0.6317217954415595	1069	49	39	860.0711059570312	20.37666666666672
1188.5384615384614	1505.111111111111	1690.6	2872.916666666667	3221.5	2440.25	0.25908017	-0.31242505	0.7203137238484052	0.3885776782877657	1970	19	205	824.7454061508179	18.935
1440.076923076923	1756.6666666666667	1955.5	3010.6	3378.25	2687.333333333333	0.21246049	-0.2630298	0.6687967967108945	0.3186586397132847	2342	23	145	795.3053292036057	15.375000000000057
413.2105263157895	611.2727272727273	604.5	2006.2	2130.6666666666665	1462.857142857143	0.5369058	-0.53292906	1.3822811326356266	0.8052045036764707	471	19	219	927.7041800022124	29.74000000000001
259.6666666666667	465.8333333333333	364.5	1540.5	956.0	521.8333333333334	0.61732286	-0.53563714	1.6507580011229648	0.9257412752558384	249	9	129	874.2233779430389	24.38333333333333
655.9166666666666	1039.0	1161.25	3344.333333333333	3349.5	2205.5	0.48452845	-0.52593154	1.0119125792820003	0.7267120374308804	1311	9	281	863.1538825035095	19.435
543.1875	737.5454545454545	957.9735294117648	2442.0	2545.6666666666665	1683.5	0.43648177	-0.5360686	0.9011719258946836	0.6546263885393124	1634	11	212	466.4086891412735	26.230000000000015
815.3076923076923	1184.0588235294117	1653.0	2270.125	3072.166666666667	2505.6666666666665	0.15730445	-0.3144205	0.2539894480069777	0.2359265984899168	1568	3	232	478.2978513240814	22.74333333333334
1330.625	1687.5555555555557	1969.625	2894.375	3633.25	2956.6666666666665	0.1901213	-0.26338667	0.4884135472370766	0.2851526364477336	1638	12	312	458.4982237815857	23.636666666666716
726.875	1057.0333333333333	1383.7142857142858	2346.5	3306.5	2465.5	0.25810465	-0.3788612	0.4630359618070048	0.3871051120045951	1289	11	155	498.76216411590576	25.470000000000027
782.3333333333334	1163.0	1649.0	2344.5	3118.666666666667	2425.333333333333	0.174158	-0.3368496	0.2728735091023226	0.2612043064596895	1277	4	255	518.1263682842255	27.77800000000002
668.6	993.0625	1113.8235294117646	2760.166666666667	2773.0	1837.125	0.4249735	-0.47082233	0.9291698021335932	0.6373779725605899	1470	28	248	622.5030342340469	23.52000000000004
604.8888888888889	809.0	924.25	1953.2	2058.0	1632.375	0.3575909	-0.41423503	0.868155943796335	0.5362931948088049	1741	23	197	720.3552272319794	21.442000000000064
1122.5454545454545	1511.5	1816.142857142857	2581.5	2991.25	2382.5	0.17403804	-0.26142195	0.3781209858831409	0.2610273816870757	1796	5	137	618.7750358581543	23.760000000000048
729.48	1056.9615384615386	1375.45	2175.653846153846	2703.25	2062.428571428572	0.22533947	-0.34606415	0.4034705921594606	0.3379616143085951	1398	1	129	470.1590166091919	27.21000000000004
861.7647058823529	1176.3333333333333	1625.8333333333333	2205.6666666666665	2903.5	2386.6666666666665	0.15133324	-0.3043564	0.2636357963055417	0.2269702505219206	1359	3	157	434.1732845306397	28.423333333333343
698.5894736842105	1052.608695652174	1371.4222222222222	2344.5714285714284	2894.3	2353.1666666666665	0.2618813	-0.38030446	0.4560482211239622	0.3927690847022133	747	16	283	620.7422680854797	26.81
1055.5227272727273	1433.8181818181818	1827.625	2783.4	3754.0	2924.875	0.20728038	-0.32001707	0.4095900369364522	0.3108868541317677	1639	11	246	542.3499388694763	25.700000000000045
866.9411764705883	1283.9720394736842	1437.2105263157894	2895.909090909091	2862.25	2034.571428571429	0.33663934	-0.38564184	0.7267166168695821	0.5049007619849923	661	31	344	515.6110742092133	25.53000000000003
605.4285714285714	1115.2777777777778	1503.0	3236.692307692308	3184.0	2389.833333333333	0.3657816	-0.48746073	0.5617943119064813	0.5486145482575358	417	4	220	562.1380848884583	31.02000000000004
988.3	1500.6	2109.412698412699	3106.1666666666665	3634.5	2842.333333333333	0.19111088	-0.34852356	0.2983795593454373	0.2866388426507774	1525	6	72	462.9457930326462	25.450000000000045
921.1666666666666	1437.2222222222222	2085.333333333333	2967.0	3282.333333333333	2631.6666666666665	0.17450683	-0.34734344	0.2571581352389285	0.2617343404690437	1358	5	0	484.634516954422	25.3683333333334
1115.8974358974358	1564.0392156862745	2010.75	2974.0	3757.636363636364	2800.0	0.19323938	-0.31069824	0.3610236583692273	0.2898299984955619	1388	17	133	538.2823162078857	26.514000000000067
926.25	1189.7619047619048	1377.8333333333333	2519.25	3023.714285714286	2222.1666666666665	0.29288998	-0.35844806	0.7430372467966453	0.4392786128156336	1526	3	129	479.821968793869	24.139047619047687
1373.078431372549	1693.357142857143	1888.076923076923	2780.7924528301887	3506.409090909091	2607.8	0.19120593	-0.24304849	0.5854385583501798	0.2867781892645318	1576	12	252	507.4804058074951	23.640000000000043
1239.375	1760.125	2400.5	3435.0	4273.2	3343.5	0.17727701	-0.3223936	0.3027088713158106	0.2658927347498286	1949	4	298	857.0229756832123	22.694444444444457
1440.142857142857	2138.4166666666665	2840.5	3999.555555555556	4780.8	3724.428571428572	0.16945119	-0.30321723	0.2829039179328551	0.254158206773329	2296	1	90	1187.573630809784	20.285000000000025
1150.3000000000002	1524.5555555555557	1809.2222222222224	2620.75	3043.666666666667	2481.75	0.18319026	-0.26444238	0.4183276630353852	0.2747543840949986	2287	5	14	629.890806555748	20.44000000000005
924.7	1254.4545454545455	1507.3076923076924	2305.15	2745.6666666666665	2250.0	0.20927243	-0.29517195	0.4518053133118552	0.3138674903088557	2088	4	197	725.0355072021484	19.950000000000045
1252.5	1563.0	2023.7142857142856	3446.25	3942.0	2977.916666666667	0.26006308	-0.37595448	0.5739932673130353	0.3900589529486266	1669	6	129	649.2507195472717	24.965000000000032
1316.2	1927.375	2459.1666666666665	3523.75	4513.2	3504.166666666667	0.17793718	-0.2928524	0.3165294006878166	0.2668834695895601	1521	15	118	642.7357647418976	26.236666666666736
819.5	1201.6	1537.0	2801.0	3044.5	2345.0	0.29137853	-0.39959025	0.5376206881885075	0.4370174023279936	1345	4	40	514.8722418546677	26.950000000000045
1246.4444444444443	1572.0	1961.6	2847.285714285714	3738.5	2970.75	0.1841769	-0.28857282	0.4201902031978862	0.2762366444185031	1276	24	86	421.4725677967072	28.51800000000003
1314.6875	1820.6	2458.714285714286	3409.4	4310.333333333333	3454.25	0.16200873	-0.30378586	0.2862638784888383	0.2429923832104439	1273	1	270	479.6064990758896	29.396666666666704
1509.3636363636365	2070.5714285714284	2721.6	3626.5	4328.5	3514.0	0.1425466	-0.27311024	0.2619292967993466	0.2138030431906247	1419	10	73	498.08582735061646	28.114000000000036
801.0	1378.7692307692307	2427.75	3481.0	4576.5	3595.6666666666665	0.1782526	-0.43257833	0.218679926916369	0.2673562634852138	1675	2	328	532.9547041654587	24.99000000000001
1059.428571428571	1551.7333333333331	2073.75	2813.4375	3215.818181818182	2639.333333333333	0.15135239	-0.2890389	0.2529287775521244	0.2270053578507218	2610	8	335	858.6351082324982	14.20500000000004
1620.0	2155.9	2610.5	3359.166666666667	4275.5	3422.0	0.12541181	-0.21817808	0.2723150415868474	0.1881019513693085	1463	24	217	412.1355247497559	26.360000000000014
1311.2916666666667	1823.6315789473683	2374.0772727272724	2971.3636363636365	3789.0	3321.5	0.11173753	-0.23936042	0.2022741312224238	0.1675906188807652	2398	3	203	491.3061335086823	17.55400000000003
3185.125	3650.1	3993.875	4577.2	5436.333333333334	4960.666666666666	0.06805739	-0.112685814	0.3134125472476163	0.1020801311310931	1001	5	14	369.7319424152374	33.27000000000004
3546.458333333333	4041.3333333333335	4397.8	4851.0	5273.666666666667	4878.0	0.049000952	-0.09105222	0.2441619593296855	0.0734974538613732	1001	1	90	365.7717866897583	30.13000000000005
1204.75	1489.0	1742.8	2286.0	2319.5	1863.1666666666667	0.13482922	-0.21112582	0.3662178834601928	0.2022187476732931	1012	1	90	326.70006811618805	36.14000000000004
922.0909090909092	1238.142857142857	1625.6666666666667	2466.6	2934.333333333333	2349.0	0.20549329	-0.33159038	0.3962242276063377	0.30820227555932	1396	13	206	419.9673863649368	27.52333333333337
540.4	734.7692307692307	793.2857142857143	2971.333333333333	2421.75	1324.3333333333333	0.57855725	-0.6034814	1.4800349469324356	0.8677206184589117	1885	20	13	516.6128902435303	23.720000000000027
606.1891891891892	860.2758620689655	1005.421052631579	2717.416666666667	2741.75	1840.8125	0.45986307	-0.519089	1.0179485169807805	0.6897019864039176	1310	5	239	547.283266544342	24.650000000000038
920.3333333333334	1245.5217391304348	1499.5	2660.0	3132.0	2384.6666666666665	0.27899987	-0.36217394	0.6100830617180107	0.4184495192307692	1281	9	114	478.4870388507843	26.275000000000038
785.25	1058.0	1305.571428571429	2633.25	3094.6666666666665	2036.6666666666667	0.33707508	-0.42675245	0.724983910915225	0.5055484537764843	1809	7	10	528.3750517368317	22.59666666666669
476.6969696969697	669.2272727272727	864.6315789473684	2042.855555555556	2670.75	1710.4444444444443	0.4052379	-0.5064846	0.8055862698604643	0.6077523328569951	1488	22	191	475.4698827266693	24.636666666666716
499.57142857142856	784.625	1077.25	2683.05	2739.0	1879.857142857143	0.4270404	-0.54746336	0.7433207204800379	0.6404754307594129	1440	1	90	501.3013310432434	24.510000000000048
1040.142857142857	1363.6666666666667	1712.5	2508.0	3260.5	2537.6666666666665	0.18848477	-0.29556608	0.3991126847378907	0.2826936744847192	1156	8	324	539.6524430513382	27.960357142857163
4268.571428571428	4593.333333333333	4852.166666666667	4754.0	952.0	632.0	-0.01021913	-0.017188502	-0.1323918516235104	-0.0153278972935461	905	0	0	396.5684639811516	22.000000000000057
4363.666666666667	4806.666666666667	5331.333333333333	5153.833333333333	790.0	516.3333333333334	-0.016928677	-0.03485434	-0.1005020383512003	-0.0253918046857615	905	0	0	365.495732486248	19.850000000000023
4654.0	5094.75	5241.0	3305.5	108.375	77.38461538461539	-0.22646697	0.21299961	31.729508196721312	-0.3396805896805897	905	0	0	390.0060702562332	19.28666666666669
4487.25	4964.0	5357.333333333333	3625.5	76.22222222222223	63.0823754789272	-0.19279367	0.15582979	-2.0459960226042093	-0.2891743970315399	905	0	0	353.9410462379456	19.100000000000023
2818.375	3156.5	3360.833333333333	3419.25	3309.6666666666665	2418.25	0.008615921	-0.03995742	0.0596712547988119	0.0129229294431404	905	0	0	372.6440495252609	29.450000000000045
2421.333333333333	2697.333333333333	2894.0	3006.0	2829.75	1876.0	0.018983051	-0.0541204	0.1266395296246042	0.028472163375985	905	0	0	359.38246417045593	27.13000000000005
2577.0	2945.75	3204.75	3381.333333333333	3275.0	2323.166666666667	0.026811585	-0.06884425	0.1344543147208123	0.0402143245739445	905	0	0	356.32538920640945	28.74000000000001
4396.5	4894.75	4780.333333333333	2269.0	77.0	44.05714285714286	-0.35625118	0.3665329	3.105395490705247	-0.534338873259415	905	0	0	382.4362476468086	17.42500000000001
1203.0833333333333	1552.1818181818182	2161.181818181818	2826.9166666666665	3728.428571428572	3248.5	0.13346465	-0.29109526	0.2457717041890572	0.2001769185794881	964	5	224	365.6290746927261	27.750000000000057
1063.5	1449.3333333333333	2075.2	2904.8	3149.0	2385.5	0.16658634	-0.3342724	0.2810012532601701	0.2498544322859151	1228	3	337	378.9900271892548	29.170000000000016
780.75	1067.0	1292.25	3159.25	3051.75	2294.0	0.4194092	-0.49506062	0.9227727665884098	0.6290431266846361	1263	7	115	391.6307152509689	28.13000000000005
1093.78125	1499.1666666666667	1998.6666666666667	2846.0	3894.0	3169.75	0.17490023	-0.30996126	0.3192356929868144	0.2623232774930343	1438	5	166	397.5075336694717	25.61500000000001
1753.0	2283.833333333333	2844.0	3861.75	4142.25	3280.333333333333	0.15177274	-0.25675622	0.3270720185107818	0.2276421248835042	1224	3	308	366.078290104866	27.750000000000057
1057.8461538461538	1550.0	1953.0	2951.0	3115.0	2678.5	0.20350733	-0.31126416	0.3703894027635034	0.3052298909165052	1154	4	105	362.6591445207596	28.06
1004.0	1407.85	1797.1666666666663	2785.6666666666665	3064.75	2525.0	0.21569626	-0.32855877	0.409169932115459	0.3235090909090909	1305	1	180	389.2528508901596	27.84200000000004
1242.25	1647.25	2142.6	3082.25	3748.0	3081.6666666666665	0.17984249	-0.30341473	0.354746884426474	0.2697379122929564	1241	9	318	384.9218184947968	28.435
898.0	1154.0	1503.0	2284.0	2881.0	2320.5	0.20623185	-0.32867947	0.4274299474605955	0.3093069306930693	1172	12	113	485.3683461546898	29.06666666666672
1114.4	1525.0	1917.0	2594.833333333333	3605.0	3044.0	0.15023457	-0.25967878	0.2952321495978397	0.2253268818792938	1176	1	180	496.5362346172333	29.37666666666672
1859.0	2522.0	3261.0	3981.3333333333335	4741.0	3960.0	0.099461496	-0.22439775	0.1874728897371389	0.1491819499735371	1004	8	243	488.4468882083893	28.370000000000005
1612.2	2105.0	2628.0	3410.8	4709.0	3862.3333333333335	0.1296284	-0.2367381	0.2760887659946673	0.1944265063831901	868	6	38	457.9325469136238	30.512000000000057
1307.5	1720.0	2232.0	2891.0	3616.0	3352.0	0.12863557	-0.25395793	0.2543321369302613	0.1929345174197326	928	3	291	463.3214182853699	28.535000000000025
949.1666666666666	1320.6666666666667	1806.0	2483.5	3183.25	2794.0	0.15794381	-0.3056736	0.2731083968234772	0.2368881118881119	1051	2	327	487.5151164531708	27.96000000000004
1295.4	1840.4	2414.5	3229.0	4233.0	3340.0	0.14432533	-0.27391803	0.2544835343373117	0.2164688164422395	1015	6	157	514.9847866296768	28.49000000000001
925.0	1254.4545454545455	1691.0666666666666	2470.454545454545	3058.125	2552.5	0.18728437	-0.3264509	0.3430190283683744	0.280892806306959	1052	3	111	507.02609580755234	28.79000000000002
1240.75	1747.0	2318.5	3315.6666666666665	4115.0	3339.0	0.17698565	-0.3098499	0.3146810849475881	0.2654549219119735	1063	4	255	489.49422323703766	27.363333333333344
1248.0	1729.0	2261.0	2923.0	3993.0	3027.8	0.12770061	-0.2566638	0.2321178120617111	0.1915324525026521	895	2	327	490.8721077442169	29.390000000000043
1319.0	1851.0	2425.0	3298.0	4279.0	3525.0	0.15254237	-0.28102544	0.2743040281530823	0.2287935703677819	1048	7	190	486.50404620170593	29.07000000000005
774.0	1104.0	1569.0	2235.0	2816.0	2421.0	0.17507887	-0.33872417	0.2848588537211292	0.2625837823629912	1059	4	117	493.62070751190186	30.51666666666665
1107.8333333333333	1536.7	2019.25	2709.75	3410.285714285714	2917.5	0.14601396	-0.2762425	0.2648638281549674	0.2189977798921662	1025	0	0	491.0814983844757	30.086000000000013
1488.5	2015.3333333333333	2646.285714285714	3336.0	3961.125	3438.0	0.11529277	-0.24679208	0.2141713281905007	0.1729247006291861	984	1	0	489.6883261203766	29.750000000000057
1303.3076923076924	1700.3333333333333	2185.666666666667	3039.9	3983.0	3060.6666666666665	0.1634719	-0.2825951	0.3347260870753416	0.2451843961679273	1364	1	90	501.84015357494354	26.52000000000004
407.6666666666667	539.8636363636364	466.6666666666667	3035.8	2062.8	1010.2	0.73352116	-0.69803447	2.3109535974286093	1.1001246562437554	1776	15	328	440.4802420139313	20.143333333333374
800.6	994.6	1180.2	2148.1428571428573	2463.0	1937.3333333333333	0.29081824	-0.36704972	0.7501472483381972	0.4361618580459104	1608	17	332	501.5351228713989	24.13000000000005
865.2	1414.75	2196.6666666666665	3228.6666666666665	3991.0	3184.0	0.19021873	-0.39064267	0.260063167797863	0.2853017969589925	1211	4	285	524.0683892965317	27.250000000000057
608.7777777777778	983.5714285714286	1442.2727272727273	2509.0	3469.6	2482.714285714286	0.26997054	-0.43676373	0.4041979079353779	0.4049045882745373	1305	5	101	520.1627467870712	24.28000000000003
945.1111111111112	1389.0	1757.0	2765.1428571428573	3314.5	2349.25	0.22293477	-0.33126998	0.4052145219574938	0.3343651783881107	1304	11	105	477.12672758102417	27.785000000000025
543.5714285714286	1012.6666666666666	1499.0	2795.6666666666665	3380.0	2575.0	0.30192485	-0.46818382	0.4202380989125972	0.4528345815063443	1244	7	209	541.8880527019501	24.90666666666669
864.6842105263158	1244.4782608695652	1440.090909090909	2451.6666666666665	2735.25	1977.0	0.25992775	-0.32660744	0.548805380189055	0.3898415268851527	1395	16	221	573.5809755325317	24.24000000000001
867.9	1321.1	1640.5555555555557	3037.4	3212.8	2349.4	0.29860148	-0.39378226	0.5479984691124252	0.4478543488948157	1781	30	250	642.2038114070892	21.370000000000005
439.2307692307692	707.3333333333333	669.2	3106.333333333333	2392.833333333333	1371.142857142857	0.64550704	-0.6290534	1.591523457540933	0.968132343464482	1412	34	315	566.434196472168	21.646666666666704
902.5	1126.5	1286.0	2415.333333333333	2809.0	2071.5	0.30511528	-0.36388877	0.8393826028788742	0.4576110936022692	1249	16	171	524.5471913814545	22.57000000000005
908.5	1193.0	1461.75	2748.5	2763.0	1998.0	0.30562317	-0.3946467	0.6835325365205844	0.4583803360446476	1244	19	357	541.8067383766174	22.403333333333364
751.6	1179.0	1741.5	2697.6	3565.333333333333	2763.0	0.2153815	-0.39173502	0.3182502063749899	0.3230358590864041	1244	6	168	561.6735370159149	25.176666666666733
1048.5333333333333	1505.4347826086955	1952.111111111111	3100.9375	3923.0	2924.6666666666665	0.22735313	-0.3463686	0.413210981859091	0.3409959448187535	2233	15	162	514.6237282752991	18.88333333333333
1311.0	1633.142857142857	2007.2	3396.3	3149.5	2300.0	0.25707412	-0.3505671	0.6192492867332383	0.3855754996299038	2330	20	340	659.7151536941528	15.315000000000056
1308.0588235294117	1690.3125	1949.5	3168.8	3558.333333333333	2706.75	0.23822363	-0.3042711	0.6028547629600934	0.3573005391888724	2080	19	187	691.65261054039	20.32200000000006
2589.1111111111118	2977.285714285714	3298.090909090909	4108.75	6184.0	5060.125	0.109447345	-0.15967521	0.4523805497543778	0.1641599396176397	1777	32	273	703.2295262813568	19.475000000000023
351.0769230769231	672.2	610.4545454545455	2671.25	2351.333333333333	1523.6	0.627965	-0.5979004	1.391714565425903	0.9418039427491224	1082	24	355	777.692298412323	23.676666666666733
1393.5	1839.0	2380.0	3296.0	4214.0	3392.5	0.16138126	-0.28373906	0.3213696803845209	0.2420505593235268	1035	4	319	484.89548313617706	30.3633333333334
931.0	1269.6666666666667	1672.75	2606.5	2835.0	2245.0	0.21820413	-0.3448854	0.4123244723129912	0.3272679478941527	1140	2	327	477.704909324646	29.425999999999988
1060.5	1495.75	1951.0	3062.5	3168.0	2534.0	0.22170141	-0.34371743	0.4076954113633863	0.332518946948544	1077	2	180	497.2123881578445	29.400000000000038
1327.5	1886.0	2713.5	3409.0	3702.5	3090.0	0.113597386	-0.28762984	0.1786127019183851	0.1703821656050955	1057	1	90	557.1703609228134	29.055000000000007
994.5	1249.7	1441.909090909091	3045.285714285714	2765.5	1962.3333333333333	0.35732272	-0.41806558	0.9456123540815052	0.535924353028845	976	4	40	734.4106413125992	29.110000000000014
1934.6	2546.75	3278.8	4194.190476190476	4821.0	3998.875	0.12249319	-0.24439327	0.2445347565719541	0.1837274990394619	941	0	0	575.3768455982208	30.06666666666672
1161.0	1529.0	2027.5	3031.0	3542.0	3014.0	0.19837897	-0.32938597	0.3865860235765467	0.2975390393358371	916	1	90	447.1723417043686	31.090000000000032
1881.4	2476.75	3316.4	4012.5	4344.4	3776.5	0.09498015	-0.23666063	0.1775511661599363	0.142460501541736	1011	1	270	395.8516561985016	31.04333333333335
1762.571428571429	2349.333333333333	3080.5	4096.75	4324.333333333334	3298.5	0.14159323	-0.27108192	0.2713918381205626	0.2123750478910522	1055	4	105	376.3221151828766	30.640000000000043
1389.2857142857142	1821.375	2324.6666666666665	3316.333333333333	3921.0	3311.0	0.17579626	-0.29097766	0.3621499796535187	0.2636710094832935	1082	2	270	408.4100658893585	29.456666666666703
1749.076923076923	2289.333333333333	2977.3214285714284	3771.208333333333	4719.0	4078.25	0.1176385	-0.24451198	0.2330010901745445	0.1764446741462838	1096	3	249	390.82080686092377	32.190000000000055
1116.6	1375.0	1762.3	2372.375	2955.6666666666665	2451.8	0.1475509	-0.26615298	0.3335438228170601	0.2212995822425895	1167	9	196	390.6104838848114	29.763333333333374
1052.125	1364.5	1679.142857142857	2519.75	3029.5	2545.0	0.20019732	-0.29741907	0.4466876564507527	0.3002602417016066	2933	34	127	552.4728808403015	20.31
1185.0666666666666	1550.0	1867.0	2757.5	3295.5	2633.0	0.19256136	-0.28032503	0.4388861508132085	0.2888108108108108	1151	7	255	379.48715484142303	28.643333333333374
1045.0	1348.5	1700.75	2954.5	3225.75	2564.5	0.2693196	-0.37322798	0.5888914983560357	0.4039359931267787	1042	2	52	389.5825086832047	29.91666666666669
795.0	1109.75	1447.8	3267.333333333333	2725.75	1853.0	0.38589224	-0.49292716	0.7590708592216	0.5787769758745733	1178	2	147	393.94652569293976	27.59666666666669
991.5	1358.0	1777.857142857143	2728.0	3069.035714285714	2527.0	0.21086839	-0.33529124	0.3985570210394482	0.3162674951259332	1115	3	249	406.8804974555969	28.180000000000007
1118.0	1588.0	1972.0	2792.4	3123.6666666666665	2669.5	0.17219377	-0.27495205	0.3286648291776168	0.2582635522256501	1186	2	147	387.201110303402	27.613
1507.090909090909	2052.25	2768.4	3504.0	4423.666666666667	3764.0	0.117275685	-0.26128235	0.2086875247590122	0.1758995042165505	1239	8	103	357.65580093860626	29.326000000000025
4627.666666666667	4972.6	5460.8	5289.0	854.0	546.0	-0.015981693	-0.030833399	-0.1283123711648194	-0.0239714240532822	905	0	0	394.6127954125405	19.995000000000005
2073.6666666666665	2682.809523809524	3377.0	4111.0	4886.625	4306.5	0.098023504	-0.21021938	0.2080145100039675	0.1470254390064765	912	4	90	484.0912607908249	30.220000000000027
2650.785714285714	3045.1875	3545.9523809523807	4299.0	5329.666666666667	4427.5	0.09599136	-0.17072174	0.3305843863995067	0.1439778579644259	915	1	180	443.6077494621277	29.92500000000001
2078.0416666666665	2589.4736842105262	3101.0	3888.5	4498.0	3413.2	0.112669006	-0.20052972	0.2849054385282598	0.1689914163090128	914	2	232	369.5910694599152	27.733333333333405
1393.8181818181818	1833.65	2259.833333333333	3245.866666666667	3790.0	3180.6428571428573	0.17909318	-0.27802187	0.3880657998431474	0.2686153790272783	912	4	270	472.85328900814056	31.120000000000005
1191.0	1650.0	2253.0	2998.5	3942.0	3224.0	0.14195944	-0.29009357	0.2457152274225445	0.2129188880426504	875	2	128	474.06654930114746	29.71000000000004
793.2142857142857	1109.3076923076924	1314.5	2938.5	2738.833333333333	1867.0	0.3818481	-0.45189703	0.8324119296755438	0.5727048313153873	1837	10	35	551.4609522819519	23.035000000000025
610.0	868.25	990.4	2398.75	2395.166666666667	1587.25	0.4155467	-0.4684726	0.9346256453817874	0.6232280618942958	1799	16	128	523.8792600631714	24.58000000000004
352.125	553.4444444444445	544.4545454545455	1824.8	1823.1666666666663	1174.375	0.54040015	-0.5345773	1.30562774896994	0.8104291583708325	1515	16	144	483.0907144546509	22.010000000000048
1091.55	1575.3333333333333	2019.6	2590.6666666666665	3107.875	2620.5	0.123868465	-0.243719	0.2188785985228378	0.1857825524316274	1710	9	241	481.5671815872192	26.450000000000045
1432.4736842105262	1899.0	2275.909090909091	3227.0	3985.0	3152.833333333333	0.1728342	-0.2590714	0.3872581852413365	0.2592277513937642	1296	11	66	458.1005489826202	24.59666666666669
786.4	1074.75	1386.75	2710.0	3187.0	2288.6	0.32299992	-0.4320629	0.6444190123697282	0.4844407834523155	1333	1	0	402.1053167581558	27.24000000000001
613.2727272727273	865.875	1061.0	2664.6666666666665	2390.8	1581.5	0.4304375	-0.50949454	0.9045706276493914	0.6455696202531644	1299	20	211	413.6634700298309	27.55000000000001
525.6	864.1111111111111	1200.75	2582.2666666666664	3393.5	2232.833333333333	0.36518916	-0.49853954	0.590819282329663	0.5477113443841928	1088	3	90	909.2205591201782	23.390000000000043
498.6666666666667	715.5	744.3125	2174.5	2304.5	1562.0	0.48998952	-0.5048443	1.232335961397613	0.7348583784709586	1074	23	125	884.3756194114685	23.470000000000027
145.41176470588235	430.1428571428572	305.45	2111.0666666666666	1438.8333333333337	807.7142857142857	0.7471981	-0.66146606	1.5815555247174593	1.1205652974396811	575	25	175	918.5837581157684	24.390000000000043
690.4	971.6666666666666	1043.2222222222222	2362.6666666666665	2517.0	1753.3333333333333	0.3874009	-0.41717485	0.9575068537332688	0.5810160645845225	1270	23	94	1037.009583234787	22.05000000000001
624.6666666666666	850.4	980.125	2188.0	2892.5	2129.6666666666665	0.38125864	-0.4402317	0.8921449146908931	0.5717977040514419	1181	7	320	823.7648179531097	22.13000000000005
417.57142857142856	687.6666666666666	801.6666666666666	2666.076923076923	2674.45	1773.3333333333333	0.5376436	-0.589911	1.0726612825385908	0.8063491828790899	1213	12	288	762.915549993515	21.610000000000014
1173.0	1421.6666666666667	1521.25	2584.0	3455.5	2683.5	0.25887582	-0.29017225	0.9114493996569468	0.3882664555805882	1718	24	37	758.7639832496643	19.88000000000005
877.3333333333334	1222.607692307692	1385.5	2699.416666666667	3407.4	2413.75	0.3216508	-0.37654254	0.7409165241254863	0.4824171341152473	1598	25	219	696.832275390625	20.73333333333335
407.22222222222223	745.0	1176.428571428571	2136.833333333333	2395.5	1767.3	0.28986683	-0.48296803	0.390901796305054	0.4347346563393641	1243	8	57	602.7987911701202	23.696666666666715
318.7639802631579	602.90625	722.1875	2393.6	2354.1666666666665	1453.0	0.5364334	-0.59759384	0.9634622837661162	0.8045210045607152	1384	4	140	527.1036069393158	22.05666666666673
1070.625	1313.5	1457.5833333333337	2366.0	3460.75	2811.0	0.23758255	-0.2860443	0.7366784929886804	0.3563272243892871	1817	15	180	714.2398250102997	19.450000000000045
860.15625	1129.0434782608695	1248.4814814814815	2539.333333333333	2801.6666666666665	2191.333333333333	0.34079066	-0.3844452	0.9014201803428756	0.5111184979151289	1779	25	76	704.8010504245758	16.203333333333376
1442.030303030303	1707.3333333333333	1938.25	2898.4166666666665	4144.846153846154	3084.6666666666665	0.19851826	-0.2586079	0.6463697988808809	0.2977466147538159	1959	6	261	806.0751609802246	17.24000000000001
276.6111111111111	522.1111111111111	445.675	2670.5	2315.0	1348.0	0.71396023	-0.67292535	1.700433867663993	1.0707685273568786	1175	5	121	711.5178096294403	22.642000000000053
1377.8333333333333	1925.0416666666663	2466.222222222222	3548.875	4065.25	3045.0	0.17998923	-0.29664925	0.3377607809085064	0.2699614197352715	1525	9	337	551.9463789463043	25.055000000000007
865.0	1178.142857142857	1775.5	2590.375	2746.333333333333	2117.75	0.18664643	-0.3747447	0.3014984737767089	0.279937591251324	1752	8	242	661.6854245662689	25.54000000000002
682.4285714285714	999.2857142857144	1242.75	3528.75	2763.5	1865.5	0.47909462	-0.55862284	0.9739204528164086	0.7185666387259011	2035	6	244	736.3006119728088	21.450000000000045
1305.4782608695652	1890.111111111111	2525.6	3680.142857142857	4393.666666666667	3373.2	0.18604426	-0.3213555	0.3191582225788698	0.2790439120056533	2182	6	203	890.3588244915009	19.48599999999999
995.0	1500.1666666666667	2153.6	3107.75	3497.25	2802.75	0.1813508	-0.3488742	0.2784099861692257	0.2720003420850081	2453	18	338	660.4509656429291	16.323333333333323
1254.2857142857142	1657.7428571428572	1827.6	2346.333333333333	2943.125	2567.333333333333	0.12427926	-0.17197236	0.3320283925209946	0.1863965568180911	1818	24	137	522.3969621658325	24.84666666666669
1443.8823529411766	1951.75	2537.0	3408.0	4463.8	3616.25	0.14650968	-0.2717011	0.2790993123831353	0.2197460264065259	1395	1	270	430.1909091472626	27.140000000000043
1961.0	2602.5	3394.25	4232.4	4815.833333333333	4238.5	0.10989753	-0.23846728	0.2118380613462198	0.1648354890096562	1129	1	51	453.29611587524414	31.370000000000005
1434.2	1956.9	2526.777777777778	3361.5	4202.666666666667	3514.666666666667	0.14175999	-0.26410198	0.2686874105865521	0.2126219362629483	1297	1	309	456.1716287136078	29.390000000000043
1312.608695652174	1824.157894736842	2473.5	3418.285714285714	4431.333333333333	3504.5	0.16035643	-0.30408105	0.2806609709276708	0.2405142316830723	1302	3	51	496.6745957136154	28.6225
1558.6666666666667	2075.714285714286	2724.875	3797.3333333333335	4397.6	3513.0	0.16443178	-0.29313895	0.3170108679587353	0.2466287648918841	1161	4	105	451.7762573361397	29.52333333333337
1414.5	2014.3333333333333	2709.5	3764.0	4177.333333333333	3407.166666666667	0.16289487	-0.3027978	0.2800573659469365	0.2443234476367006	1187	3	292	388.79317355155945	30.715000000000032
1755.9	2078.9166666666665	2395.391304347826	3301.5	3955.4	2899.1428571428573	0.15905318	-0.22722837	0.5027682954778477	0.238558836996337	1809	8	62	655.6517338752747	22.81
1249.75	1576.388888888889	1832.0	2720.4444444444443	3600.2	2670.9166666666665	0.19515766	-0.2662555	0.5117390873047617	0.2927043549351457	1898	2	68	741.9572608470917	24.30714285714288
1247.1818181818182	1894.2857142857144	2333.764705882353	3425.5714285714284	4171.666666666667	3216.875	0.18957163	-0.28784338	0.3380082658798904	0.2843327563152837	1786	10	201	831.8587160110474	24.923333333333343
985.3684210526316	1435.9142857142858	1950.571428571429	2909.266666666667	4012.125	3151.5	0.19726896	-0.33907732	0.3318004611419519	0.295873009030334	1771	9	84	794.4549102783203	24.77083333333337
802.5172413793103	1314.7391304347825	1819.8235294117649	2787.9166666666665	3760.75	2996.75	0.2101015	-0.359079	0.3147664976323315	0.3151180589757691	1820	21	148	891.1356139183044	23.555000000000007
1179.4615384615386	1562.3076923076924	2010.6666666666667	2647.1666666666665	3539.1666666666665	2925.75	0.13665152	-0.25771838	0.2712571356138157	0.2049552772808586	1977	7	262	574.5012159347534	23.59333333333336
605.5454545454545	928.967741935484	931.6428571428572	2192.0	2110.7	1614.909090909091	0.40348953	-0.4046925	0.9721178792158748	0.6051374091179296	1556	13	70	688.6595277786255	24.04333333333335
1071.179487179487	1433.6315789473683	1756.4375	2399.125	2651.2	2258.5	0.15465716	-0.25190574	0.327573954637235	0.2319578326841812	1726	29	222	887.826574087143	21.750000000000057
2137.5	2581.5	3044.5	4144.333333333333	4053.5	3052.0	0.1529919	-0.23236278	0.4308960077311846	0.229471902818991	2625	24	278	964.6904836893082	15.45666666666665
1089.0	1565.8333333333333	2143.285714285714	3544.0	3923.25	2918.833333333333	0.24628872	-0.3871294	0.4251177149001482	0.3694005952605207	2079	5	281	1083.9374494552612	11.560000000000002
1441.0487804878048	1949.757575757576	2464.6285714285714	3678.357142857143	3922.2	2800.8125	0.19757959	-0.3071365	0.3961636439929899	0.2963452576945614	2295	12	214	1078.4167675971985	13.443333333333328
18.38095238095238	298.1428571428572	230.6153846153846	2055.0	1304.0	719.5	0.7982028	-0.7466003	1.3813413785873323	1.1970423459344874	1284	25	44	909.5050271749496	20.086000000000013
289.85	541.9230769230769	480.06666666666666	2150.0	1795.6666666666667	1111.25	0.63493955	-0.59737104	1.4609962584171037	0.9522282904824056	968	18	113	1019.7997994422911	22.840000000000032
418.2	731.75	737.76	3029.6666666666665	2183.333333333333	1359.625	0.6083481	-0.61091787	1.3261118114391257	0.9124009844494496	966	22	200	882.0268104076385	23.360000000000014
411.6	658.75	695.25	2529.0	2196.0	1434.5	0.5687369	-0.58669907	1.2683289528288837	0.8529730986898209	845	6	270	897.0849478244781	25.99000000000001
2335.0	3136.0	3541.833333333333	4627.5	5162.5	4228.5	0.13289538	-0.19211696	0.3243894665551173	0.199330871702809	1946	29	294	863.450541973114	20.07000000000005
1249.0	1688.25	2202.0625	2985.692307692308	3520.214285714286	2794.6666666666665	0.15105374	-0.27759057	0.2867679451865842	0.2265587861636444	2050	20	43	542.8647983074188	20.170000000000016
1319.235294117647	1759.764705882353	2195.8	3233.5	4033.1666666666665	3184.125	0.19112961	-0.29514465	0.3981943125223462	0.2866680172382039	1795	4	320	544.0180329084396	23.453333333333376
1767.0	2209.3846153846152	2592.1	3361.777777777778	4336.0	3601.25	0.12927336	-0.20684968	0.339790919026251	0.1938937551082863	1767	16	188	535.3634328842163	25.638000000000037
765.3193277310925	1036.888888888889	1168.5	2193.5	2643.333333333333	2047.9642857142856	0.30487806	-0.35804084	0.7394091273911452	0.4572490706319702	1903	7	328	678.6296634674072	20.765000000000043
1371.4782608695652	1692.470588235294	2142.4615384615386	3105.0	4057.0	3151.625	0.18342935	-0.2944321	0.4240494952054835	0.2751178113113516	2119	10	248	726.6755883693695	21.750000000000057
1055.3157894736842	1504.809523809524	2046.344497607656	2901.0	3452.0	2870.714285714286	0.17275035	-0.3168976	0.2940922724939269	0.2590993419878841	2103	4	62	651.0305180549622	20.58000000000004
826.7222222222222	1251.9411764705883	1826.7857142857144	2912.5	3246.333333333333	2642.6	0.22908817	-0.3987471	0.3537082744465939	0.3435960034359601	2180	7	123	735.9590272903442	20.75500000000005
985.8846153846154	1501.2380952380952	2075.25	3050.5	3388.0	2797.8	0.19026484	-0.3403671	0.3006740011525847	0.2853694220921726	2282	3	68	864.0257942676544	21.99000000000001
1111.3333333333333	1701.1	2271.1428571428573	3362.125	3873.0	3035.2	0.19366772	-0.32805672	0.3151312518182136	0.2904757980417825	2360	1	231	857.5112903118134	21.14600000000001
1313.5238095238096	1954.2272727272727	2661.428571428572	3529.833333333333	4648.5	3669.5	0.14026296	-0.28730646	0.2250225189097146	0.2103774600659863	1372	10	0	456.1716287136078	28.12200000000001
1502.111111111111	2152.0	2796.0	3948.25	4865.4	3918.0	0.17084925	-0.29445514	0.3045245918969633	0.2562548648949182	1493	7	32	546.2033035755157	27.494000000000028
1182.625	1816.1818181818185	2533.0	3348.0	4378.75	3534.5	0.13858187	-0.2966236	0.2105439914232386	0.2078551389951543	1462	10	287	434.5168008804321	26.63250000000005
1266.75	1716.3333333333333	2227.0	3085.1666666666665	3696.3333333333335	3057.5	0.1615474	-0.28508452	0.308802274185713	0.2422982808382482	1150	1	180	397.8787623643875	29.75666666666672
1499.909090909091	1976.309523809524	2497.083333333333	3380.1428571428573	3784.6	3269.5	0.15025108	-0.26208267	0.3103103822602897	0.2253574329237295	1180	4	197	380.0303761959076	30.410000000000025
1405.0	1952.0	2684.0	3704.0	3797.0	3125.0	0.15967439	-0.30975956	0.2750364018767189	0.2394928386945292	1108	1	308	353.76478481292725	29.442000000000064
727.4347826086956	1113.8125	1581.7272727272727	2267.75	2845.333333333333	2288.625	0.17821191	-0.34124386	0.2720864406027722	0.2672831598769768	1218	7	58	435.0899204015732	27.13000000000005
739.1714285714286	1058.9354838709678	1372.516129032258	2464.6666666666665	3059.153846153846	2341.75	0.28462303	-0.39894718	0.5294528091552688	0.4268788989771773	1340	21	115	403.3886544704437	24.59666666666669
992.103448275862	1247.6333333333334	1442.0	2269.0	2705.5	2156.8888888888887	0.22285098	-0.29043877	0.5939002827978664	0.3342314428128789	1465	3	129	435.1059398651123	24.610000000000014
734.7307692307693	1001.809523809524	1241.6875	2210.0	2541.0	1987.7571428571428	0.28053308	-0.37617126	0.5832302446098497	0.4207386620802028	1439	12	136	394.5686709880829	26.56
548.0454545454545	835.575	962.7678571428572	2463.125	2413.833333333333	1744.0	0.43794632	-0.49339134	0.9081204769366756	0.6568236066667362	1627	4	242	429.33788681030273	21.823333333333323
995.0	1436.7142857142858	1946.1538461538464	2769.625	3822.857142857143	3024.5	0.17462039	-0.31688142	0.2947263729532173	0.2619028202237341	1500	5	301	464.1145603656769	23.396666666666704
719.6666666666666	977.75	1202.3333333333333	2145.75	2271.0666666666666	1650.0	0.28177813	-0.37393948	0.595102924788158	0.422604086305154	1775	16	87	464.1145603656769	22.52333333333337
997.25	1421.3333333333333	1855.1666666666663	2803.5	3614.0	2802.0	0.20356326	-0.32715294	0.36722234054225	0.3053121087461993	1255	6	116	501.6926436424256	27.52333333333337
741.8	1115.3846153846157	1567.0	2393.6	3111.0	2351.333333333333	0.20870575	-0.36426932	0.3315364746273924	0.3130191108530458	1237	5	43	596.6406168937683	26.850000000000023
794.1428571428571	1062.08	1695.6944444444443	2141.9411764705883	2791.818181818182	2786.3125	0.11628168	-0.3370331	0.1753828711797284	0.174399803485744	1033	2	0	327.2794583439827	29.3366666666667
611.0666666666667	862.0833333333334	987.7368421052632	2593.428571428572	2729.625	1809.25	0.4483713	-0.50103873	1.0193962965933092	0.6724630349010152	1952	24	202	473.86930203437805	24.600000000000023
929.0	1248.625	1501.0	2912.0	2774.8571428571427	1955.6666666666667	0.31973714	-0.3997897	0.7124103806927194	0.4795513764585929	1736	21	351	480.32878935337067	21.203333333333376
417.3333333333333	678.2307692307693	667.375	2946.5	2497.166666666667	1390.0	0.63065964	-0.62577593	1.490890953097403	0.9458585509251254	1727	36	56	502.31288611888885	25.54000000000002
624.75	897.0714285714286	1108.75	1987.1666666666663	2374.5	1861.3333333333333	0.28373396	-0.37794912	0.5552512089000327	0.4255322012003121	1404	7	212	419.9368730783463	25.170000000000016
1772.0	2129.6666666666665	2481.25	3374.428571428572	4387.0	3893.6666666666665	0.15253204	-0.22615196	0.4490204105083236	0.228778518414617	1006	1	52	316.8283383846283	33.04000000000002
2148.428571428572	2531.6875	2916.6060606060605	3618.15	4367.5	3726.0	0.107355796	-0.17666523	0.3503814990938886	0.1610213738118351	1003	4	198	319.0364961624145	30.605000000000015
928.1428571428572	1383.0	1951.0	2782.5	3343.4	2806.333333333333	0.17566283	-0.33597407	0.2761200402284673	0.2634664131812421	1084	2	232	430.0868730545044	27.950000000000045
678.5714285714286	1054.0	1652.5	2521.4444444444443	2807.0	2261.75	0.20818304	-0.41042295	0.2956333948251801	0.3122371573063614	1061	4	342	395.6362211704254	29.200000000000045
792.25	1126.375	1310.0	3236.75	3030.5	2097.333333333333	0.42376423	-0.48368427	0.9342497636191722	0.6355764473033152	1171	1	0	400.4014707803726	28.03000000000003
708.0	1062.0	1477.1666666666663	3237.6666666666665	2294.5	1478.0	0.373396	-0.5060082	0.648036809815951	0.5600346387671427	1099	1	52	393.27155327796936	26.858000000000004
1174.7777777777778	1726.0833333333337	2437.166666666667	3456.9464285714284	3781.5	2798.5	0.17301667	-0.33394814	0.2750181555035734	0.2595029763858243	1106	3	128	368.2359833717346	27.8366666666667
1603.1	1847.0	2135.0	2765.5	2904.4	2642.625	0.12866034	-0.19913279	0.443607964539506	0.1929708222811671	1086	2	32	368.2359833717346	29.29000000000002
1006.8333333333331	1243.9166666666663	1528.5	2383.5	2669.75	2409.6666666666665	0.21855828	-0.31415838	0.5338078291814945	0.3277955271565495	1063	3	23	336.8051897287369	29.82333333333338
1230.7272727272727	1520.4	1747.7692307692307	2539.0	2871.5	2378.25	0.18457508	-0.25092378	0.5210730016155447	0.2768303295086526	1056	3	337	312.003675699234	28.77000000000004
2081.3	2530.4	2912.4117647058824	3552.6666666666665	4308.25	3617.625	0.09903281	-0.1680512	0.295408426825506	0.1485377314860444	1200	10	159	354.5143475532532	28.13000000000005
741.96875	1250.9166666666667	1767.8181818181818	2589.35	3886.6	3086.555555555556	0.1885472	-0.34852615	0.2690902461466985	0.2827883344616126	1371	1	52	382.9482741355896	26.545999999999992
857.0	1219.1597222222222	1621.0	2780.833333333333	3268.833333333333	2418.25	0.2634887	-0.39041907	0.4768790088262705	0.3951881577951086	1593	12	77	404.06651699543	22.02600000000001
1749.0	2025.1764705882356	2306.03125	3107.1	4151.2	3281.1111111111118	0.1479862	-0.21080773	0.5233297837938481	0.2219588053767052	2029	30	166	474.9801414012909	23.71000000000004
672.8125	921.6666666666666	1020.3	2888.25	2970.575	1935.75	0.4779138	-0.5161749	1.177787270666606	0.7167790128036224	1447	11	12	463.7252585887909	25.70666666666665
799.5454545454545	1120.0	1444.8	2404.181818181818	3104.666666666667	2364.916666666667	0.249256	-0.36439148	0.4723793358435704	0.3738354394806384	1570	10	153	448.26852202415466	23.94500000000005
1011.5454545454544	1328.5	1646.625	2574.0	3244.0	2618.0	0.21972457	-0.31915438	0.4762452205659223	0.3295478101217092	1519	5	333	424.1683900356293	25.55666666666673
668.1428571428571	925.8333333333334	1197.8	1753.2	2191.6666666666665	1833.75	0.18820739	-0.3088303	0.3533143096021374	0.2822632559715399	1258	4	0	423.15856528282166	27.498000000000047
1185.155844155844	1689.5892857142858	2332.725	3029.972972972973	3872.459016393442	3187.2	0.13001813	-0.28400594	0.2141779097699838	0.1950090160255082	1564	12	342	365.7513464689255	24.922000000000025
1502.3478260869565	2031.8163265306123	2672.9310344827586	3407.304347826087	4500.64705882353	3600.24	0.12078041	-0.25288793	0.2244888737017669	0.1811557156754175	1257	13	90	370.12250792980194	27.870000000000005
1439.5	2017.9444444444443	2722.0	3480.826086956521	4581.388888888889	3601.333333333333	0.12233554	-0.26603794	0.2103741847141512	0.1834885212351017	1210	22	329	376.9941332340241	26.57000000000005
1380.1142857142856	1870.1739130434785	2434.347222222222	3279.294117647059	4299.176470588235	3567.777777777778	0.14788239	-0.27364385	0.2803213517034745	0.2218041640472003	1206	5	121	355.169730424881	29.140000000000043
1375.7931034482758	1887.2777777777776	2466.1666666666665	3176.8	4145.666666666667	3475.0	0.12593257	-0.2546411	0.232040454428492	0.1888821291877334	1190	8	248	357.3871965408325	29.410000000000025
1250.928571428571	1832.3076923076924	2582.684210526316	3371.0625	4271.375	3532.333333333333	0.13241717	-0.29572272	0.207769707699265	0.1986090754553224	1394	3	232	373.5266484022141	26.35333333333341
1390.8333333333333	1904.0	2470.0	3232.375	4434.8	3476.25	0.13369429	-0.2586211	0.2500532987847877	0.2005238585801021	1322	9	166	367.79190135002136	26.900000000000038
928.3636363636364	1240.4375	1688.8181818181818	2667.6666666666665	3472.0	2414.2	0.22468768	-0.36519733	0.4191102438214261	0.3369928467351275	1490	6	23	378.20498329401016	25.56714285714287
918.6	1445.6666666666667	1956.5	3070.958333333333	3582.333333333333	2973.5	0.22167431	-0.3598465	0.3517213265654997	0.3324783916599679	1133	3	203	398.8120967149735	28.363333333333344
1058.25	1500.409090909091	2019.111111111111	2892.222222222222	3984.0	3089.285714285714	0.17777476	-0.3168518	0.3086937477534457	0.2666349971158087	1262	12	308	398.8120967149735	26.52600000000001
1519.7222222222222	2002.4736842105265	2483.285714285714	2993.6666666666665	3405.25	2842.6666666666665	0.093187034	-0.19839174	0.1964072031856155	0.1397677926390874	1278	11	186	378.20498329401016	27.64500000000004
1558.25	1883.7142857142856	2205.3571428571427	2724.8636363636365	3888.5	3503.25	0.105371855	-0.1825182	0.3040801332716592	0.1580417499088014	1142	6	287	438.2694648504257	27.87666666666672
1123.25	1571.25	2065.333333333333	2906.0	3186.0	2503.0	0.16910286	-0.29811826	0.3057136449866962	0.2536287754349501	1071	3	52	437.2710489630699	26.450000000000045
1119.875	1561.4	1947.0	3222.0	3226.0	2417.5	0.2466628	-0.34715894	0.4899370767087757	0.369958409904246	1104	2	128	437.2710489630699	25.63000000000005
855.5454545454545	1323.625	1888.0	2467.0	3201.0	2601.0	0.13295063	-0.30163231	0.1961539172266811	0.1994030536103777	1213	2	32	393.0756298303604	24.59285714285716
542.2105263157895	781.2	782.8333333333334	3256.5	2290.4	1366.0	0.6123948	-0.613047	1.5906101443291525	0.9184784850860184	1448	21	293	425.6560254096985	22.51416666666665
588.5	816.5	918.0	2739.75	2543.333333333333	1575.5	0.4980521	-0.54080844	1.1875814863102998	0.7469760131210278	1544	28	279	425.6560254096985	20.69000000000005
1549.25	2098.6666666666665	2764.6666666666665	4240.0	4086.0	3469.0	0.21062149	-0.33782077	0.4004868095425529	0.3159096857081678	1055	5	27	356.1277384757996	30.224000000000046
1375.842105263158	1891.0	2405.6666666666665	3745.214285714286	3822.4	3168.125	0.21778142	-0.32898223	0.4259889699295247	0.3266455848086764	1077	4	32	349.30842339992523	31.08000000000004
1312.3333333333333	1758.4782608695652	2319.7894736842104	2970.785714285714	4111.363636363636	3694.25	0.12304829	-0.25634167	0.2309144995610138	0.184554996141893	1052	2	90	349.30842339992523	31.88000000000005
1252.8292682926829	1633.357142857143	2076.260869565217	2849.0	3885.357142857143	3339.1428571428573	0.15689303	-0.27120617	0.3268033917198965	0.2353156652029039	1036	5	166	340.4178581237793	31.765000000000043
1754.8333333333333	2271.8	2904.285714285714	3382.6666666666665	3824.0	3364.25	0.07609107	-0.19645825	0.1563718493313803	0.1141275329170342	1101	4	220	368.6169230937958	31.605000000000015
1829.3125	2459.714285714286	3153.333333333333	3733.0	4018.0	3575.0	0.08417639	-0.20561028	0.1622052073094945	0.1262554149221945	1098	4	298	373.6060689687729	30.80000000000001
1920.8	2577.0	3349.333333333333	4272.333333333333	4747.083333333334	4010.6666666666665	0.121102124	-0.247518	0.2315991970558714	0.1816412656068921	1027	1	308	367.7842170000076	30.683333333333337
1298.125	1676.2	2036.8	2719.883333333333	3360.25	2792.428571428572	0.14360496	-0.2374121	0.3280429717483646	0.2153848040331988	988	2	328	358.4082760810852	31.305000000000007
1184.0	1437.9166666666667	1624.428571428571	2508.75	3022.333333333333	2388.0	0.21395674	-0.271326	0.6547965346901217	0.3208962961043	918	2	52	370.1707127094269	31.410000000000025
2315.6666666666665	2522.5	2724.0	2757.6	2735.333333333333	2132.0	0.0061295973	-0.04452567	0.0484121952625208	0.0091935572134765	905	0	0	363.6683195233345	32.623333333333335
4454.0	4872.0	5415.0	4765.0	193.5	167.0	-0.063850686	0.011103041	-0.4219683199169047	-0.0957713275379401	905	0	0	374.4448316693306	19.470000000000027
4427.5	4864.083333333334	5402.0	4993.5	604.0	442.0	-0.03929585	-0.01312864	-0.2431402892684959	-0.058940938822624	905	0	0	383.03764629364014	19.55000000000001
4107.8	4590.5	5076.25	4944.0	907.0	591.7142857142857	-0.013198273	-0.03707588	-0.071968872442316	-0.0197964224234712	905	0	0	404.5279114246368	21.81
2702.75	3288.5	3697.8	4060.0	4685.333333333333	3927.0	0.046688493	-0.10498741	0.1514929711778556	0.070028227833417	909	4	40	444.8215628862381	31.686666666666667
1627.125	2226.0	2904.75	3955.3333333333335	4459.0	3573.428571428572	0.1531444	-0.27976704	0.2860630759211903	0.2296998554544682	940	2	52	480.3247332572937	27.77000000000004
2000.2	2380.8	2764.428571428572	3658.0	3473.0	2651.0	0.13913295	-0.21149898	0.4259912554313034	0.2086831774557667	928	1	180	434.6203147172928	28.720000000000027
2072.833333333333	2719.3	3426.75	4454.666666666667	4945.0	4077.4	0.13042283	-0.24189779	0.2713637043620589	0.1956218347906072	932	2	180	530.264008641243	24.65500000000003
1632.125	2070.6666666666665	2653.454545454545	3711.55	4102.0	3248.5	0.1662364	-0.28378102	0.3578350992635344	0.2493350166486839	951	3	157	701.0576210021973	29.16666666666669
2588.9411764705883	3162.8823529411766	3769.0	4554.142857142857	5461.333333333333	4463.875	0.0943325	-0.18028456	0.2532038009838504	0.1414902472303506	951	2	90	722.9641823768616	30.095000000000027
1119.45	1506.3333333333333	2010.764705882353	2911.722222222222	3683.928571428572	2966.5	0.18302894	-0.31810123	0.3422344267278839	0.2745155114661511	1143	4	118	623.1003348827362	27.80000000000001
1253.75	1749.0	2332.25	3101.8	3666.5	3189.25	0.14161628	-0.27888185	0.2500755539812887	0.2124048909293318	1063	4	18	576.7553644180298	29.58500000000004
1249.2	1693.2857142857142	2274.4	3025.0	3762.0	3152.25	0.14163868	-0.28224537	0.2569351261056493	0.2124379705277458	1092	2	308	516.0784847736359	29.260000000000048
1188.0	1696.9	2285.125	3120.875	4087.0	3354.0	0.15459675	-0.29556695	0.2637225666997996	0.2318736705817072	1126	2	90	473.840451002121	27.086000000000013
1234.5	1731.5833333333337	2382.0	3405.6666666666665	4073.5	3132.0	0.17687036	-0.3258715	0.3032217932641514	0.2652826168331941	1051	0	0	460.5720282793045	28.220000000000027
1054.6666666666667	1499.6666666666667	2015.8333333333333	2852.4	3302.0	2642.0	0.17184193	-0.3108255	0.2971437637341821	0.2577364406895702	1101	3	337	516.0784847736359	30.636666666666716
1318.6666666666667	1824.125	2346.1666666666665	3247.0	4197.0	3396.0	0.16105963	-0.2805837	0.3029029365613092	0.2415678445861391	1181	5	101	493.71812295913696	28.465000000000032
1311.7333333333331	1832.111111111111	2480.0	3401.0	4380.5	3569.25	0.15660602	-0.29980043	0.2726788252013263	0.2348890589135424	1081	3	232	449.9075026512146	28.985000000000014
793.6	1102.0	1553.2	2392.333333333333	2916.0	2434.25	0.21267931	-0.3692645	0.3641734561614665	0.3189785523014673	1024	4	255	443.0145263671875	28.420000000000016
1518.2	2144.6666666666665	2902.0	3693.6666666666665	4098.0	3547.0	0.1200283	-0.26531544	0.2036144784897378	0.1800288046087373	1030	1	180	477.6265856027603	27.470000000000027
1158.3472222222222	1641.125	2211.428571428572	3033.25	3970.5	3377.0	0.15669625	-0.29782057	0.2697957918688027	0.2350219589418853	1035	1	0	463.3190288543701	29.350000000000023
839.3333333333334	1208.0	1422.0	3413.2	2370.0	1652.0	0.41181338	-0.47719207	0.880874858437146	0.6176561821452944	1129	0	0	423.6217151880264	24.680000000000007
817.0	1188.0	1636.5	2783.5	3033.0	2243.0	0.25950226	-0.4017374	0.4427887584928968	0.3892093654563963	1153	2	270	483.3036278486252	27.82000000000005
678.5	977.6666666666666	1244.0	2323.0	2989.5	2273.0	0.3024951	-0.4075944	0.5740277703888919	0.4536790469516468	1485	17	126	542.6640334129333	22.410000000000025
867.1	1319.0	1486.6	2729.0	3089.0	2222.6666666666665	0.29471487	-0.34832016	0.6035345439000459	0.4420198761888949	1175	4	220	495.0254737138748	27.056666666666672
861.0	1118.6923076923076	1324.625	2323.4	3115.333333333333	2387.75	0.27378514	-0.34999284	0.6545652943258229	0.4106214155035254	1822	7	97	506.5785698890686	19.03000000000003
1373.090909090909	1745.571428571429	2144.0	3275.4	4190.777777777777	3188.0	0.2087685	-0.30468777	0.4841482998363013	0.3131238583737707	2014	18	276	524.6702306270599	18.910000000000025
593.0	903.4	989.0	2844.0	2982.0	1942.0	0.48395512	-0.51785237	1.0706452730001157	0.725838007043172	1034	13	295	494.82545375823975	27.450000000000045
813.5	1192.25	1703.5	2645.0	2849.0	2339.0	0.21651144	-0.37859145	0.3478919558068211	0.324729822947804	1121	8	62	519.8741207122803	27.870000000000005
885.0	1271.5	1746.8	2886.0	3412.5	2525.666666666667	0.24589881	-0.38833433	0.4231609289333314	0.3688084086935877	1212	3	69	501.29232943058014	27.163333333333355
1058.0555555555557	1498.85	1965.25	2531.769230769231	3437.6	2991.5	0.1259766	-0.2562681	0.2216826985303931	0.1889439049732545	990	1	270	496.87722063064575	28.52000000000004
925.125	1378.5	2085.4	3103.0	3932.416666666667	2944.0	0.19612983	-0.3848042	0.2931563716713455	0.2941663936479793	1180	2	128	545.9282746315002	26.79000000000002
1048.7	1306.4166666666667	1589.25	2593.8888888888887	2766.0	2127.0	0.24016389	-0.33009523	0.5888664560877918	0.3602027740337691	1304	17	156	547.8482218980789	26.170000000000016
1308.375	1696.2727272727273	2006.125	2591.6666666666665	3022.333333333333	2456.25	0.1273528	-0.20881684	0.3039183034381933	0.1910084361039878	1025	17	218	486.36621260643005	27.31
1124.0	1545.4666666666667	2169.416666666667	2652.0	3467.5	2904.5	0.10009161	-0.26361933	0.1666494002808664	0.1501218395174808	1170	4	75	569.6768069267273	29.83000000000004
1286.6666666666667	1677.5	2163.083333333333	2909.5	3462.5	2876.25	0.14714725	-0.26858515	0.2990930704706953	0.2206991146081444	1060	4	117	561.2886002063751	30.31666666666672
1752.625	2289.285714285714	3023.6666666666665	3675.3333333333335	3986.1666666666665	3348.5	0.0972782	-0.23237823	0.1878295122917843	0.1459064109261885	951	4	270	689.436963558197	30.69000000000005
1565.5333333333333	2065.4	2717.6666666666665	3497.3636363636365	4271.153846153846	3693.0	0.12545344	-0.25741947	0.2417555985259768	0.1881650313852155	957	0	0	593.8314971923828	30.02333333333337
1762.8064516129032	2286.714285714286	2922.5	3889.875	4556.7	3865.3333333333335	0.14200261	-0.25955436	0.2947579045968713	0.2129882758747225	930	2	308	477.9870760440826	30.617999999999995
991.0	1352.0	1638.0	2986.333333333333	3553.0	2758.0	0.29157355	-0.37671918	0.6262191534817475	0.4373130563263541	930	2	33	513.8141250610352	31.07000000000005
1111.6666666666667	1490.3333333333333	1938.6666666666667	2705.0	3359.0	2920.6666666666665	0.16502763	-0.28952804	0.3192789489764741	0.2475148035169567	971	4	75	487.28685307502747	29.77000000000004
1110.6666666666667	1610.3333333333333	1975.0	2698.0	3335.5	2810.0	0.1547186	-0.2524565	0.2906415822479498	0.232053065154595	1061	2	33	463.7780364751816	28.436666666666724
759.5	1059.5	1337.3333333333333	2807.0	3279.0	2600.333333333333	0.35462075	-0.45195913	0.7154099531064921	0.5318669829908722	1080	5	166	452.57535672187805	29.03000000000003
947.0	1251.0	1531.5	2771.5	3075.5	2259.0	0.28817105	-0.37799877	0.6379913562461412	0.4322063436737539	1570	15	4	467.8313136100769	26.150000000000038
758.5	1008.5	1310.0	2246.5	2205.5	1967.0	0.26332068	-0.38033795	0.5298444130127299	0.3949254990160247	1122	3	291	477.3509383201599	28.278333333333364
752.0	1029.0	1460.0	2460.0	2358.5	1973.5	0.25510204	-0.41014618	0.4479483963447411	0.3826042596607575	1108	6	73	467.6332561969757	30.70500000000004
672.5	951.5	1232.0	2558.5	2542.0	1957.0	0.34995383	-0.45783475	0.6757169782486883	0.5248615141123715	1013	4	342	445.6226456165314	30.610000000000014
4081.0	4508.0	4737.0	3393.0	172.85714285714286	147.0	-0.16531365	0.14112137	-2.7803061646669427	-0.2479552303056392	905	0	0	424.9084405899048	23.350000000000023
2473.0	2710.5	2842.0	2892.5	2660.0	2187.5	0.008806348	-0.032482598	0.0903075822603719	0.0132083696599825	905	0	0	448.73331439495087	23.28000000000003
2235.625	2667.833333333333	2831.5	2902.6666666666665	2067.5	1192.0	0.012410987	-0.0421566	0.0569246048939161	0.0186148570099976	905	0	0	467.2715700864792	29.58500000000004
1447.6	2001.4	2671.5	3417.8125	4268.0	3181.5	0.122561045	-0.2613687	0.2171833281194299	0.1838264724899165	1163	8	216	555.1980288028717	29.090000000000032
1137.3333333333333	1626.25	2318.5	3290.4	4089.5	3244.0	0.17327818	-0.33847234	0.2801704257183709	0.2598941063215317	1050	4	243	540.6128579378128	27.15500000000003
982.3	1384.2	1978.4	2962.6	3882.5	3188.5	0.19919045	-0.3631177	0.3295275722369168	0.2987554386319943	1035	6	270	490.5539230108261	28.49000000000001
1057.157894736842	1382.3125	1697.0833333333333	2725.75	3302.25	2578.5	0.23258093	-0.3270246	0.5163402664215032	0.3488319517709118	1203	22	104	532.7155919075012	27.74333333333334
1328.0	1777.857142857143	2154.75	3111.8	3484.0	2695.5	0.18172237	-0.2728091	0.3934397250587869	0.2725576935855934	1308	2	213	462.4718255996704	27.19500000000005
1087.1130952380952	1571.5	2216.75	3292.6	4294.5	3307.0	0.19527712	-0.3538373	0.318647564610549	0.2928890986142998	1274	4	63	545.9282746315002	26.923333333333343
757.25	977.1428571428572	1204.0	2352.8	3210.6666666666665	2573.5	0.32298696	-0.41311735	0.7367077730108956	0.4844123351980435	968	2	232	496.6928505897522	29.220000000000027
1109.75	1499.7777777777778	1753.75	2648.5	3625.35	2939.666666666667	0.20324834	-0.27691546	0.4613183470392617	0.3048378854125262	957	4	40	558.4281338453293	28.05000000000001
1313.1666666666667	1760.0833333333337	2285.0	3267.25	3978.75	3386.0	0.17691027	-0.29979447	0.3444315870678168	0.2653414974562154	974	2	90	491.0814983844757	30.683333333333337
3731.291666666667	4177.0	4340.666666666667	4816.8	5618.666666666667	4974.5	0.051994	-0.0711379	0.4137249875815891	0.0779867437822806	952	0	0	535.9972867965698	28.27000000000004
2131.0	2446.4	2698.75	3314.5	4269.428571428572	3634.0	0.10239887	-0.15068826	0.4366401928804425	0.1535855331531906	953	0	0	543.7745456695557	26.49000000000001
877.1666666666666	1257.2	1606.4	2995.6666666666665	3253.0	2432.0	0.30187887	-0.40877527	0.5734783793229656	0.4527691070924193	956	3	111	580.3974019289017	24.64600000000001
991.4	1376.3333333333333	1580.0	2885.0	3239.0	2537.0	0.29227322	-0.3540363	0.6616975965926376	0.4383607658716829	987	2	52	623.4814343452454	24.226
2517.0	3099.0	3599.0	4365.5	5248.5	4154.0	0.09623956	-0.16966978	0.2705421431596781	0.1443502824858757	847	8	133	444.9026876091957	34.33333333333337
1953.75	2572.0	3201.0	4071.0	5135.5	4273.5	0.11963696	-0.22565106	0.2521775677908375	0.1794431075971124	941	2	0	448.3650000095368	31.890000000000043
1528.25	1923.6666666666667	2358.6666666666665	3273.0	4451.0	3521.0	0.16235572	-0.25965363	0.3832638204821887	0.2435119699346019	852	10	193	457.9325469136238	31.875000000000057
1420.5	1899.0	2240.5	2892.5	3904.0	3403.5	0.12702124	-0.20734634	0.2868329593946592	0.1905132950228888	1159	7	134	490.39278787374496	29.200000000000045
1323.571428571429	1799.0	2593.75	3328.6666666666665	4188.0	3431.0	0.12409067	-0.29831633	0.2049318011610798	0.1861202954625395	1094	4	117	494.90576589107513	28.17500000000001
849.9285714285714	1235.0	1561.7333333333331	3081.333333333333	3045.5	2339.0	0.32728368	-0.42775503	0.6250134652213408	0.4908726768934799	1117	5	101	366.9059519171715	29.136666666666716
909.5	1297.3333333333333	1898.6666666666667	2698.0	2835.833333333333	2506.333333333333	0.17389412	-0.3505757	0.2748833637103522	0.2608128194902657	1173	7	46	359.5499190688133	30.07000000000005
1253.75	1706.375	2267.333333333333	3061.0	3343.0	2937.0	0.14895214	-0.28414485	0.273193007819447	0.2234072498670752	1314	4	90	368.95448899269104	30.670000000000016
932.7857142857144	1315.8461538461538	1635.4444444444443	2271.0	2451.25	2095.25	0.16269413	-0.2662935	0.312234135051401	0.2440099537859936	1127	0	0	439.8044493198395	30.07000000000005
1077.571428571429	1420.4	1834.5	2571.0	3306.2	2584.6666666666665	0.1671774	-0.2882698	0.3349423734099089	0.2507376305038584	1196	4	40	404.2453598976135	28.163333333333355
913.75	1242.3333333333333	1438.2	3291.4	2506.4	1832.5	0.39183018	-0.45196012	0.914081651778888	0.5876831356630938	1222	7	314	433.885950088501	29.525000000000038
1133.1666666666667	1554.428571428571	2009.2857142857144	3011.0	2868.6666666666665	2387.0	0.19953333	-0.31904376	0.381229917740892	0.2992701768362948	1298	4	342	489.0070523023605	28.475000000000023
4305.333333333333	4537.666666666667	4719.0	4827.0	2632.0	1267.0	0.01131364	-0.030896276	0.3169014084507029	0.0169695699994762	905	0	0	358.0624614953995	24.58000000000004
2135.555555555556	2455.0	2770.0	3358.8888888888887	3729.2	2969.8	0.09608412	-0.15547061	0.3714710252600295	0.1441144214123212	910	0	0	351.2032550573349	31.29000000000002
1313.125	1506.5	1695.0454545454545	2382.8571428571427	3347.8	2884.833333333333	0.168668	-0.22532184	0.6355228110048167	0.252970987495104	910	1	90	355.95687651634216	33.950000000000045
3537.5	3831.0	4072.5	4149.25	2834.2	1439.65	0.009334995	-0.039879702	0.0934152872444011	0.0140016418863449	905	0	0	345.183033823967	28.70500000000004
3184.5	3522.583333333333	3771.0	3919.857142857143	3235.0	1934.0	0.01935508	-0.05337951	0.139740099507825	0.0290307302259493	905	0	0	353.883812725544	30.44800000000004
1310.3333333333333	1826.7272727272727	2415.125	3343.2	4337.333333333333	3456.0	0.161171	-0.29332572	0.2897536044558504	0.2417355102820453	1130	4	75	474.239921271801	29.923333333333403
921.8	1245.7272727272727	1628.625	2610.5714285714284	3349.0	2493.0	0.23163503	-0.35392594	0.4488018673892462	0.3474115818602241	1006	4	297	496.87722063064575	28.410000000000025
1128.75	1478.0	2073.5	2993.25	3886.0	2799.0	0.18152662	-0.33888733	0.3299137328048496	0.2722630618185406	988	2	308	503.2473182678223	27.436666666666724
1184.375	1636.7142857142858	2143.5	3107.7727272727275	3981.2	3116.5	0.18362647	-0.3100564	0.3401573793097919	0.27541349674136	1528	2	147	502.3577489852905	24.5533333333334
1385.7777777777778	1919.9166666666667	2509.0	3486.833333333333	4767.75	3737.0	0.16308548	-0.2898075	0.3000040907324456	0.2446078158874867	1478	5	270	484.9222880005837	26.923333333333343
1380.4444444444443	1893.2857142857144	2406.5	2979.2727272727275	3691.416666666667	3092.0	0.10634922	-0.22287819	0.2026527172607815	0.1595090212493038	1271	10	180	530.1838190555573	27.53666666666669
1263.5	1705.25	2314.333333333333	3215.5	3646.0	2896.6666666666665	0.16296452	-0.3069146	0.2954160520133311	0.2444246880839008	1073	3	249	493.8655800819397	28.943333333333385
1331.142857142857	1931.857142857143	2577.0	3523.25	4453.5	3587.8	0.15511659	-0.2917253	0.262769017157592	0.232655821005614	1179	3	232	516.7392361164093	28.36500000000001
1393.3333333333333	1726.3545454545456	2052.0	3114.0	3796.6666666666665	2913.333333333333	0.20557491	-0.2866826	0.5334538878842676	0.308332526855705	1548	9	289	493.9393764734268	25.59400000000005
1184.7333333333331	1759.3846153846157	2333.833333333333	3226.6666666666665	4319.25	3433.6666666666665	0.16056709	-0.29427737	0.2674701923268957	0.2408289875921596	1147	8	237	496.7439728975296	27.50200000000001
874.8	1204.3333333333333	1580.6666666666667	2992.0	3619.0	2642.5	0.30864558	-0.42600682	0.5964052287581699	0.4629177448157731	995	4	105	588.2626457214355	25.200000000000045
872.4	1185.3333333333333	1561.3333333333333	2847.5	2657.166666666667	2140.75	0.29172495	-0.41215852	0.566743045151435	0.4375377986090112	1048	2	180	547.0581638813019	26.470000000000027
794.2857142857143	1179.6666666666667	1663.85	3132.25	2759.5	2125.0	0.30616543	-0.4528342	0.5127662779896818	0.4592002668556894	1078	2	0	494.68272733688354	26.81
736.8888888888889	1059.875	1444.125	2587.166666666667	3228.4	2301.5	0.28354228	-0.4187755	0.499035872807975	0.4252606884863016	1164	7	75	487.66991662979126	26.55000000000001
606.0	991.7058823529412	1172.3333333333333	3235.0	2665.75	1842.5	0.46800786	-0.5307429	0.9007278020378456	0.701932166219231	1145	1	90	531.8814053535461	24.658000000000012
1185.3076923076924	1573.0	1947.25	3046.1666666666665	3196.833333333333	2571.833333333333	0.22007309	-0.31892478	0.4703574728866276	0.3300765931883792	2172	5	301	803.1401951313019	19.80000000000001
861.8333333333333	1079.1666666666667	1127.4	2472.0	3151.5	2377.25	0.37356225	-0.39221853	1.211940944243144	0.5602655629323037	1061	5	137	918.5837581157684	23.110000000000014
677.5	950.6666666666666	926.575	2690.0	3161.0	2243.25	0.48759532	-0.4777513	1.3910647797551428	0.7312918587532744	1150	28	209	977.6960825920104	23.55800000000005
1109.2222222222222	1325.5	1405.107142857143	2652.25	3612.75	2699.0	0.30737814	-0.33354282	1.1277272785990171	0.4610103854955113	1508	19	104	971.7739551067352	18.49333333333334
464.6666666666667	756.0	784.0	2502.0	2481.5	1582.25	0.5228241	-0.5359116	1.1539494895217626	0.7841168416248288	1372	16	257	845.359533071518	18.53000000000003
512.5416666666667	859.5833333333334	1187.7142857142858	1957.0	2243.75	1790.1666666666663	0.24462818	-0.38962692	0.3670099930993942	0.3668839279631185	1205	1	0	820.3302118778229	21.48599999999999
799.1	1003.8	1004.0	2236.75	2585.0	1918.1666666666663	0.38039035	-0.38047555	1.358551906546176	0.5704974932510605	1532	7	9	776.884209394455	19.50200000000001
724.3333333333334	973.2	1011.3571428571428	2301.333333333333	2629.0	1960.75	0.3894044	-0.40559468	1.09767413590502	0.584018425629159	1485	28	97	632.9388659000397	19.120000000000005
1391.75	1684.8333333333333	1897.0	2832.4444444444443	3247.333333333333	2743.333333333333	0.1977916	-0.25404927	0.619119231377336	0.2966560565663209	1107	2	180	632.9388659000397	24.30333333333334
1090.5795454545455	1559.8	1845.8333333333333	2971.0	3104.5	2383.333333333333	0.23359053	-0.31146818	0.479393800306702	0.3503494326044837	1143	3	52	626.628396987915	25.62333333333333
215.625	807.8333333333334	217.84615384615384	18.390243902439025	217.5	171.94117647058823	-0.8443064	0.9554836	1.7151871342411038	-1.2637848161958465	1134	1	232	567.6143305301666	23.63000000000005
429.4166666666667	718.9166666666666	973.3333333333334	2369.3	2960.6666666666665	2161.0	0.41762483	-0.53441304	0.6994276514335438	0.6263435499631085	1172	3	308	538.8372814655304	26.861428571428632
474.6	802.0	1254.2727272727273	2266.714285714286	2909.0	2194.0	0.28754482	-0.47730553	0.4060257517346119	0.4312559813685556	1208	5	14	501.3798612356186	24.620000000000005
510.9388888888889	930.1666666666666	1407.3333333333337	2453.5714285714284	3357.833333333333	2688.0	0.27098262	-0.45021355	0.3701385724285426	0.4064212999216914	1174	1	52	601.5909628868103	26.56
542.8461538461538	928.7058823529412	1059.571428571429	2598.0	2842.5	1883.75	0.42061478	-0.47332954	0.7873094248581404	0.6308359205670435	1238	10	68	458.1891334056854	24.9014285714286
1627.1935483870968	2214.842105263158	2784.866666666667	4259.727272727273	4473.166666666667	3215.714285714286	0.20936063	-0.3158334	0.4206207795043689	0.3140186529977233	2368	25	241	1003.6426753997804	15.750000000000057
2329.0	2910.25	3424.620689655173	4447.25	5235.666666666667	3791.0	0.1299093	-0.20890248	0.3395871765011684	0.1948515924857232	2300	5	248	1078.4167675971985	11.760000000000048
1577.25	2270.333333333333	3007.0	4068.6666666666665	4033.0	3057.0	0.15004475	-0.28369355	0.258129875392564	0.2250512283015757	2790	23	166	1083.9374494552612	11.500000000000057
741.0	1195.2	1509.0	3359.25	3044.5	2127.0	0.3800647	-0.47515067	0.6746089619717797	0.5700385109114249	1813	3	180	878.0247502326965	20.19000000000005
2210.333333333333	2722.8	3301.75	4199.0	4782.0	3665.75	0.11962137	-0.21326822	0.3017792277680614	0.1794200966505582	2633	33	71	878.0247502326965	14.056666666666729
1436.0	1888.5	2208.875	2776.3571428571427	3171.4375	2687.916666666667	0.113832645	-0.1903289	0.2696847186297072	0.1707318383530144	2231	36	122	958.2311508655548	19.71000000000004
672.0909090909091	1123.2631578947369	1630.8695652173913	2722.75	2788.0	2239.675	0.2507983	-0.41588178	0.365505718846691	0.3761542666989532	1484	15	263	816.6171612739563	22.352000000000032
1239.3333333333333	1767.5555555555557	2456.454545454545	3373.75	3466.333333333333	2987.4	0.15733504	-0.31240985	0.260049276699492	0.2359823193049335	1896	20	357	860.0940020084381	22.640000000000043
989.1851851851852	1560.0	2204.2272727272725	3298.777777777778	3866.4545454545455	3028.75	0.1989005	-0.35786322	0.3004942214196263	0.2983236578342177	1986	5	27	891.1356139183044	22.930000000000007
1363.892857142857	1700.388888888889	1949.9285714285716	2839.875	3374.6666666666665	2863.5	0.1858002	-0.25097355	0.5160605558546991	0.2786711996331876	1964	8	335	630.5519502162933	23.295000000000016
991.875	1376.0833333333333	1768.4	2723.3636363636365	2923.333333333333	2290.4	0.21260327	-0.32864928	0.4049406568769193	0.318869409833876	2001	18	326	674.9778437614441	22.860000000000014
671.4090909090909	866.027027027027	990.3636363636364	2338.8888888888887	2560.125	1839.3636363636365	0.40505347	-0.45956334	1.0384446354468484	0.6074889540430553	1792	1	270	704.768884897232	19.910000000000025
922.6	1187.24	1379.5333333333333	2210.5454545454545	2604.6	2090.2	0.23147462	-0.30116835	0.5820642848713462	0.3471635787595652	1970	16	224	713.6542630195618	21.96000000000004
850.4	1164.8	1201.4	3175.75	3319.0	2417.0	0.45105833	-0.46329382	1.231766966547296	0.6765102280904138	1585	33	58	1156.4635013341904	22.010000000000048
1370.6	1826.3636363636365	2306.642857142857	3358.0	3755.25	2683.5	0.1855999	-0.29543382	0.3798608458671843	0.2783752773855155	1778	10	129	1115.2731471061709	16.238571428571447
1390.8181818181818	1750.3	2035.375	3028.5	4074.5	3198.0	0.19611958	-0.267473	0.5161113919505639	0.2941503146982599	1924	13	282	1109.0764791965485	14.370000000000005
1308.16	1568.68	1823.9310344827584	2600.25	4173.2	3469.428571428572	0.17547178	-0.2474424	0.5198142792295024	0.2631779419128205	1979	20	280	995.1426029205322	16.116666666666674
290.44444444444446	476.125	530.625	1898.0	1303.8333333333337	852.0	0.56302434	-0.59890485	1.1769790261957365	0.8443626820357125	1297	18	252	630.0057802200317	22.21000000000004
603.1538461538462	989.5384615384615	1124.125	2784.75	2792.5	2008.0	0.42483452	-0.47564238	0.8291771651123847	0.6371702637889688	1186	11	80	601.658285856247	22.970000000000027
1881.6	2452.6666666666665	3063.5	3894.5	5061.666666666667	4160.0	0.11943087	-0.22716172	0.2544552636413743	0.1791334339297262	837	10	101	448.3650000095368	31.870000000000005
1622.0	2069.25	2581.8	3364.0	4657.0	3724.5	0.13155505	-0.2383012	0.2922669934835892	0.1973159780031279	889	4	221	454.2626608610153	31.015000000000043
1393.3333333333333	1850.0	2357.0	3203.0	4214.0	3178.0	0.15215828	-0.26776174	0.306699535962877	0.2282168869705961	905	3	23	448.59968334436417	29.83000000000004
958.0	1244.0	1618.3333333333333	2397.0	3158.0	2443.0	0.1939233	-0.31667125	0.3954228451486221	0.2908487238016186	900	1	270	445.709382712841	30.04000000000002
1368.2	1703.5	2102.4	3070.0	3957.0	3305.0	0.18706983	-0.28626794	0.4459890484706574	0.2805776257031839	960	2	308	472.36561381816864	29.125000000000057
1226.8333333333333	1680.75	2235.0	2855.2	4057.0	3203.0	0.121841975	-0.2589204	0.2194636904719777	0.1827450055984441	934	3	180	483.8933307528496	29.390000000000043
785.6666666666666	1135.5	1327.5	3058.0	2962.0	2157.5	0.39459583	-0.4584476	0.8430770729806101	0.5918262653898769	1031	5	0	472.2745932936669	28.60266666666672
688.75	1015.0	1292.0	2424.5	2176.0	1759.0	0.3047222	-0.40979794	0.5649083426861204	0.4570217917675545	1093	1	90	512.8680256605148	28.71000000000004
1128.25	1562.0	2015.0	2799.5	3790.0	2792.6666666666665	0.16294527	-0.28373265	0.3050807909934084	0.2443925233644859	1126	6	142	487.7159287929535	28.976666666666688
1254.0	1735.6666666666667	2236.5	3075.0	4198.0	3354.5	0.157865	-0.2784091	0.2956629055007052	0.2367752259036144	1037	6	81	496.99367731809616	29.230000000000015
1429.0	1968.3333333333333	2342.75	2955.7	4149.5	3433.0	0.11568478	-0.2005199	0.2434002573184871	0.1735107898734654	1155	8	133	515.761438369751	28.19000000000005
1156.0	1559.0	2128.333333333333	2772.0	3237.0	2522.0	0.1313516	-0.28007388	0.2341287162326009	0.1970073116816867	1173	5	44	514.2483161687851	27.12333333333333
993.0	1373.4	1889.75	2520.5	3015.0	2673.8	0.14301911	-0.29458898	0.245906432748538	0.2145043359972793	1005	9	213	494.8939343690872	30.03666666666669
869.0	1121.0	1467.0	2446.0	3131.0	2344.75	0.25019166	-0.37146062	0.5172778188735073	0.3752395553852051	1222	2	90	430.3019998073578	29.12333333333333
1749.6666666666667	2326.230769230769	2865.75	3953.5	4660.25	3567.0	0.15951167	-0.25913042	0.3387996013206254	0.2392499725063235	2292	4	343	1187.573630809784	17.560000000000002
1184.3157894736842	1690.2307692307693	2208.2727272727275	3100.714285714286	4105.5	3173.0	0.16810016	-0.29440612	0.2987159197742936	0.2521264925195159	1592	3	129	541.3615797758102	26.53000000000003
1246.1764705882354	1635.4444444444443	2069.8571428571427	3070.666666666667	4010.0	3005.75	0.19469018	-0.3049699	0.4071982281032187	0.2920068728204037	1605	6	261	551.9463789463043	26.176666666666733
1808.65	2256.470588235294	2641.375	3407.8888888888887	3862.2	3019.6	0.12671193	-0.20327424	0.3366472039293093	0.1900521829364322	1660	4	40	584.6287000179291	25.557500000000005
1191.375	1571.4666666666667	2020.1818181818185	2927.4166666666665	3732.0	2876.666666666667	0.18336873	-0.30139703	0.3709543272842164	0.2750253005057038	1633	6	296	613.721472620964	27.117999999999995
1048.7368421052631	1437.1363636363635	1830.6666666666667	2866.2	3770.5	2818.15	0.22047323	-0.33208272	0.4325049225724344	0.3306746333051851	1688	5	0	627.0269944667816	26.49000000000001
867.15	1252.3636363636365	1761.3529411764705	2643.6666666666665	3578.5	2680.25	0.20029734	-0.35710785	0.3287720876165412	0.3004119164239156	1633	6	309	735.0025712251663	27.54142857142864
1251.12	1695.2222222222222	2337.25	3210.923076923077	4250.0	3343.25	0.1574704	-0.30893925	0.278168144809324	0.2361843268141032	1494	1	51	636.7219544649124	26.900000000000038
1881.4166666666667	2589.0	3208.0	4261.5	5250.0	4250.25	0.14104024	-0.24414276	0.2801898961422359	0.2115461847389558	1373	16	277	514.8722418546677	26.79000000000002
988.2777777777778	1562.4	2278.8	3201.625	4111.8	3291.0	0.16838567	-0.34408405	0.2437894119501478	0.2525554536871056	1908	7	170	651.5336401462555	23.38000000000005
665.1333333333333	1118.5	1763.2857142857142	2424.833333333333	3122.25	2594.0	0.15795816	-0.36867356	0.206294028201808	0.2369089710212479	1685	1	309	655.9015598297119	24.91666666666669
1181.952380952381	1635.5	2218.5	3103.345238095238	4119.666666666667	3127.5	0.16626662	-0.30974746	0.292967856979562	0.249376505613127	1608	3	337	655.9015598297119	26.400000000000038
1567.875	1789.4375	2050.5	2764.833333333333	4190.666666666666	3987.2	0.14834556	-0.21417168	0.5395640433312981	0.2224952413912442	998	1	90	322.51690328121185	33.170000000000016
2061.4444444444443	2608.2	3150.5	4015.8333333333335	4831.777777777777	3949.0	0.1207498	-0.21250397	0.2900299414577468	0.1811120671612288	1031	14	34	322.51690328121185	30.410000000000025
1687.8	2270.5	2793.125	3505.0	4244.4	3561.6666666666665	0.11302967	-0.21374772	0.2339769926047658	0.1695310484431126	1128	6	232	407.7202777862549	31.77333333333337
1892.0	2563.3214285714284	3292.777777777778	4097.966666666667	4897.733333333334	4094.25	0.10894557	-0.23038265	0.2082607681050963	0.1634073047389404	1155	4	0	389.4579955339432	30.250000000000057
1505.5	2088.235294117647	2748.666666666667	3444.6666666666665	4288.375	3703.0	0.1123789	-0.24515732	0.2012394344477961	0.1685547453111965	1212	4	62	397.8787623643875	29.430000000000007
1310.235294117647	1564.25	1883.5833333333333	2527.454545454545	3916.0	3678.541666666667	0.14596818	-0.23540422	0.4020988498699456	0.2189274680890159	1000	3	292	334.22184586524963	34.910000000000025
627.6	1026.6666666666667	846.6666666666666	1162.6666666666667	276.3333333333333	205.25	0.1572661	-0.06211937	0.5140997830802604	0.2358404511153496	998	0	0	334.22184586524963	27.51666666666671
2534.1428571428573	2964.6666666666665	3311.8	3987.5	4877.0	4391.666666666667	0.09257052	-0.1471244	0.3480672659731665	0.1388462697608153	1002	2	32	327.9087347984314	32.315000000000055
1952.0	2352.25	2720.178571428572	3466.285714285714	4503.0	3999.2	0.12060316	-0.19146325	0.3623035087475891	0.1808901203567408	1003	1	0	365.7717866897583	31.106666666666683
1774.5	2157.2	2462.916666666667	3028.4	3486.5	3100.5	0.10297773	-0.16800371	0.3142866141265481	0.1544525339216834	1005	0	0	325.1632016301155	34.82000000000005
1649.3333333333333	1984.8333333333333	2286.8	2801.285714285714	3044.75	2672.75	0.10111577	-0.17058757	0.3097008764567478	0.151658754467281	1003	1	180	314.934461414814	34.49666666666673
1840.857142857143	2254.75	2592.3846153846152	3301.45	3873.0	3369.6666666666665	0.12030629	-0.18838415	0.3509995921275504	0.1804441292062064	1001	1	52	314.934461414814	33.27000000000004
1283.7067307692307	1564.7142857142858	1785.95	2417.4444444444443	2659.0	2184.6666666666665	0.1502344	-0.21413766	0.4502513522536277	0.2253247980377982	1051	4	242	326.70006811618805	34.903333333333364
1232.375	1515.6666666666667	1839.857142857143	2445.0	3040.375	2455.75	0.14122824	-0.23464063	0.3566099326305244	0.2118176514709558	1004	1	52	314.934461414814	34.10500000000002
1199.7	1377.875	1557.0	1998.6666666666667	2079.25	1772.875	0.124214865	-0.18385428	0.471077612258684	0.1862961053568918	1020	0	0	356.6520998477936	35.650000000000034
4221.2	4641.5	4991.083333333334	5401.857142857143	4947.0	3863.0	0.03952431	-0.075707465	0.2782751056485689	0.0592836140926797	987	8	352	335.2516236305237	34.863333333333344
997.6923076923076	1178.0	1313.3076923076924	1730.177777777778	1806.6666666666663	1493.3333333333333	0.13697128	-0.18987072	0.4896676824028131	0.2054231645815217	1067	2	180	348.3672060966492	35.48000000000002
927.5	1315.0	1385.3333333333333	4414.0	2704.0	1841.0	0.5222439	-0.5409321	1.3120767086889342	0.7832983706428347	1012	1	0	358.0442371368408	34.436666666666724
1343.5	1525.5	1815.5	2014.625	2465.25	2395.333333333333	0.051989164	-0.13816603	0.1757579769627962	0.0779735682819383	1050	3	292	262.4445695877075	30.045000000000016
1231.576923076923	1516.625	1841.1851851851848	3083.0625	3216.428571428572	2735.833333333333	0.25219634	-0.34055302	0.6343427396811638	0.3782561242327229	1003	3	128	340.8550684452057	29.125000000000057
1312.388888888889	1683.0	2063.0	2792.5	3892.2	3371.5454545454545	0.150242	-0.24790527	0.3422579484853697	0.2253397858319604	1018	5	207	340.4178581237793	32.473333333333414
1712.8333333333333	2291.7272727272725	2966.125	3793.6	4756.461538461538	4079.5	0.122412525	-0.2468023	0.2365538987547312	0.1836052054480434	1051	1	270	347.908277630806	30.5266666666667
1183.8333333333337	1360.5	1508.5	2031.6666666666667	3716.75	2483.0	0.14778024	-0.19785781	0.5931819040780082	0.2216390510261721	991	1	180	345.5984719991684	27.49000000000001
1702.0	2016.0	2230.25	2977.0	4212.25	3040.5	0.14340582	-0.19246946	0.5193698706356934	0.2150880898660649	991	3	292	331.5307203531265	28.385000000000048
1545.0	1875.0	2175.125	2932.6	3819.25	3183.208333333333	0.14829987	-0.21998502	0.4306918589444715	0.2224280449666958	993	1	90	331.5307203531265	28.34333333333336
1012.1428571428572	1167.4	1263.5	1809.0	3406.0	2350.0	0.17754272	-0.21556242	0.7576689551172665	0.2662707452001301	989	2	212	331.5307203531265	28.06
1811.8333333333333	2129.555555555556	2408.6666666666665	3150.4	3851.0	3250.0	0.13342768	-0.19334337	0.4618916551463597	0.2001235108251842	990	1	0	321.444350540638	31.970000000000027
2319.333333333333	2830.5	3204.833333333333	4078.6666666666665	4625.0	3820.5	0.119974375	-0.18065372	0.3694126599402514	0.179949203734212	989	1	270	333.8490170240402	31.3366666666667
2205.2	2694.4	3118.6666666666665	3411.6666666666665	3279.2	2787.333333333333	0.04486754	-0.11746787	0.1311392253983409	0.0672961592446089	985	3	52	343.81579661369324	32.098333333333414
2586.1111111111118	3089.6666666666665	3489.2	3696.25	3712.2	3412.6666666666665	0.028815174	-0.089388564	0.0988472200562069	0.0432197552167772	988	1	52	343.81579661369324	32.64500000000004
2556.5	3001.6666666666665	3308.5	3748.272727272728	3757.142857142857	3439.0	0.06231924	-0.1106093	0.248373697803016	0.0934722401133582	987	1	52	355.304080247879	32.25000000000006
1103.4	1459.3	1519.0	3602.8	2830.4444444444443	2120.4	0.40684915	-0.42344087	1.1727033293564146	0.6102141616070906	1033	8	216	311.6528545618057	30.858333333333405
1059.388888888889	1321.0	1759.625	2327.076923076923	3234.833333333333	2637.285714285714	0.13885327	-0.27578282	0.287148178807947	0.2082544245757747	1240	7	75	336.1587925553322	33.870000000000005
651.2857142857143	877.0909090909091	1011.4285714285714	2545.0	2382.75	1586.428571428571	0.43121108	-0.48739472	1.027882571477815	0.6467257063678534	1603	20	108	366.2840379476547	25.03000000000003
689.3	942.8571428571428	1036.75	2925.0	2414.5	1484.5454545454545	0.47662017	-0.51246536	1.1870560130760042	0.7148400530001893	1532	17	12	360.6496708393097	23.326000000000025
1184.8	1565.2857142857142	1980.5928571428567	2839.7	3134.875	2263.0	0.17822717	-0.2893118	0.3678782562310669	0.2673130234949497	1587	13	278	360.6496708393097	24.890000000000043
673.4697802197802	912.0769230769232	1055.3333333333337	2869.6666666666665	2502.1666666666665	1633.0	0.46225053	-0.51764214	1.0925392643739968	0.6932874793019996	1473	7	270	340.83652687072754	22.900000000000038
989.7083333333334	1319.8125	1624.4444444444443	2875.8162393162397	3181.1428571428573	2287.708333333333	0.27806652	-0.37086308	0.6015435016955716	0.4170534325631565	1681	29	78	340.83652687072754	22.980000000000015
1060.5	1427.5625	1730.5833333333333	3153.1666666666665	2878.3	1903.9583333333333	0.29128915	-0.3767095	0.6369110689927919	0.436888979884322	1719	13	278	358.552543759346	23.55000000000001
1057.7692307692307	1379.7692307692307	1750.3333333333333	2396.5	2662.0	2095.333333333333	0.15582171	-0.26924214	0.3252802259361947	0.2337043883619997	1693	19	208	358.552543759346	25.33000000000004
1621.0	2027.3333333333333	2420.0	3062.6666666666665	3852.5	3422.0	0.1172179	-0.20340537	0.2960960776484318	0.1758108149183865	999	1	0	353.17209780216217	32.98333333333335
2019.0	2511.333333333333	2934.333333333333	3583.875	4540.666666666667	3983.5	0.09965034	-0.17596473	0.2684777591777405	0.1494640425953505	1005	3	180	365.5412982106209	32.95250000000004
2780.428571428572	3354.6666666666665	3713.4	4324.208333333334	4848.25	4203.666666666667	0.07599379	-0.1262609	0.2654583153887688	0.1139835968869127	1001	2	270	365.5412982106209	32.360000000000014
1053.59375	1307.4375	1618.7857142857142	2283.454545454545	3313.75	2736.0	0.17033006	-0.2718035	0.4057593536328299	0.2554623624426394	1017	3	292	336.3673956394196	33.450000000000045
1056.6923076923076	1312.571428571429	1694.576923076923	2397.928571428572	3604.5	3017.428571428572	0.17186333	-0.29250968	0.3788632150188586	0.2577635123978591	1038	1	180	340.4178581237793	32.05000000000001
1253.1666666666667	1886.819672131148	2653.954545454545	3360.766666666667	4367.368421052632	3632.235294117647	0.117513694	-0.28088093	0.1787272244393358	0.1762558922491074	1358	7	29	376.9941332340241	25.82200000000006
1312.7936507936508	1887.848	2595.621212121212	3294.576086956521	4446.0	3570.5652173913045	0.118664086	-0.27144212	0.1936516922822765	0.1779810197371897	1313	7	128	365.7513464689255	27.29000000000002
1246.713043478261	1822.423076923077	2593.216494845361	3421.6455696202534	4464.8125	3570.323529411765	0.13773036	-0.30495834	0.2150290080383755	0.2065783570207641	1422	6	52	365.7513464689255	25.20500000000004
1121.142857142857	1502.6363636363635	1897.3846153846157	2727.0	3635.1666666666665	2936.0	0.17940018	-0.28947255	0.3636280440813808	0.2690711618585079	1100	3	291	367.79190135002136	28.55000000000001
1248.2903225806451	1757.6969696969695	2274.875	3103.55	4050.25	3216.25	0.15407391	-0.27685347	0.2802750651020358	0.2310893905380722	1379	19	69	378.41093504428864	25.890000000000043
1311.7916666666667	1888.9016393442623	2655.6388888888887	3359.8387096774195	4461.761904761905	3699.538461538461	0.117064655	-0.28024572	0.1861734228316639	0.1755823910372484	1183	5	0	382.6503672599793	28.760000000000048
1696.5757575757575	2204.2051282051284	2780.6	3484.846153846154	4813.4	3860.5	0.1124016	-0.22510625	0.2364788612405561	0.1685889416909227	1229	14	274	370.9421751499176	27.480000000000015
1247.5416666666663	1772.3333333333333	2305.916666666667	3214.25	3744.25	2988.75	0.16454817	-0.28915924	0.2951362094221556	0.2467999033933099	1338	4	105	386.3470017910004	26.196666666666715
1121.7142857142858	1638.0	2107.7	2953.5	3646.5	2875.333333333333	0.16711451	-0.28650767	0.2941772715438172	0.250647015824723	1290	15	175	386.3470017910004	25.170000000000016
1245.4545454545455	1764.0833333333333	2008.625	3494.166666666667	3800.4	2832.25	0.26996145	-0.32902265	0.5984288806178765	0.4049053975272375	1626	9	294	425.9072425365448	24.61500000000001
681.5	1003.75	1134.5	2445.0	2312.25	1611.5	0.3661126	-0.41790503	0.7910303615621416	0.5490921787709497	1563	9	353	464.8464612960816	25.110000000000014
871.4	1263.4	1510.5555555555557	2712.714285714286	3195.6	2385.8	0.2846512	-0.3645052	0.5733796664319727	0.4269262206522046	1555	15	148	496.6063873767853	24.610000000000014
490.8888888888889	735.3076923076924	812.0	2684.0	2300.375	1426.75	0.5354691	-0.56990844	1.2076380526406332	0.803088803088803	1591	13	94	496.6063873767853	23.09666666666669
932.0	1244.6666666666667	1633.0	2656.6428571428573	3181.8571428571427	2546.833333333333	0.23863125	-0.36192366	0.4682170441328299	0.3579051646631814	1526	5	207	474.1881680488586	24.03666666666669
1181.125	1570.3333333333333	2016.555555555556	3111.2727272727275	3945.6666666666665	2967.25	0.21348554	-0.3291476	0.4307760612968614	0.3201970831458063	1688	6	0	474.1881680488586	24.263333333333374
953.8260869565216	1373.7058823529412	1876.692307692308	2590.5	3343.5	2807.6666666666665	0.15978889	-0.30694523	0.2664273468253566	0.2396565082644628	1568	4	220	501.2798993587494	23.878000000000043
805.9166666666666	1376.8333333333333	2019.0	3025.5	3697.9	2929.6	0.19952424	-0.37449837	0.2766287842350451	0.2992566897918731	1486	3	203	523.3868162631989	26.494000000000028
798.0645161290323	1187.36	1753.148148148148	2834.6	3499.1428571428573	2727.2	0.23572607	-0.4095615	0.3668920869309361	0.353550576472744	1430	3	157	523.3868162631989	25.563333333333333
421.28	673.9090909090909	675.5333333333333	2087.833333333333	1608.0	1076.0	0.5110795	-0.5119682	1.1838487588434503	0.7664805345168605	1487	17	12	547.187079668045	22.86166666666668
544.5	738.4814814814815	934.1764705882352	2267.285714285714	2438.75	1679.7692307692307	0.41640636	-0.50862366	0.879453745245578	0.6245120179721732	1622	16	93	560.0838108062744	21.840000000000032
493.77777777777777	752.25	843.375	2706.333333333333	2696.25	1687.0	0.5248201	-0.5649953	1.1459422607697196	0.7871193005105335	1564	3	157	560.0838108062744	22.385000000000048
519.0	772.2857142857143	876.0	2708.0	2929.0	1833.5	0.51116073	-0.55619407	1.1246163290362186	0.766634119124006	1527	10	215	493.5479105710983	23.922000000000025
788.0	1113.25	1452.0	3012.0	2948.75	2038.0	0.34946236	-0.46027514	0.6706792777300086	0.5241348415276067	1821	4	308	557.8657858371735	20.14500000000004
225.7619047619048	507.4236111111111	482.2	2010.571428571429	1418.5	879.0	0.6131214	-0.59696215	1.1897432931955574	0.91949761930682	1333	20	35	562.2125415802002	22.04333333333335
161.0952380952381	313.42857142857144	270.44444444444446	1643.75	956.1666666666669	549.9583333333333	0.7174326	-0.67971385	1.6672785155293983	1.0758679220647334	1418	8	276	571.7605143785477	21.33500000000004
224.53333333333333	460.7142857142857	498.3333333333333	1999.5	1650.0	1010.6666666666666	0.6009875	-0.6254682	1.1350118453551086	0.90130086724483	1515	3	23	568.4926483631134	21.454000000000065
400.1666666666667	627.0	740.0	2354.0	2492.0	1638.6666666666667	0.52165484	-0.5793358	1.0635914332784184	0.782355792535143	1420	1	52	566.2546365261078	24.02333333333337
619.0	1057.3333333333333	1499.0	2846.777777777778	3092.0	2263.0	0.310135	-0.45834875	0.4680253420481993	0.4651489780527399	1310	5	259	507.26094591617584	26.26600000000002
607.1666666666666	934.52	1435.3846153846157	2336.65	2482.875	1901.75	0.23893349	-0.42863256	0.3522655251248636	0.3583527295972203	1313	5	121	500.57046031951904	26.650000000000038
159.875	359.3181818181818	290.4375	2080.4666666666667	973.2	495.5	0.7549985	-0.70545095	1.7047707406425645	1.1322590167218085	1676	17	323	457.3901567459106	18.980000000000015
349.55555555555554	559.625	522.1538461538462	2190.5	2063.6666666666665	1177.0	0.6150236	-0.5930185	1.543189526361976	0.9223653993365656	1506	10	259	459.8894827365875	23.55000000000001
666.8333333333334	1065.0	1562.75	2861.2	3126.0	2610.0	0.2935047	-0.4574907	0.448517779052014	0.4402072573992247	1154	4	342	463.18369925022125	28.370000000000005
463.5	742.0	1196.5	2298.0	2363.5	1652.0	0.31520963	-0.51184213	0.4588245095180572	0.4727467811158798	1139	1	232	505.566663980484	26.480000000000015
404.5833333333333	803.2857142857143	681.4	3103.0	1878.0	1206.25	0.6398901	-0.58872145	1.4559797019017442	0.959708314618616	1130	1	90	505.566663980484	27.12200000000001
547.5454545454545	1052.923076923077	1055.8333333333333	3670.5	2414.6	1675.0	0.5532125	-0.5541695	1.1079266758090778	0.8297309685836185	1146	1	232	494.4013977050781	24.87666666666672
801.0571428571428	1181.0625	1555.0	3111.0	3114.6666666666665	2450.0	0.33347622	-0.4496527	0.6045938474860397	0.5001607200257152	1148	1	0	494.4013977050781	26.522000000000048
795.1578947368421	1241.1875	1636.157894736842	2959.5	3339.6666666666665	2252.75	0.28795487	-0.40905505	0.4855401026560019	0.4318853275619224	1191	14	331	475.8171558380127	26.150000000000038
1066.0	1582.0	1979.0	2787.0	3115.0	2587.0	0.1695342	-0.2758068	0.3029848507574621	0.2542746249868877	1144	2	180	498.5545890331268	26.200000000000045
154.3181818181818	280.3333333333333	161.66666666666666	154.5	46.61538461538461	44.90476190476191	-0.022667369	0.2893829	0.561891185554765	-0.0339473684210525	1122	0	0	475.3618152141571	19.225000000000023
604.75	862.0	1322.6666666666667	2274.8571428571427	2289.0	2074.25	0.2646794	-0.45040533	0.4193761161568653	0.3969639418463838	1282	13	45	475.0927658081055	22.930000000000007
724.0	1052.75	995.6666666666666	3599.0	2479.5	1873.5	0.56659895	-0.54737467	1.5705437580437582	0.8498059555329875	1126	3	203	474.0643067359924	25.650000000000038
338.0	466.6666666666667	304.5	428.75	115.8	81.18181818181819	0.16945107	0.042345278	-1.1163522012578615	0.2540034071550255	1122	0	0	481.7890748977661	18.730000000000015
867.0555555555555	1376.8333333333333	1952.142857142857	3181.2	3376.25	2643.0	0.23942627	-0.39586517	0.3661333918158685	0.3591044302652705	1161	4	242	476.2030386924744	28.21000000000004
984.0	1444.0	2100.0	3111.5	3669.0	2997.5	0.19409	-0.36604103	0.3034803480348035	0.2911070606293169	1176	4	342	461.3614253997803	28.02333333333337
985.75	1515.25	2331.25	3619.0	3933.0	3258.0	0.21641947	-0.40974826	0.3151808113565441	0.3246019409318153	1217	2	90	461.3614253997803	28.53000000000003
736.6969696969697	1121.0	1431.142857142857	2651.1	3442.0	2571.846153846154	0.2988448	-0.40563613	0.5337831725449657	0.4482123362445415	1234	5	0	528.3603031635284	25.855000000000015
674.1111111111111	1116.75	1448.5	2723.875	2702.0	2000.25	0.30567124	-0.41845402	0.5013233665922	0.458451906659078	1333	2	0	451.9319138526917	25.28000000000003
634.8636363636364	929.0	1182.5	2041.2142857142856	2177.75	1620.0	0.2663742	-0.3744559	0.4906112291287479	0.3994993243093555	1437	1	90	583.579815864563	24.57000000000005
678.4583333333334	1053.0526315789473	1505.923076923077	2345.1428571428573	3085.75	2384.2	0.21791883	-0.38022834	0.3333812435999143	0.3268358096107621	1378	5	136	501.3013310432434	24.52000000000004
529.2222222222222	883.8461538461538	1132.142857142857	3340.333333333333	3154.5714285714284	2074.5	0.49372885	-0.58153003	0.8954509116328285	0.7405104729459984	1396	7	285	510.8840755224228	26.045000000000016
1060.3809523809523	1565.571428571429	2079.5	3222.0	3727.428571428572	2986.8	0.21550505	-0.34598514	0.3686843075788309	0.3232270841192003	1286	6	168	499.9304099082947	27.22333333333336
669.3783783783783	996.6285714285714	1311.4	2523.8	3156.181818181818	2333.607142857143	0.31612432	-0.4338027	0.5641313528095901	0.4741246708553849	1515	8	103	564.9248080253601	25.140000000000043
495.6923076923077	847.9285714285714	943.375	2688.8	2861.714285714286	1837.3333333333333	0.4805454	-0.5205012	0.9419744306977758	0.7207188917257944	1435	12	283	556.5874783992767	25.376666666666665
829.625	1326.4	1901.5	2641.0	3112.6666666666665	2581.0	0.16279581	-0.3313505	0.2361469252201403	0.2441668500990534	1021	2	232	477.0723738670349	29.09666666666669
758.0	1070.5	1589.0	2503.5	2508.5	1757.0	0.22345755	-0.40095133	0.3598410325017707	0.3351453701441486	1064	1	270	477.0723738670349	28.63000000000005
730.0	1078.25	1445.0	2555.0	3113.6666666666665	2315.0	0.2775	-0.40645427	0.4825247782994262	0.4161979752530933	982	2	328	486.25765085220337	26.521666666666647
905.6666666666666	1379.6666666666667	1895.2	3420.5	4044.1666666666665	3184.0	0.28694245	-0.42515886	0.4766443338916526	0.4303731989014709	1452	9	353	505.9159243106842	21.170000000000016
1128.1	1441.6666666666667	1702.5555555555557	2714.2	3400.0	2671.5	0.22904696	-0.30620167	0.5658240953762361	0.3435315542833281	1886	4	128	515.4642142057419	21.475000000000023
1381.25	1754.0	1939.9	3036.5454545454545	4068.0	3113.428571428572	0.22036722	-0.2677243	0.6349899012018014	0.3305176230765858	2020	18	184	536.8741405010223	19.886000000000024
874.8	1227.625	1310.7142857142858	3865.5	2878.285714285714	2123.35	0.49356258	-0.5179286	1.2354408168340771	0.7402723735408558	1281	2	32	496.0427030324936	24.230000000000015
537.3181818181819	800.535294117647	1036.642857142857	2611.4	3021.8	2000.3333333333333	0.43167177	-0.53074414	0.8197811118994124	0.6474189304536448	1311	9	227	497.3477334976196	26.80000000000001
1424.3333333333333	1812.1666666666667	2139.6	3176.0	3982.5	3182.0	0.19497329	-0.27341375	0.4859248701262169	0.292432422264442	1209	10	180	522.0292147397995	27.78333333333336
663.7777777777778	737.8	283.6666666666667	92.46153846153848	111.0	82.42857142857143	-0.50835097	0.7772713	0.150182869848226	-0.761514109677639	1122	0	0	561.179584980011	16.83000000000004
448.0	487.5	183.33333333333331	42.57142857142857	53.0	54.0	-0.62310284	0.8393747	0.1587710817488452	-0.9325901777263644	1122	0	0	530.8849762678146	17.03000000000003
542.7857142857142	814.7777777777778	931.75	2480.833333333333	2699.5	1731.6666666666667	0.45393276	-0.5055377	0.967828549837707	0.6807993749542203	1127	1	128	622.2177586555481	17.480000000000018
673.5	931.8888888888888	1308.428571428571	2446.2	3562.0	2644.6666666666665	0.30303168	-0.4482745	0.5421551422507158	0.454487006341803	1137	6	108	615.261222243309	24.14500000000004
916.0	1307.0	1788.0	2906.0	3181.75	2443.0	0.23817639	-0.37953952	0.4131559497413156	0.3572265416977314	1138	2	180	572.8763480782509	22.950000000000045
542.9166666666666	781.75	853.25	1868.75	2512.333333333333	1810.6666666666667	0.37307128	-0.4101113	0.8702172329577101	0.5595041322314049	1327	18	133	564.0830121040344	18.51800000000003
748.1	1014.125	1039.6153846153843	2412.2	3000.6	2131.6666666666665	0.39764136	-0.4080392	1.1287174056882463	0.5963756765247848	2051	14	190	551.0058588981628	18.760000000000048
1242.9130434782608	1563.5833333333333	1757.4	2913.5	4120.75	3251.5	0.2475112	-0.30151698	0.6986254653071601	0.3712270411439825	1875	12	354	616.3627347946167	20.510000000000048
1438.3125	1881.8461538461536	2207.4444444444443	3289.6	4085.0	3303.0	0.19686134	-0.27221668	0.4706724373502554	0.295265158788065	2249	21	144	564.1004755496979	15.285000000000023
1221.6896551724135	1698.0243902439024	2082.260869565217	3179.785714285714	3887.75	2958.714285714286	0.20857376	-0.30377594	0.4213678707057688	0.3128309157647502	2052	12	152	541.8672037124634	18.850000000000023
1290.5	1678.6666666666667	2035.0	3405.5	3892.0	3091.8	0.251907	-0.33964923	0.5770283356490253	0.3778257673221834	1199	2	212	554.19673204422	26.306666666666672
528.0909090909091	807.4	982.25	2554.5	2960.5	2018.0	0.44454655	-0.5196764	0.8757456224745044	0.6667255636440738	1138	2	232	575.5754461288452	26.12333333333333
1096.25	1540.5	2081.333333333333	2972.833333333333	3538.0	2714.5	0.17638911	-0.317356	0.3078401694300727	0.2645575046161962	1078	5	270	570.4194271564484	26.840000000000032
687.0	1061.5	1534.0	2772.5	2752.916666666667	2186.25	0.28758854	-0.44627023	0.4536630036630036	0.4313327141862085	1130	4	255	574.7054047584534	25.693333333333385
1199.7	1550.2	1962.5	2902.0	3729.3333333333335	2899.0	0.19313394	-0.30362517	0.4134941243783284	0.2896711202466598	1536	11	228	533.2672603130341	23.62666666666672
987.1333333333332	1497.5	1954.0	3232.6666666666665	3592.5	2824.2	0.24652956	-0.36682993	0.4231660231660231	0.3697586993541754	1815	10	201	513.7016736268997	23.21000000000004
1122.857142857143	1484.75	1712.4	3078.5	3135.0	2276.0	0.28514475	-0.34925765	0.6924013751437268	0.4276724965563301	2167	15	308	559.8810695409775	18.57000000000005
1443.5	1822.3333333333333	2146.454545454545	2663.75	3018.5	2472.1666666666665	0.107541256	-0.18756153	0.2741522851443934	0.1612951230919681	1199	24	125	547.8482218980789	26.84333333333336
1359.6666666666667	1848.6666666666667	2471.75	3494.0	4342.333333333333	3562.8	0.17135315	-0.30796108	0.3144223671259842	0.2570081709616593	968	3	180	496.3425563573837	28.46000000000004
1570.125	2089.5	2590.166666666667	3454.625	4310.25	3323.5	0.14300878	-0.24622911	0.2992991779984015	0.2144954406666344	1225	20	164	488.77969622612	26.07000000000005
790.0	1148.65	1710.0	2561.333333333333	3282.5	2552.0	0.19931325	-0.38077888	0.3085733616856755	0.2989348835394638	1186	0	0	551.8287333250046	27.466000000000008
1383.0	1951.6666666666667	2443.5	3569.916666666667	4095.5	2992.0	0.18731725	-0.29307717	0.3583016127151083	0.2809525129214184	1218	7	295	510.0051876306534	27.545000000000016
924.2222222222222	1313.9	1905.0	2689.333333333333	3688.0	3128.333333333333	0.17071755	-0.3435806	0.272767318927942	0.2560484602270665	1056	1	270	547.4292629957199	29.33000000000004
681.625	988.6923076923076	1312.625	2196.6666666666665	3175.0	2263.2	0.25191456	-0.37922707	0.4454751216726365	0.3778180091410933	1336	10	21	462.46150267124176	26.55000000000001
997.0	1374.8	1753.2	2576.5	3407.6666666666665	2825.0	0.19015174	-0.30412775	0.3662887955580865	0.2851946792295968	997	1	180	486.4650287628174	29.24000000000001
1245.0	1624.0	2070.5	2826.0	3584.0	3067.5	0.15429388	-0.27011237	0.3194503171247357	0.2314171942005309	1000	4	0	486.4650287628174	28.200000000000045
1549.142857142857	2034.3333333333333	2513.6666666666665	3117.75	4026.0	3366.333333333333	0.107270226	-0.2102871	0.2294389793508084	0.1608910524836128	1188	17	108	459.0038439035416	30.07000000000005
1215.8947368421052	1645.6666666666667	2147.4	2790.769230769231	3559.5	2954.8	0.13028497	-0.25811318	0.2453001687856668	0.1954076697708975	1183	9	246	482.6910102367401	27.500000000000057
1178.75	1615.5	2143.75	2798.0	3357.5	2652.333333333333	0.13239238	-0.26792794	0.2397969468726519	0.1985684657797561	1055	2	270	496.74323880672455	28.823333333333323
1250.75	1699.6666666666667	2268.833333333333	3032.333333333333	3808.0	2876.0	0.1440249	-0.28162864	0.2627066642963235	0.2160169757937755	1082	2	308	480.58559334278107	28.110000000000014
1096.0	1514.25	2220.333333333333	3146.0	3856.0	3183.0	0.17249519	-0.35014215	0.2805390552390188	0.2587186733331262	1107	3	111	522.9891953468323	29.12333333333333
1185.6666666666667	1624.7272727272727	2271.2	3084.0	3887.0	3034.333333333333	0.15177771	-0.3099081	0.2598565162346383	0.2276453124708255	1110	6	168	521.252228140831	26.863333333333344
1166.0	1646.7	2188.6666666666665	3085.714285714286	3889.5	2991.428571428572	0.17007639	-0.30407614	0.3000675382929378	0.2550903879572999	1426	12	196	539.6588082313538	26.600000000000023
1948.8	2537.1428571428573	3297.2727272727275	3797.6	4172.666666666667	3668.2	0.07051956	-0.19897527	0.1395031461462496	0.1057718794963682	1145	4	90	409.2904394865036	31.03000000000003
1266.3636363636365	1652.2	2093.5	2863.333333333333	3124.0	2469.0	0.15530749	-0.2682149	0.3246813829488116	0.2329377353415815	1310	5	259	453.7588220834732	27.53800000000001
1057.428571428571	1322.6666666666667	1658.0	2420.0	2571.833333333333	2036.0	0.1868563	-0.29319558	0.42921977597528	0.2802500919455682	1265	4	18	472.82267224788666	28.78000000000003
783.6363636363636	1066.571428571429	1406.0	2409.5	2707.6666666666665	1846.0	0.26300615	-0.38633513	0.5048571663785296	0.3944575471698113	1338	2	32	453.7431361675263	25.214000000000052
991.625	1299.5	1693.3333333333333	2264.222222222222	2741.428571428572	2189.25	0.14425291	-0.27070636	0.2861291674381889	0.2163520247034879	1353	2	270	424.4610524177551	30.720000000000027
1186.1739130434785	1697.0	2246.346153846154	3133.6875	3921.75	3205.666666666667	0.16493231	-0.2974085	0.2874832946391554	0.2473754658665363	1445	4	40	458.4191678762436	26.930000000000007
1061.3636363636365	1440.6	1630.625	2289.5	2569.55	2187.833333333333	0.168075	-0.22758102	0.4003836656225658	0.2520803443328551	1699	17	229	505.38418221473694	25.81
1438.470588235294	2080.0	2815.6153846153848	3740.6153846153848	4241.428571428572	3484.75	0.14108716	-0.28529894	0.2348483873724919	0.2116146062472503	1676	3	231	576.4060583114624	26.48333333333335
1011.2941176470588	1262.2857142857142	1580.7142857142858	2734.9	3556.5	3112.333333333333	0.26744413	-0.36841276	0.6224737007454924	0.4011197240904517	1015	3	0	367.7098075151444	31.750000000000057
1118.7407407407406	1506.8666666666666	1888.9444444444443	2712.736842105264	3619.5	2677.0	0.17901987	-0.28577808	0.3640686493935313	0.2685006347104666	1899	9	203	688.1720678806305	23.27800000000002
995.6052631578948	1633.3478260869565	2272.0	3104.6666666666665	4229.666666666667	3534.5	0.15486671	-0.3105349	0.2245443186672866	0.2322784613954064	1839	6	64	779.5283243656158	25.89571428571429
1562.7272727272727	2149.0	2982.777777777778	3736.555555555556	4540.833333333334	3638.5	0.11218044	-0.2697376	0.1900835793096632	0.1682581413229494	1168	6	64	387.0379354953766	29.378000000000043
1296.3333333333333	1708.5	2105.5	3205.875	4080.0	3106.5	0.20717329	-0.30469286	0.4496924743047467	0.3107306741969643	1171	1	129	412.70800399780273	28.703333333333376
1252.7368421052631	1821.9333333333332	2564.451923076923	3406.4	4403.8	3693.0	0.1410097	-0.3030539	0.2239560681143952	0.2114968488967999	1356	3	292	496.6745957136154	29.08333333333337
1249.1333333333334	1757.8235294117646	2344.222222222222	3161.777777777778	3981.5	3230.5	0.14848448	-0.28537968	0.2600496207756957	0.2227064983807016	1447	3	309	510.4049367904663	28.07000000000005
1641.142857142857	2255.4	2912.375	3756.5	4832.6	3867.5	0.12657683	-0.24968812	0.2364978446981977	0.1898509980320495	1505	7	231	576.4060583114624	26.16666666666669
909.0769230769232	1249.1666666666663	1519.1666666666667	2664.75	3126.0	2298.5	0.27380645	-0.36167946	0.5770999396778772	0.4106605859040486	1889	16	64	606.4854550361633	21.69000000000005
1187.8823529411766	1505.3333333333333	1619.1538461538462	2876.7	3348.0	2741.75	0.2797124	-0.31295213	0.853498235437987	0.419521971648823	2052	37	251	592.1938412189484	18.12200000000001
1343.701388888889	1686.8	1886.2222222222224	2989.428571428572	3981.3333333333335	3187.333333333333	0.22626853	-0.27856392	0.6520129793755234	0.3393679961588229	1877	24	251	629.7551054954529	18.63000000000005
534.7857142857143	866.4545454545455	1126.6666666666667	2723.6666666666665	2691.125	2002.25	0.4147693	-0.5173118	0.7293870990893807	0.6220731443410517	1414	10	215	667.8773789405823	22.80000000000001
1319.0	1553.5	1678.8333333333337	2713.0	3885.6666666666665	3154.333333333333	0.23547493	-0.27176842	0.8932170207865491	0.3531721939743492	1665	21	332	797.232138633728	17.83000000000004
999.875	1346.225	1417.25	3142.6	3532.5	2732.0	0.3783787	-0.40018824	1.0398592105302809	0.5675057835473154	1769	33	317	724.452889919281	16.57000000000005
431.25	629.3333333333334	626.125	2224.5	2023.5	1372.25	0.5607104	-0.5589558	1.45419187554019	0.8409180586610548	1408	21	123	762.915549993515	21.04000000000002
206.8181818181818	460.9166666666667	464.3333333333333	2178.208333333333	1772.5	998.75	0.64857066	-0.6507049	1.2550079605909144	0.9726719530843566	1147	16	244	783.8413681983948	22.662000000000035
152.3846153846154	385.58333333333337	275.0	2233.5	1266.5	739.5	0.78074545	-0.70555854	1.7858996661148676	1.1708848146671982	1380	21	28	852.1922641992569	19.176666666666733
599.4285714285714	894.725	919.1666666666666	2532.6666666666665	3082.0	2122.6666666666665	0.46743277	-0.47789744	1.1353234064225597	0.7010476006565609	981	8	205	848.2900683879852	22.88000000000005
531.4444444444445	817.0	773.75	2672.75	2698.0	1861.75	0.55099374	-0.5317716	1.425497310146378	0.8263707571801566	957	32	285	871.9612767696381	22.996666666666727
652.0	854.3333333333334	936.0	1836.4	2114.75	1591.8333333333337	0.32477275	-0.36498106	0.8781306077865337	0.4870712971978794	607	31	150	897.0849478244781	30.67500000000001
527.0	807.2	1065.75	2068.8	2527.875	1852.1666666666663	0.3199981	-0.43866482	0.5557925883239507	0.479920575429419	1325	9	51	462.1541123390198	27.032500000000027
714.0	1204.75	1699.75	3046.6666666666665	3398.5	2595.0	0.28377548	-0.43324775	0.4267165818320062	0.4256183838632095	1291	1	180	462.1541123390198	25.863333333333344
566.1428571428571	798.5	766.5	2726.0	2574.5	1542.0	0.5610594	-0.5468861	1.5905401331199704	0.8414686515888921	1394	21	301	560.9403424263	22.890000000000043
607.3636363636364	861.1818181818181	1123.111111111111	2585.0	2950.666666666667	2061.8888888888887	0.39424086	-0.50021106	0.7662792039807319	0.5912815519436746	1480	5	79	548.7051708698273	23.010000000000048
862.9166666666667	1288.25	1592.9166666666663	2454.5	3192.5	2610.5	0.2128724	-0.31160244	0.3887222059299031	0.3192691713844571	1191	8	276	470.61486172676086	26.203333333333376
778.6666666666666	1030.0	1387.3333333333333	2268.25	2732.55	2126.0	0.2409784	-0.37542635	0.4633233401707604	0.3614181843046977	1434	6	296	573.7031738758087	24.250000000000057
814.7692307692307	1134.8333333333333	1421.0	1983.075	2799.75	2329.75	0.16511828	-0.2720547	0.3194111920630833	0.2476410418334154	1566	7	189	505.4464409351349	24.90600000000001
799.5806451612904	1168.0833333333333	1547.8333333333333	2750.5	3447.5714285714284	2571.0	0.27979836	-0.40382367	0.4976569438289436	0.4196487419067189	1482	9	164	429.33788681030273	25.850000000000023
738.0	1005.75	1138.3333333333333	2476.333333333333	2994.2	2073.25	0.3701586	-0.4223286	0.8867190951665637	0.5551611267345904	1401	12	95	460.67063903808594	25.180000000000007
672.5833333333334	931.6363636363636	1433.7	2596.375	3219.8571428571427	2414.75	0.2884996	-0.47186318	0.4722328275279438	0.4326957071881804	1378	6	270	437.1512551307678	26.77000000000004
493.2142857142857	845.75	1328.2857142857142	2507.8	2834.5	2159.4444444444443	0.3074786	-0.49560913	0.4349621806373715	0.4611578002762874	1339	5	90	475.4361562728882	26.27000000000004
734.6206896551724	1047.7241379310344	1441.2777777777778	2465.823529411765	3252.25	2285.4444444444443	0.26222655	-0.40360898	0.4569919307652086	0.3932895161600567	1441	13	32	464.7239547967911	24.670000000000016
1149.3119047619048	1695.1052631578948	2403.7916666666665	3411.5	4113.333333333333	3351.8	0.17328595	-0.33611268	0.2733758604408118	0.2599065762041568	1296	8	124	515.9580163955688	28.583000000000027
717.1428571428571	942.0909090909092	1132.5454545454545	1824.6666666666663	2188.833333333333	1823.3875	0.23404516	-0.3189928	0.5336541221676744	0.3510084063747061	1071	7	237	506.26726174354553	31.150000000000038
612.8857142857142	864.0	1180.7307692307693	2268.375	2995.8	2257.0	0.31534094	-0.4483419	0.5715879418372877	0.4729428390646645	1406	13	270	427.2532866001129	27.135000000000048
634.3799019607843	921.1111111111112	1372.529411764706	1996.5	2547.6666666666665	2205.0	0.18520781	-0.3685854	0.2849270692803224	0.2777705038231906	1063	2	148	428.9206449985504	31.89500000000004
675.1333333333333	1048.2666666666669	1625.25	2313.0	3094.25	2550.333333333333	0.1746334	-0.3762669	0.2455548414738645	0.2619168517930815	1120	3	112	393.6659494638443	29.03000000000003
925.5238095238096	1443.142857142857	2263.333333333333	2958.0	3518.166666666667	2957.25	0.13304392	-0.34419632	0.1809485534535025	0.1995467747598225	1078	4	255	392.272354722023	30.07000000000005
1053.6666666666667	1421.5555555555557	1713.8	2737.454545454545	3724.2	2988.5714285714284	0.22996989	-0.31639716	0.499952935994729	0.3449161004956166	1145	8	8	416.6817280054093	26.29400000000004
914.25	1134.5	1244.0	2004.6666666666667	2495.0	2043.125	0.23414734	-0.2771967	0.7278294289313796	0.3511669658886894	1421	6	116	442.7263939380646	22.663333333333355
351.1818181818182	672.1666666666666	1318.8	2083.5	2529.0	2003.5	0.22475973	-0.5121568	0.2596274219793624	0.3370900434935935	1365	0	0	442.7263939380646	25.183333333333337
1189.0526315789473	1510.3076923076924	1846.3333333333333	2480.714285714286	3073.15	2680.5	0.14660826	-0.24314739	0.3416660997383491	0.2198869919727988	1597	8	163	498.60723996162415	23.71000000000004
473.5	741.75	792.2	2580.0	2317.333333333333	1498.25	0.53015834	-0.5533981	1.1814853487357748	0.7951196370860141	1395	15	308	478.4082098007202	24.30200000000002
742.1	983.4444444444443	1333.0	2265.0	3122.25	2465.0	0.2590328	-0.3945136	0.495929335390837	0.3884952063359733	1433	4	343	478.4082098007202	25.57000000000005
739.1904761904761	992.157894736842	1182.0	2715.083333333333	2955.375	2014.75	0.3933925	-0.46474597	0.8988201759406345	0.5900130422697827	1523	8	257	482.0914756059647	24.430000000000007
671.3333333333334	882.2727272727273	1135.2222222222222	2499.9333333333334	3285.5	2353.8571428571427	0.37542027	-0.47828564	0.7976537456423366	0.5630529722593205	1404	5	153	484.84912109375	25.27000000000004
810.0	1131.0	1393.6666666666667	2452.1666666666665	3009.0	2293.25	0.27523294	-0.3687148	0.558260961288281	0.4127957361989773	1190	14	5	499.0824838876724	27.475000000000023
1121.75	1575.0	1940.3333333333333	3168.9	3770.0	3049.75	0.24046008	-0.3359894	0.4800007293062605	0.360654828692952	1177	5	14	495.333718419075	26.563333333333333
916.5	1253.928571428571	1627.25	2526.333333333333	3216.0	2532.0	0.21645968	-0.3365917	0.4149296207984002	0.3246504443419126	1578	5	59	429.6161553859711	26.203333333333376
752.5	980.6363636363636	1330.75	2421.0	2993.2	2292.333333333333	0.2905977	-0.42343256	0.5722796703585113	0.4358384969018588	1289	5	153	419.901997089386	28.475000000000023
821.0	1107.0	1424.0	2374.8	3154.8	2559.0	0.25028956	-0.364122	0.4991285723284969	0.3753849393309294	1271	8	112	430.3019998073578	28.446000000000023
675.2777777777778	972.75	1166.0	2364.833333333333	2495.333333333333	1867.3333333333333	0.33953267	-0.41709322	0.6974421626233833	0.5092269208986218	1450	11	320	425.1231610774994	20.736666666666736
