Label,B2_Blue,B3_Green,B4_Red,B8_NIR,B11_SWIR1,B12_SWIR2,NDVI,NDWI,EVI,SAVI,Elevation,Slope,Aspect,Annual_Rainfall,LST_Celsius,Longitude,Latitude
1,829.75,1111.923076923077,1445.5384615384614,2844.6666666666665,3150.285714285714,2185.75,0.3261215,-0.43793866,0.6604929790998021,0.48912527078509005,1035,0,0,367.345449924469,28.140000000000043,32.43138262916082,37.799175777888614
1,417.0,673.7142857142857,670.6666666666666,2795.1666666666665,1868.4,1230.5,0.6129839,-0.6115668,1.438323704639827,0.9193432060775075,1034,1,270,367.345449924469,28.140000000000043,32.427879199552756,37.79432487535436
1,608.0666666666667,803.6666666666666,1059.9,1889.909090909091,2406.0,1747.75,0.28137723,-0.40327153,0.5623658775152199,0.42199430568137697,1040,0,0,367.345449924469,27.79000000000002,32.42707071579705,37.78516205945635
1,899.2708333333333,1260.0,1713.0,2908.25,3013.0,2415.5,0.25864214,-0.39542973,0.4637987650787953,0.38792124195380534,1050,0,0,367.345449924469,28.763333333333378,32.423567286188984,37.778694189410686
1,864.0769230769231,1168.125,1453.2857142857142,2929.666666666667,2634.0,2071.8,0.33684623,-0.42987585,0.7139443507009036,0.5052116998451971,1073,1,90,367.345449924469,28.762000000000057,32.41709941614332,37.768453395171726
1,740.6470588235294,992.7142857142857,1182.090909090909,2271.3,2453.8333333333335,1771.875,0.31540278,-0.39172184,0.714705532285914,0.4730356804447159,1081,2,328,367.345449924469,28.670000000000016,32.41898587823997,37.76117704137035
1,543.8857142857144,810.1,936.4444444444445,2486.333333333333,2516.5,1765.75,0.4528161,-0.5084991,0.962219935985368,0.6791249452279329,1086,2,328,367.345449924469,29.05000000000001,32.421680824092334,37.75659563342135
1,603.1052631578947,933.8571428571429,1059.7777777777778,2910.0,2548.3333333333335,1795.8333333333335,0.46607703,-0.5141041,0.9745444509539745,0.6990274959770517,1033,1,0,356.97700250148773,28.810000000000002,32.435694542524594,37.80618263710474
1,937.4,1394.6666666666667,1890.25,3242.3333333333335,2950.25,2377.5,0.26343134,-0.39846164,0.4474528967921282,0.3951085280127279,1033,1,128,356.97700250148773,27.78000000000003,32.44512685300785,37.809416572127574
1,766.5,1107.25,1287.1666666666665,3502.5,2263.0,1616.0,0.4625235,-0.51960516,1.011059893812849,0.6937128144462615,1031,3,68,356.97700250148773,27.370000000000005,32.448899777201156,37.80564364793427
1,631.8125,863.1818181818181,1045.8,2705.5,2135.5,1564.5,0.4424333,-0.51624614,0.9779724910250387,0.6635614904845674,1031,2,148,356.97700250148773,27.370000000000005,32.44350988549643,37.80187072374097
1,411.7142857142857,612.5882352941177,788.25,3027.0,1742.0,1164.8,0.58678985,-0.66337496,1.198565965583174,0.8800694489943,1032,3,157,367.345449924469,26.826000000000022,32.440275950473605,37.794863864524835
1,587.4444444444445,860.5555555555555,1203.5,2472.0,1973.0,1638.0,0.3451231,-0.48354617,0.5996879826026663,0.517614254624592,1036,2,32,367.345449924469,26.845000000000027,32.43892847754743,37.786779026967764
1,537.7058823529412,800.95,928.0,2742.0,2174.857142857143,1527.0,0.49427792,-0.54786265,1.0600237867715303,0.7413158970167552,1049,1,308,367.345449924469,26.83000000000004,32.437581004621244,37.778155200240214
1,590.3125,817.9166666666666,977.5625,2575.6,2320.222222222222,1605.8,0.44975075,-0.51795334,0.9951334260151539,0.6745312054816686,1053,1,90,367.345449924469,27.850000000000023,32.43785049920648,37.7727653085355
1,536.5,780.8650793650794,1056.0,3249.5,1838.5,1501.75,0.5094646,-0.612509,0.9857983910835467,0.7641082210868555,1061,3,68,367.345449924469,28.500000000000057,32.43785049920648,37.76414148180795
1,550.4,720.2222222222222,915.7142857142857,2001.6,2225.8333333333335,1582.7142857142858,0.37222102,-0.4707794,0.8058196436295172,0.5582358614814416,1072,1,180,367.345449924469,29.05800000000005,32.432730102087,37.757943106347525
1,467.0,720.0,975.3333333333334,3366.5,1966.5,1486.0,0.5507274,-0.6476202,1.0456387382659902,0.8259960082904737,1060,2,32,367.345449924469,28.466000000000008,32.44297089632596,37.756056644250876
1,550.5,794.2222222222222,637.9,3841.0,2407.0,1358.0,0.7151533,-0.65730995,2.2616609944501715,1.0726101710050453,1046,3,112,347.9624654054642,28.325000000000045,32.4537506797354,37.76656693307507
1,492.0,737.7083333333333,899.7,3125.5,1996.75,1425.0,0.5529663,-0.61808515,1.150950420915465,0.8293464490647591,1040,1,308,347.9624654054642,27.620000000000005,32.452672701394455,37.775999243558324
1,670.0,928.125,1195.5714285714287,2226.142857142857,2284.0,1744.3333333333333,0.3011857,-0.4115116,0.5888210519442356,0.4517125503537809,1037,1,52,347.9624654054642,26.83000000000004,32.45024725012733,37.78597054321205
1,675.7368421052631,986.0,1247.0555555555557,2494.5,2512.1428571428573,1983.3857142857144,0.33340263,-0.43341473,0.6351799775363067,0.5000371156672654,1030,1,90,347.9624654054642,26.798000000000002,32.45132522846828,37.796750326621485
1,933.1764705882352,1222.4480519480521,1438.111111111111,3220.0,2711.375,2038.3333333333333,0.38253465,-0.44965115,0.9183397805650659,0.5737403851887186,1030,1,270,330.80654072761536,27.78000000000003,32.45590663641728,37.813728485491346
1,877.75,1175.5,1335.6,3423.0,2463.5,1789.0,0.43865842,-0.48874635,1.0749875115228735,0.6579185140047488,1030,1,180,330.80654072761536,27.720000000000027,32.46533894690054,37.81696242051418
1,653.3333333333334,920.5,1069.1666666666667,3531.0,2232.0,1609.0,0.5351618,-0.58643156,1.2194538009378506,0.8026554122590928,1026,1,270,330.80654072761536,26.57400000000007,32.475310246554265,37.811572528809464
1,934.625,1253.4,1622.4,3652.75,2675.0,2095.0,0.38488954,-0.48904946,0.7957834666269494,0.5772795769241705,1022,3,180,330.80654072761536,26.183333333333337,32.48258660035563,37.805374153349035
1,728.0,1131.375,1272.25,3347.0,2419.25,1812.5,0.449153,-0.4947386,0.9393959974644571,0.6736565831484388,1021,1,180,330.80654072761536,26.97750000000002,32.48824598664559,37.80375718583762
1,624.8571428571429,830.875,992.625,3220.75,1780.25,1200.0,0.5288219,-0.5898559,1.2403081510934393,0.7931387380973569,1016,4,162,347.9624654054642,26.970000000000027,32.489862954157005,37.786779026967764
1,498.0,845.8333333333334,642.25,4098.5,2280.0,1259.4,0.7290513,-0.6578575,2.0485123281175914,1.0934616398629053,1022,2,32,347.9624654054642,26.57666666666671,32.48528154620799,37.79621133745102
1,563.25,879.5,906.5,3697.0,2007.75,1383.5,0.6061692,-0.6156452,1.4200656471845499,0.9091550825369245,1024,2,0,330.80654072761536,26.623333333333335,32.47018984943478,37.807530110030925
1,500.6,744.0,827.1666666666667,2777.0,1809.0,1290.6666666666667,0.5409942,-0.57739276,1.2227726911660186,0.8113787682633622,1028,0,0,347.9624654054642,26.55666666666673,32.46345248480389,37.79728931579196
1,476.15384615384613,735.9411764705883,874.0,3016.416666666667,2059.0,1355.4,0.5506908,-0.6077447,1.141949155437957,0.825930050759247,1032,2,148,347.9624654054642,27.203333333333376,32.46237450646294,37.79001296199059
1,481.0,735.9,869.5,3011.25,1875.857142857143,1359.25,0.55189073,-0.6072215,1.1585167955860876,0.8277294685990337,1034,1,0,347.9624654054642,27.620000000000005,32.46210501187771,37.78138913526305
1,614.8333333333334,835.6666666666666,1055.65,2287.0,2472.75,1835.3333333333333,0.3683754,-0.46477368,0.7675501477316642,0.5524804450892122,1020,1,52,347.9624654054642,27.83333333333337,32.47477125738379,37.77303480312073
1,511.75,777.0,907.0,3001.25,1927.5,1331.1666666666665,0.5358536,-0.58869845,1.1366658525333115,0.803677646306364,1018,3,232,347.9624654054642,27.964666666666687,32.4823171057704,37.76090754678512
1,362.5,559.6153846153846,514.25,3116.0,1990.0,1124.0,0.7166862,-0.6954984,1.8670613562970937,1.074881222887833,1020,2,328,347.9624654054642,28.335000000000036,32.47369327904285,37.757943106347525
1,675.1333333333333,1124.75,1369.7,2807.5,2441.0,1907.0,0.34420186,-0.42793566,0.6027803863697343,0.5162409938482897,1054,1,308,347.9624654054642,28.670000000000016,32.45806259309917,37.7555176550804
1,426.44444444444446,675.7777777777778,914.5,3447.5,1737.8,1307.1666666666665,0.58069694,-0.6722133,1.1037678296487814,0.8709455587392549,1024,5,301,347.9624654054642,26.4016666666667,32.47827468699186,37.79270790784295
1,557.75,1028.0,725.5,4613.25,2545.0,1362.25,0.72821355,-0.6355418,2.031588848535521,1.0922180081472117,1008,2,270,361.42550933361053,30.390000000000043,32.574214759335824,37.77734671648451
1,934.6666666666666,1280.5,1399.5,4434.75,2628.5,1632.25,0.5202468,-0.5519006,1.3031857799149886,0.7803033548995244,1008,1,270,361.42550933361053,29.805000000000007,32.57825717811436,37.786509532382524
1,772.75,1103.1666666666665,1220.5,3842.083333333333,2630.0,1793.6666666666665,0.5178351,-0.55384797,1.2203722525234502,0.776675938574979,1011,4,298,342.8532919883728,28.710000000000036,32.55831457880691,37.81049455046852
1,629.0,958.8,939.5,4294.333333333334,2620.0,1684.5,0.6409897,-0.6349607,1.6083128255936594,0.9613927275042986,1006,1,52,342.8532919883728,26.7766666666667,32.5814911131372,37.84148642777064
1,848.4444444444445,1197.6666666666667,1492.5,3535.0,2439.2,1878.0,0.40626553,-0.49387237,0.8333106674645052,0.6093377088305489,1005,0,0,342.8532919883728,26.930000000000007,32.59038443444998,37.83933047108875
1,610.0,895.9345238095239,1008.0,3617.5,2698.5,1752.5,0.5641552,-0.6029921,1.2813021702838063,0.8461413748378729,1004,0,0,341.9920109510422,27.97142857142859,32.605476131223185,37.834749063139746
1,1249.5,1579.25,1858.7,3236.8,3009.0,2334.75,0.27045432,-0.3441721,0.6864757160647572,0.4056416797488227,1003,3,128,341.9920109510422,27.755000000000052,32.622184795507806,37.83313209562833
1,1164.2,1500.625,1646.8333333333333,3714.0,2998.0,2280.0,0.38560548,-0.42445526,1.0623736595059445,0.5783542651081821,1000,4,298,341.9920109510422,25.86666666666673,32.64859526486092,37.832323611872624
1,1376.0,1631.5714285714287,1959.25,3901.0,3347.25,2643.5,0.33134252,-0.4101942,0.9094847775175643,0.49697137738344066,1005,3,0,346.4288868904114,26.870000000000005,32.67608371255498,37.829898160605495
1,978.75,1307.3333333333335,1247.0,4312.5,2577.25,1707.75,0.5513985,-0.534743,1.7203064059036448,0.827023381294964,1002,4,62,341.9920109510422,26.510000000000048,32.647247791934745,37.80860808837186
1,895.75,1193.5555555555557,1221.9,4000.75,2647.0,1711.5,0.53207666,-0.5404369,1.5053277067838198,0.7980385399615175,1003,3,292,351.20870649814606,26.187777777777796,32.63835447062196,37.79378588618389
1,863.0,1035.5714285714287,1110.5,3824.833333333333,2261.3333333333335,1497.75,0.54997975,-0.5738744,1.6895592995269322,0.8248860374810063,1005,3,112,351.20870649814606,29.58000000000004,32.61544743087691,37.79162992950201
1,918.0,1256.0,1510.0,3441.0,2581.5,1884.5,0.39002222,-0.46519056,0.8594445433505429,0.5849742502272038,1007,1,0,342.8532919883728,28.100000000000023,32.59038443444998,37.80267920749667
1,1063.764705882353,1365.9333333333334,1376.0625,3609.25,2810.55,1870.142857142857,0.44795337,-0.4509013,1.435804837553728,0.6718626602985973,1004,1,308,341.2280286550522,28.99000000000001,32.66692089665696,37.86277650000427
1,1175.8095238095239,1510.304347826087,1701.7,2862.1666666666665,3414.0,2628.6,0.2542727,-0.30917582,0.6818581163885677,0.38136725796203924,1002,2,0,341.2280286550522,28.53000000000003,32.69602631186243,37.86627992961234
1,1194.2,1416.5,1616.8,3975.2333333333336,3099.25,2279.5,0.4217488,-0.474566,1.2490290645124846,0.6325666364676712,1003,6,72,335.8045070171356,28.666666666666686,32.71704688951083,37.795133359110075
1,814.3333333333334,929.7916666666667,1008.8571428571429,2451.5,2240.0,1875.6,0.41690576,-0.4500376,1.5039167212724134,0.625268306777842,1001,0,0,335.8045070171356,27.821428571428612,32.72378425414173,37.763871987222714
1,780.5,1007.5,1087.75,3314.0,2151.3333333333335,1612.0,0.5057648,-0.5337267,1.395680521597392,0.758560963143847,1002,1,128,315.3364897966385,29.03000000000003,32.729713135016915,37.726951229045405
1,475.1764705882353,735.2,819.875,3087.9,1838.125,1209.75,0.58038783,-0.61539066,1.2757979274302798,0.8704703481715079,1004,1,90,332.77241134643555,29.390000000000043,32.75396764768814,37.70081025427752
1,778.0,1137.0,1387.8,2577.0,2475.3333333333335,1835.5,0.29993945,-0.38772213,0.5864136652333427,0.4498524701788011,1005,3,180,322.0292956829071,27.715000000000032,32.77795266577413,37.69434238423186
1,607.8695652173913,924.8214285714286,1097.8,2803.0,2115.666666666667,1515.3333333333333,0.4371411,-0.5038274,0.8822838652436003,0.6556276113090508,1006,4,75,322.0292956829071,28.340000000000032,32.785498514160736,37.67197433365729
1,592.4285714285714,971.1666666666666,943.6666666666666,3201.0,2091.75,1110.5,0.54463565,-0.5344545,1.2765453243067115,0.8168549716537333,1006,1,180,322.0292956829071,29.622000000000014,32.78064761162649,37.6517622397646
1,480.1111111111111,751.4285714285714,910.0,3147.0,1928.75,1265.75,0.5513927,-0.6144967,1.116899111273841,0.8269870609981516,1008,1,180,306.0836509466171,28.843333333333362,32.77364075241036,37.629933178360496
1,1063.4166666666667,1456.7777777777778,1703.5,3468.0,2598.5,2027.2,0.34119695,-0.40838844,0.7719566881767475,0.511745939675174,1012,1,52,298.0724585056305,27.470000000000027,32.729443640431676,37.59435989310936
1,800.5555555555555,1041.125,1377.5,2447.6,2153.3333333333335,1623.25,0.27975738,-0.4031487,0.568061974901439,0.41958124215809284,1015,2,32,342.5904871225357,28.730000000000018,32.64374436232668,37.642329929281345
1,590.2,1006.5833333333334,976.0,3483.0,1782.25,1160.3333333333333,0.5622337,-0.55159163,1.2755673145415691,0.8432559704002691,1013,1,270,313.02133202552795,27.190000000000055,32.66934634792408,37.62077036246247
1,781.5,1173.0,1547.75,3571.0,2772.6,2011.0,0.3952625,-0.5054806,0.7228732716424309,0.5928358646286077,1019,2,180,356.1160373687744,28.414000000000044,32.57583172684724,37.63505357547997
1,734.7692307692307,1048.3,1565.375,2888.0,2446.5,1897.0,0.29699385,-0.46736783,0.4883792765540454,0.4454407678706744,1022,1,232,342.5904871225357,28.640000000000043,32.60412865829701,37.60109725774026
1,739.5,1058.6666666666667,1577.3333333333333,3378.0,2628.0,2022.5,0.36337954,-0.52276486,0.6169413323283197,0.5450142929208004,1029,3,112,365.72479593753815,29.385000000000048,32.59739129366611,37.56902740209719
1,605.6363636363636,938.6923076923077,1302.5,2199.4,2107.25,1592.0,0.25611812,-0.40174335,0.40968351150414256,0.38412231612608494,1082,3,128,373.99293768405914,31.220000000000027,32.52840067984573,37.5878920230637
1,527.5666666666666,889.0,918.0833333333333,3740.5,1775.0,1070.5,0.605853,-0.6159412,1.3330263385758592,0.9086819653365292,1025,2,212,368.90616822242737,29.122000000000014,32.52732270150479,37.677364225362005
1,559.8571428571429,856.5,1138.5,2922.6666666666665,2329.0,1701.0,0.43932366,-0.54672545,0.8028486206881774,0.6589043906442347,1023,3,248,368.90616822242737,28.77000000000004,32.5108835318054,37.698115308425166
1,554.2857142857143,817.0,1040.6666666666667,2740.3333333333335,1966.0,1413.375,0.44952834,-0.5406672,0.8800743648414077,0.6742033584556394,1021,4,255,365.8749729394913,27.54666666666668,32.50091223215167,37.735305561187715
1,506.0,734.5,1008.0,3117.0,1910.5,1481.0,0.5112727,-0.6185902,0.9816607708061813,0.7668161434977578,1028,4,62,352.8608590364456,27.01800000000003,32.485551040793226,37.72533426153399
1,788.75,1129.4,1326.6666666666667,4093.0,2255.75,1514.0,0.510425,-0.56747854,1.1266553987550991,0.7655668644875617,1008,2,180,342.8532919883728,28.03800000000001,32.575023243091536,37.832323611872624
1,856.3333333333334,1246.6,1251.6666666666667,3912.0,2973.5,2051.625,0.5152024,-0.51669055,1.3300336633003365,0.7727287397127641,1000,1,308,335.8045070171356,28.555000000000007,32.71596891116989,37.78111964067781
1,1124.2,1244.875,1362.857142857143,2781.333333333333,2700.5,2350.6666666666665,0.34228066,-0.3816142,1.4027784318342353,0.5133590307737379,999,4,308,361.17630755901337,28.54000000000002,32.75774057188144,37.77707722189927
1,1047.3333333333333,1311.7142857142858,1363.3333333333333,3033.2,2464.666666666667,1832.6,0.3798144,-0.39620706,1.2427562117964588,0.5696568140640281,1000,3,292,315.3364897966385,28.720000000000027,32.74749977764248,37.74851079586427
1,843.2,1109.375,1070.6666666666667,2821.75,2448.6964285714284,1587.8333333333333,0.44987047,-0.43559414,1.4978045790208991,0.6747190409932569,1005,1,90,332.77241134643555,28.15500000000003,32.7814560953822,37.733149604505826
1,861.1111111111111,1100.6666666666667,1167.0,3183.3333333333335,2394.0,1649.0,0.46348938,-0.48615003,1.3521548640915593,0.6951541850220264,1003,2,270,327.9111565351486,27.628333333333387,32.8167598860481,37.739078485381015
1,606.5,862.8,859.2727272727273,1948.5,1808.0,1264.5,0.38793284,-0.38619143,1.065202123025222,0.5817956686413519,1003,1,52,327.9111565351486,27.39500000000004,32.81783786438904,37.708625597249366
1,623.5,888.8333333333333,1212.625,2474.5,1931.75,1530.5,0.3422382,-0.4714569,0.6216133004926108,0.5132876851632148,1007,0,0,300.7244784832001,27.81800000000004,32.81190898351385,37.67197433365729
1,706.9358974358975,1047.0833333333333,1132.5714285714287,3569.75,2278.25,1653.6666666666667,0.51829267,-0.54640627,1.2031506156712164,0.7773562982707949,1006,1,52,300.10637974739075,27.417272727272746,32.82295826150852,37.64556386430417
1,672.0,942.1428571428571,1156.294642857143,2782.25,2045.75,1519.25,0.41283152,-0.494069,0.8683770318573876,0.6191686707935435,1008,1,0,306.9303535223007,28.0866666666667,32.88682847820942,37.64556386430417
1,456.6666666666667,684.25,890.0,2981.0,1714.0,1129.6666666666667,0.5401705,-0.62662846,1.067490300183786,0.8101511042231693,1009,1,52,300.10637974739075,27.823333333333323,32.849638225446874,37.62589075958196
1,800.6666666666666,1166.0,1265.0,3771.0,2260.0,1675.6666666666667,0.49761716,-0.5276484,1.1694978532760874,0.7463516330785267,1009,4,18,294.7953097820282,27.450000000000045,32.803824145956774,37.59624635520601
1,666.5714285714286,1071.6,1365.75,2451.0,2200.5,1754.3333333333333,0.28433877,-0.39158577,0.480435992461517,0.42645228895147025,1010,3,337,294.7953097820282,27.9883333333334,32.81514291853668,37.569835885852896
1,871.9,1121.3333333333333,1318.142857142857,3085.0,2637.714285714286,2056.3333333333335,0.40127182,-0.46683574,0.9913672178715423,0.6018393862224457,1007,2,148,314.44958823919296,27.585000000000036,32.88925392947654,37.59786332271742
1,865.6666666666666,1160.0,1288.0,3422.0,2467.0,1900.0,0.45307857,-0.49367088,1.1452184179456906,0.67954569578601,1007,1,128,330.37907510995865,28.31400000000002,32.90784905585782,37.577651228824735
1,621.0,1009.0,1147.6666666666667,3450.0,2278.6666666666665,1580.0,0.5007613,-0.5474322,1.0134401502479677,0.7510602051542281,1004,3,308,330.37907510995865,27.856666666666683,32.92698317140956,37.56660195083007
1,997.2,1322.1818181818182,1572.2857142857142,2817.0,2422.25,1966.0,0.28358015,-0.36113855,0.6519949714148882,0.4253217696926307,1003,1,232,346.90719270706177,27.92500000000001,32.95042920032508,37.549084802789736
1,1051.6923076923076,1309.2307692307693,1559.5,2649.8,2707.6666666666665,2112.5,0.2590217,-0.33861047,0.6615725130411081,0.38848638890208564,1001,1,90,346.90719270706177,28.620000000000005,32.99327883937758,37.5450423840112
1,731.0,984.7777777777778,1172.7777777777778,3175.0,2325.0,1648.5,0.4605162,-0.5265238,1.0582197009736558,0.6906949111397872,1000,1,128,327.4719817042351,29.403333333333364,32.99893822566754,37.58708353930799
1,811.6428571428571,1107.1666666666667,1232.1333333333334,3089.6666666666665,2477.8888888888887,1854.6964285714284,0.4298055,-0.47237998,1.0563421092396421,0.6446336441246557,1003,1,90,317.8881287574768,27.930000000000007,32.95420212451838,37.61160754656446
1,800.4166666666666,1060.5833333333333,1339.7083333333335,2350.0,2305.166666666667,1903.25,0.27381343,-0.37806338,0.5758452316490447,0.4106644837125275,1004,3,52,317.8881287574768,28.27000000000004,32.9843855180648,37.62400429748531
1,710.85,1012.6666666666666,1080.8333333333335,3753.75,2183.666666666667,1303.5,0.55287427,-0.5750826,1.3614061001179956,0.8292256252046671,1002,2,212,317.8881287574768,27.83000000000004,32.952585157006965,37.6450248751337
1,812.75,1011.5,1196.5,2681.75,2266.0,1679.0,0.3829691,-0.45224395,0.9859271797935544,0.5743796326135997,1004,1,90,311.7065831422806,28.258333333333383,32.93749346023376,37.677094730776766
1,682.8,976.2857142857143,1198.0,2474.625,2130.25,1489.0,0.3476056,-0.43418664,0.7025811067389449,0.5213374170495151,1006,4,320,300.8850322961807,28.27333333333337,32.89545230493697,37.69488137340233
1,781.875,1003.75,1208.5,2550.6666666666665,2355.3333333333335,1676.6,0.35703835,-0.43520972,0.8519304110487536,0.5354863019771255,1003,1,232,321.9317727088928,30.910000000000025,32.865538405975784,37.72371729402257
1,671.375,989.25,844.8,3946.25,2107.5,1336.0,0.64734244,-0.5991288,1.9477860572318573,0.9709123352568583,1002,0,0,361.17630755901337,28.060000000000002,32.79735627591111,37.770339857268375
1,1133.3333333333333,1394.8,1749.5,3608.75,2865.0,2127.0,0.3469883,-0.44247586,0.8290230525705623,0.5204338698390483,1002,1,180,348.5959881544113,28.476666666666688,32.85853154675966,37.7727653085355
1,995.0,1173.8333333333335,1330.0,2350.3333333333335,2724.142857142857,2277.0,0.27723938,-0.33383778,0.8891535467379306,0.41580258093728784,1000,2,0,350.2360442876816,28.485000000000014,32.83643299077031,37.795133359110075
1,858.75,1118.75,1170.8,3348.5,2940.3333333333335,2229.5,0.48186666,-0.49913257,1.3840111346260178,0.7227200318598167,999,4,212,364.2163004875183,29.060000000000002,32.773371257825126,37.80699112086045
1,1290.0,1641.75,2092.6,3087.0,4009.3333333333335,3054.75,0.19198394,-0.30563045,0.4165130851455954,0.28794810910986274,1000,3,248,339.3519606590271,29.04333333333335,32.74507432637536,37.848762781572006
1,1314.7857142857142,1641.142857142857,1965.4,3274.6,3418.85,2670.153846153846,0.24984732,-0.332291,0.6285639819203147,0.37473523518748203,1003,3,128,338.6683735847473,28.77000000000004,32.72620970540885,37.88568353974932
1,1129.3333333333333,1311.0,1466.4375,3427.4444444444443,2805.4285714285716,1875.5,0.4007058,-0.44665384,1.3048780262394224,0.6009973169350913,1003,1,180,332.5259289741516,29.390000000000043,32.72486223248267,37.9080515903239
1,661.75,1006.375,872.0,3979.0,2576.0,1445.0,0.6404865,-0.5962691,1.8281309758465474,0.960630732763063,996,5,112,356.6119602918625,28.970000000000027,32.852063676713996,37.836635525236396
1,1037.8333333333333,1265.6666666666667,1616.5,2754.0,3152.5,2540.0,0.2602677,-0.37026286,0.6089074460681975,0.3903568977350721,997,1,90,359.9694895744324,30.100000000000023,32.80463262971248,37.84121693318541
1,800.0,1183.7142857142858,1199.0,4127.333333333333,2769.6666666666665,1773.0,0.54978406,-0.5542445,1.3754932047347657,0.8245987297018241,1002,3,180,350.5208531022072,29.640000000000043,32.90380663707928,37.80429617500809
1,666.6,1006.3333333333334,1049.6666666666667,4092.0,2712.3333333333335,1511.0,0.5917018,-0.60523045,1.4107082135460136,0.8874663728000518,1002,2,212,358.6137350797653,29.460000000000036,32.91135248546588,37.85145772742437
1,1370.4545454545455,1569.2307692307693,1828.4444444444443,2602.0,3518.666666666667,3216.15,0.17459999,-0.2475934,0.5868703263490082,0.26187043143548533,994,1,308,360.90416979789734,29.403333333333364,32.86742486807244,37.87220881048753
1,1185.2142857142858,1480.25,1591.8,2786.333333333333,3342.8333333333335,2959.8571428571427,0.2728408,-0.30611926,0.8658482622078976,0.4092144428626892,1001,2,90,360.90416979789734,28.726,32.857723063003945,37.898619279840645
1,1330.1666666666667,1459.8,1768.6,2732.5,3278.0,3050.75,0.21414766,-0.30358037,0.7153034418273302,0.32118580060422963,998,1,308,364.1630879640579,28.480000000000018,32.85260266588447,37.92853317880182
1,801.0,1052.5384615384614,1121.7058823529412,3441.6666666666665,2414.0,1718.25,0.5083873,-0.53160197,1.3923991046694175,0.7624974490617917,1002,1,232,321.9317727088928,28.04000000000002,32.89464382118126,37.749319279619975
1,786.6666666666666,1075.6666666666667,1059.0,3973.25,2378.0,1575.0,0.57911474,-0.573902,1.6452605431039349,0.8685857632507078,1003,1,0,338.73961424827576,29.64178571428573,32.913508442147766,37.7803111569221
1,536.5,787.0,999.0,4003.133333333333,2297.5,1329.0,0.60057044,-0.6714079,1.2570892951294834,0.9007655967856929,1005,1,180,335.931592464447,28.474000000000046,32.964981907927815,37.78192812443351
1,495.0,875.6,640.4166666666667,4501.0,2497.2,1296.5,0.7508793,-0.6742923,2.083648172135866,1.1262094225564396,1005,3,292,338.73961424827576,29.102000000000032,32.944769814035126,37.75309220381328
1,943.0,1102.4583333333335,1328.0,2880.5,2609.0,1970.875,0.36889628,-0.44641232,1.027601270849881,0.5532786885245902,1002,1,308,319.5304273366928,28.690000000000055,32.96228696207546,37.72425628319304
1,603.5,996.6451612903226,816.0,3773.275,1979.375,1147.5833333333335,0.64438826,-0.58211243,1.7840595797563965,0.966477114891253,1002,3,203,340.9835510253906,27.78333333333336,33.00729255780985,37.67601675243582
1,864.75,1185.2222222222222,1239.0,3749.5,2318.75,1578.6,0.5032575,-0.51963973,1.3356920539490835,0.754810583283223,1003,1,270,315.8602389097214,28.380000000000052,32.97252775631442,37.69595935174328
1,742.7,1066.3,1123.0,3657.125,2549.625,1618.0,0.53013784,-0.5485056,1.312780065791178,0.7951235455615113,1005,2,0,333.9668228626251,26.8366666666667,33.08894941713631,37.66793191487875
1,861.0833333333334,1177.0,1505.9926470588234,3568.5,2826.8,1909.6666666666667,0.406446,-0.50395113,0.8387816567927019,0.6096089678484031,1004,4,105,341.03653395175934,27.67166666666668,33.083020536261124,37.709703575590304
1,1037.857142857143,1298.875,1708.3333333333333,2800.0,2812.8,2000.75,0.24214418,-0.36622855,0.5181563803866792,0.36317598787565153,1007,1,90,349.7508319616318,26.89500000000004,33.09056638464773,37.75201422547234
1,476.6470588235294,739.3243243243244,728.7142857142857,4431.6,2510.0,1356.4545454545455,0.7175698,-0.7140456,1.7700107604126716,1.0762504255972896,1036,2,148,345.5425193309784,28.220000000000027,33.10484959766523,37.77303480312073
1,667.9130434782609,983.9090909090909,922.0,4639.857142857143,2661.75,1660.4375,0.6684561,-0.6500889,1.8000631521967945,1.0025939671002786,1004,1,180,348.3283449411392,27.74000000000001,33.026965662532064,37.77734671648451
1,811.6875,1131.5,1048.5,4214.5,2784.0,1657.5,0.601558,-0.5766929,1.7911925489558214,0.902251353662012,1004,2,328,359.68079578876495,29.05857142857144,33.008909525321265,37.80564364793427
1,973.5,1362.0,1394.6666666666667,4792.0,2532.5,1650.2,0.54913795,-0.55736107,1.4494361249768903,0.8236403307922311,1004,3,232,348.6833175420761,28.460000000000036,32.95554959744456,37.85037974908342
1,1125.1923076923076,1511.9583333333333,1752.4166666666667,3658.8888888888887,3438.2,2447.625,0.3523128,-0.41519898,0.8310042623675157,0.5284203772616449,1005,1,180,359.68079578876495,28.77000000000004,33.00001620400848,37.83501855772498
1,1292.25,1626.25,1874.75,3812.0,3211.0,2528.5,0.3406603,-0.40192157,0.901948460087995,0.5109455360675195,1004,1,308,337.2635424733162,27.54333333333335,33.12560068072839,37.70566115681177
1,1531.5,1823.5,2184.0,3512.7555555555555,3450.0,2622.75,0.23324777,-0.31656197,0.6473517085628975,0.34984095656193137,1005,1,0,343.26043677330017,27.230000000000018,33.128565121165984,37.66335050692974
1,862.625,1057.1333333333334,1129.0,2651.4444444444443,2437.833333333333,1973.25,0.40271574,-0.42989826,1.2872587035814855,0.6039937111538858,1003,2,32,346.9450978040695,30.363333333333344,33.06334743153891,37.60810411695639
1,546.5833333333334,803.8461538461538,1117.6,2263.0,2019.8,1455.75,0.3388156,-0.4757832,0.5879605151712706,0.5081482357812547,1027,2,180,371.97892105579376,29.02333333333337,32.61625591463262,37.398167835057656
1,436.90909090909093,686.1,840.25,3210.0,1835.4,1263.6666666666667,0.58508736,-0.64780164,1.1906659662905952,0.8775226809850027,1024,1,128,370.04977464675903,28.730000000000018,32.64347486774144,37.414607004757045
1,522.8571428571429,810.5,1155.6666666666667,3228.5,2190.6666666666665,1519.5,0.47279984,-0.59866303,0.8301864841875597,0.7091188991941613,1060,1,0,357.16824293136597,29.402000000000044,32.58418605898955,37.46958390014516
1,853.0,1190.0,1637.0,2660.125,2633.25,2034.1666666666667,0.23809524,-0.38183826,0.4203039950703502,0.35710130595386985,1065,3,292,366.9385452270508,30.31666666666672,32.528670174430964,37.48548408067408
1,536.75,882.0,1165.0,3825.6666666666665,2488.0,1754.0,0.5331285,-0.62529206,0.9794766389545051,0.7996126490132569,1022,1,0,327.23223865032196,27.182000000000016,32.71866385702224,37.501653755788226
1,664.4444444444445,982.375,1370.3333333333333,3217.6666666666665,2425.5,1666.5,0.40264457,-0.532207,0.7152075160024778,0.6039010569903018,1028,3,52,328.0004698038101,27.29875000000004,32.779300138700314,37.50515718539629
1,610.4166666666666,922.7777777777778,1182.75,3638.0,2418.6666666666665,1551.6666666666667,0.5093087,-0.5953419,0.9968736677561462,0.7638838475499092,1034,4,320,332.0851014852524,29.3366666666667,32.82241927233805,37.49599436949827
1,735.1818181818181,1133.5,1422.25,2827.0,2321.5,1808.5,0.33058774,-0.42759752,0.6005631646041912,0.4958232837225719,1029,0,0,343.0707298517227,28.03333333333336,32.86850284641338,37.512164044612426
1,911.6666666666666,1322.5,1619.8,3714.0,2859.5,2264.6666666666665,0.39262813,-0.47483373,0.7937025302063277,0.5888870142286711,1012,1,52,343.0707298517227,27.50600000000003,32.88736746737989,37.544503394840724
1,605.7777777777778,994.0,1243.25,3469.0,2542.714285714286,1805.3333333333333,0.47233275,-0.5545597,0.871316908943811,0.7084239562887911,1028,1,52,332.37405467033386,27.82000000000005,32.8671553734872,37.476590759361294
1,546.5,870.0,857.0,3866.75,2074.5,1308.0,0.6371527,-0.6326595,1.532147220525351,0.9556278774408635,1025,1,90,339.46729749441147,27.170000000000016,32.91458642048871,37.48764003735596
1,783.1666666666666,1195.3333333333333,1558.0,3111.5,2948.5,2164.5,0.33269086,-0.44491312,0.5896306979921813,0.49898286937901504,1031,1,90,359.7945595383644,28.730000000000018,32.90704057210211,37.44802433332629
1,860.7272727272727,1316.0,1699.0,3425.6,3036.0,2342.3333333333335,0.33692387,-0.44491312,0.602430198714484,0.5053364812393905,1025,1,308,346.23540914058685,30.410000000000025,32.96363443500164,37.445868376644405
1,690.625,1003.4444444444445,1481.4285714285713,3023.5,2521.5,1878.0,0.34230763,-0.50163484,0.5725469707839007,0.5134044644555774,1037,1,0,346.23540914058685,28.81400000000002,32.952854651592205,37.40140177008049
1,493.09090909090907,803.8181818181819,1126.0,3181.0,2225.0,1560.0,0.47713026,-0.59655964,0.8233412978233632,0.7156123041207196,1024,3,128,379.1393394470215,28.08000000000004,32.996243279815175,37.38092018160256
1,603.1538461538462,927.8484848484849,1149.172077922078,2645.5,1793.2,1369.0,0.39432338,-0.480684,0.7454982647960195,0.5914071449286645,1019,2,90,392.3303805589676,29.122000000000014,33.02804364087301,37.346155380107135
1,479.3939393939394,801.6857142857143,1120.7,3364.25,2160.8333333333335,1681.1666666666667,0.5002397,-0.61512333,0.8637017132609914,0.7502758920509649,1022,3,292,392.3303805589676,28.390000000000043,33.002441655275604,37.313816029878836
1,605.1538461538462,925.4545454545455,1239.7333333333333,2989.8888888888887,2259.7,1729.3333333333333,0.4137853,-0.52726775,0.7427703222397191,0.6206046055932188,1016,3,232,392.77272522449493,27.873333333333335,33.06092198027178,37.32217036202115
1,608.3396226415094,860.421052631579,1184.09375,2911.0,2166.4444444444443,1615.625,0.42170128,-0.5437152,0.7915756307290478,0.6324746869730427,1016,4,118,400.4942150115967,28.466000000000008,33.07331873119263,37.27473931501964
1,541.2439024390244,799.0909090909091,1117.5833333333333,2789.2,1964.5,1514.0,0.42787546,-0.554612,0.7687190357148838,0.6417310407486873,1018,1,309,357.884051322937,29.390000000000043,33.091105373818195,37.24859834025175
1,470.7931034482759,732.1818181818181,990.3333333333334,3291.4285714285716,1886.525,1248.3333333333335,0.5374178,-0.6360573,1.0086364460152306,0.8060326374023519,1022,1,270,357.884051322937,29.04666666666668,33.09838172761957,37.22326584923959
1,535.4166666666666,791.25,1056.4444444444443,2718.875,2069.65,1500.0,0.44034168,-0.5491614,0.8241413974496682,0.6604250732916697,1016,1,309,327.15853536129,28.677999999999997,33.13557198038212,37.21572000085298
1,675.304347826087,988.4,1120.448275862069,2982.7,2448.6666666666665,1840.6,0.45385924,-0.5022034,1.0030209933171117,0.6807058983679787,1017,1,309,302.0105656385422,28.80000000000001,33.17141476021848,37.23188967596713
1,537.3846153846154,737.95,1120.5,2584.5,1774.0,1296.75,0.3951417,-0.55577964,0.6934293271928355,0.592632573201997,1011,2,90,379.27376103401184,29.390000000000043,33.1129344352223,37.296568376423735
1,670.4285714285714,992.0666666666667,1317.7777777777778,2400.875,2062.0,1541.5,0.29126066,-0.41521737,0.5127983286269602,0.4368322385250524,1009,5,292,366.3091243505478,29.686000000000035,33.15659255803051,37.30788714900365
1,600.8,920.6153846153846,1055.0,3272.0,2028.5,1340.0,0.5123642,-0.5608396,1.087404355503237,0.7684575389948007,1007,1,180,366.3091243505478,29.77333333333337,33.18408100572457,37.30788714900365
1,853.1,1179.3333333333333,1627.4285714285713,3082.6666666666665,2674.5,2003.0,0.3089615,-0.4465822,0.5640468144090337,0.4633930602239127,1008,1,128,355.7734726667404,30.420000000000016,33.21076096966292,37.331872167089635
1,990.8571428571429,1250.125,1440.0,3346.6666666666665,2697.6666666666665,2025.75,0.3983287,-0.45608804,1.0461847179690849,0.5974306305051701,1010,3,52,356.20503973960876,30.055000000000007,33.24336981447646,37.352892744738035
1,803.1428571428571,1149.4791666666665,1282.8090909090909,3622.0,2768.5,1934.2222222222222,0.47691783,-0.5181875,1.1041662886346661,0.7153038266516429,1008,0,0,362.6076205968857,28.05000000000001,33.00756205239508,37.46149906258808
1,433.0,716.9166666666666,783.375,2808.0,1687.25,1003.5,0.56374645,-0.5932292,1.187672317709861,0.845502001044023,1021,1,308,327.23223865032196,27.470000000000027,32.71893335160748,37.540460976062185
1,727.0,965.0,1257.0,3024.0,2300.0,1716.3333333333333,0.41275403,-0.5161695,0.8637207938214879,0.6190587410954105,1017,3,292,318.8865953683853,27.650000000000034,32.690097430987244,37.59058696891606
1,563.75,847.6,998.5,3215.5,2157.8,1454.6666666666667,0.52610344,-0.5827816,1.1130915024475965,0.7890615731403487,1015,1,0,298.0724585056305,27.143333333333374,32.73213858628404,37.55824761868776
1,800.0,1184.0,1613.0,3142.5,2354.0,1719.3333333333333,0.3216276,-0.45267537,0.56054386865059,0.48239066442388556,1024,1,232,350.9684354066849,28.470000000000027,32.62757468721252,37.558786607858224
1,559.875,878.0,1203.6666666666667,3572.2,2326.8,1550.0,0.4959379,-0.605411,0.8976970739820587,0.74382899135326,1029,4,220,347.140856385231,28.53000000000003,32.636737503110545,37.45018029000818
1,858.3333333333334,1191.8,1627.8333333333333,2907.4,2669.3333333333335,1974.5,0.2821391,-0.4185207,0.5128194851899947,0.423162002469281,1063,1,0,370.72160279750824,29.765000000000043,32.76825086070564,37.40355772676237
1,399.1111111111111,651.6,791.0,3502.75,1834.3333333333333,1143.5,0.6315575,-0.6863047,1.2897331832522154,0.9472259416661815,1025,1,180,400.77928042411804,29.110000000000014,32.99678226898565,37.26530700453638
1,413.484375,665.7647058823529,997.0625,3200.25,1869.4,1193.3333333333333,0.5249043,-0.6555809,0.9055447307140498,0.7872627112335293,1034,0,0,376.3017680644989,29.663333333333355,33.01564688995216,37.20628769036973
1,535.9090909090909,805.3076923076923,1169.111111111111,3032.5,2159.3333333333335,1565.1666666666667,0.4434939,-0.5803293,0.7726968481509778,0.6651616912134113,1022,1,180,353.75123357772827,29.245000000000005,33.12937360492169,37.18850104774416
1,908.1,1231.2941176470588,1422.0,3469.0,2924.25,2130.375,0.41852382,-0.47607785,0.9857934023597399,0.6277215578043545,1015,1,90,291.86408096551895,27.845000000000027,33.2121084425891,37.22973371928525
1,529.9375,756.5,848.25,3369.75,2252.0,1422.6666666666667,0.5977952,-0.63332325,1.4052931874072576,0.8965864643830745,1009,1,309,356.3646830320358,28.470000000000027,33.20483208878773,37.269888412485386
1,863.3333333333334,1115.25,1299.5,3481.75,2485.0,1741.0,0.4564183,-0.51479226,1.1354649045215672,0.6845558634391175,1006,1,90,355.7734726667404,28.626666666666665,33.22881710687372,37.30573119232176
1,712.7142857142857,998.4,1391.6666666666667,4064.0,2487.0,1611.0,0.4898271,-0.60556257,0.9450029468721055,0.734673305434218,1008,5,270,371.7514261007309,27.545999999999992,33.259000500420136,37.25937812366119
1,358.0810810810811,595.4074074074074,527.0,2801.0,1967.7777777777778,1042.0454545454545,0.6832933,-0.64938986,1.7340818875437447,1.024785939612438,1007,2,180,318.99123549461365,29.440000000000055,33.277595626801414,37.23862704059803
1,810.6666666666666,1190.0,1590.25,3190.0,2496.5,1802.0,0.33465824,-0.456621,0.6011837655016912,0.501934842859384,1021,1,231,338.08252716064453,29.970000000000027,33.33284201677476,37.24644238356987
1,669.3333333333334,914.3333333333334,1227.5,3641.5,2384.6666666666665,1503.0,0.49578968,-0.59860986,1.0079331941544885,0.7436081733237498,1011,1,0,389.6637929677963,28.498000000000047,33.337423424723774,37.290370000963314
1,1013.2,1485.25,2027.4,3239.333333333333,2879.0,2302.75,0.23011102,-0.37126732,0.3881548605298668,0.34513375143180786,1018,3,180,404.1406395435333,29.21900000000005,33.42797360536302,37.30788714900365
1,716.5,1114.0,1347.25,3583.5,2472.5,1695.5,0.4535314,-0.52570516,0.8882114628430711,0.6802281368821292,1033,1,52,416.75517559051514,29.04333333333335,33.48106403865448,37.327829748311096
1,795.4285714285714,1130.0,1278.0833333333335,3702.25,2500.0,1688.5,0.48674786,-0.53230894,1.1210463613201296,0.7300485193240756,1007,3,112,387.5020549297333,28.500000000000057,33.337423424723774,37.32675176997015
1,741.8333333333334,997.0833333333334,1152.590909090909,3933.0,2202.0,1442.0,0.5467229,-0.59551054,1.3150381597334195,0.8200037535524693,1008,1,52,380.27460503578186,28.08200000000005,33.31721133083108,37.36151657146558
1,858.6,1191.4,1584.0,3648.5,2417.25,1919.5,0.39455327,-0.50767577,0.7687295204051237,0.5917733613605962,1007,3,68,378.3667266368866,28.420000000000016,33.372188226219194,37.369062419852185
1,1243.5,1504.2,1755.8333333333333,3668.5,3165.5,2443.5,0.35260862,-0.4184082,0.9802012333657905,0.5288641740145626,1008,1,128,379.2398781776428,29.470000000000027,33.267085337977214,37.393586427108644
1,1508.3333333333333,1824.888888888889,2216.5,3579.5,3608.0,2860.0,0.23516218,-0.32466412,0.6120890964612897,0.3527128439575606,1006,4,320,354.05131673812866,28.703333333333376,33.31101295537066,37.41676296143893
1,862.0,1118.3333333333333,1430.3333333333333,4457.5,2492.0,1661.0,0.51413935,-0.59886414,1.1509264187767725,0.771143504104161,1006,3,157,366.9093210697174,27.747142857142876,33.35332360525268,37.41083408056374
1,1459.5,1683.5,1907.0,4138.666666666667,2855.5,1992.5,0.3691349,-0.42169297,1.2035955056179775,0.5536565868180942,1006,1,52,366.9093210697174,28.02333333333337,33.39482577137901,37.42134436938794
1,924.6,1342.3111111111111,1702.3333333333333,3652.0,2786.5,2107.333333333333,0.36412874,-0.46246395,0.7030893136194255,0.5461421146005168,1006,1,52,363.91934752464294,29.05666666666673,33.44279580755099,37.430776679871194
1,932.1666666666666,1194.25,1305.4,3857.3333333333335,2691.0,1766.6666666666667,0.49429888,-0.52717793,1.3575605829009572,0.7413765276280366,1006,1,52,349.6874988079071,27.216666666666697,33.40237161976561,37.45557018171289
1,1388.0,1786.0,2026.5,4590.0,2884.0,2192.0,0.3874405,-0.43977416,1.0108438485804416,0.5811168203113193,1007,1,270,352.8552316427231,29.03000000000003,33.36868479661113,37.46096007341761
1,1569.4,1962.8,2323.6666666666665,3704.75,3318.25,2767.0,0.22909553,-0.30735502,0.5874700469323806,0.34361480089015445,1009,1,270,352.8552316427231,28.196666666666715,33.35305411066745,37.48171115648077
1,1053.0,1374.0,1673.0,3159.0,2514.3333333333335,1871.0,0.30753312,-0.39377895,0.700877275728705,0.4612519399896534,1024,4,90,361.25523829460144,28.400000000000034,33.263042919198675,37.44937180625247
1,1058.3333333333333,1362.0,1570.75,3546.3333333333335,2664.0,1812.0,0.38607606,-0.44502547,0.9810550883930342,0.579057497842406,1008,1,90,361.6306161880493,28.11666666666673,33.32583515755863,37.50785213124865
1,884.125,1250.3333333333333,1631.5,4106.0,2723.0,1885.0,0.4312854,-0.53313833,0.8515067833208592,0.6468717323109097,1014,6,52,361.6306161880493,28.305000000000007,33.3120909337116,37.54342541649978
1,1002.7142857142857,1222.5,1574.0,3818.3333333333335,2861.0,2143.75,0.4162082,-0.5149611,0.9769905267303745,0.624254411719257,1007,1,90,357.4257085323334,28.135000000000048,33.29753822610886,37.565523972489125
1,918.1666666666666,1245.4285714285713,1497.75,3747.5,2470.5,1839.6666666666665,0.42891186,-0.501123,0.96163710194486,0.6433064862031168,1012,4,298,338.7886838912964,28.43571428571431,33.2482207170107,37.5668714454153
1,1318.8,1813.8333333333333,2454.8333333333335,3363.1111111111113,3635.5,3034.5,0.15611662,-0.2992649,0.2768426827781466,0.23415479509605466,1028,2,90,338.7886838912964,28.450000000000045,33.20752703464009,37.55231873781257
1,995.0,1376.0,1695.25,3047.0,2544.5,1817.0,0.285044,-0.37779787,0.587002779225291,0.42752095303357757,1014,0,0,350.95201778411865,27.686000000000035,33.174109706070844,37.54396440567025
1,733.1,1061.0,1364.4285714285713,3445.0,2549.6666666666665,1842.5,0.4326026,-0.52907234,0.8479224038052877,0.6488364840582722,1020,0,0,347.4124702811241,28.910000000000025,33.15093317174056,37.55986458619917
1,1055.142857142857,1433.6153846153845,1885.0,3559.0,3145.3333333333335,2274.25,0.3074945,-0.42570567,0.6016018071670602,0.46119937551657636,1009,4,18,347.4124702811241,28.223333333333358,33.15335862300768,37.584388593455635
1,944.1333333333333,1173.0,1492.142857142857,3902.75,2705.25,1894.5,0.44683132,-0.5378023,1.043443175423734,0.6701848799571064,1006,2,212,346.52230298519135,30.05000000000001,33.122636240290795,37.605139676518796
1,1008.0,1184.2,1412.8333333333335,2848.6666666666665,2894.5,2188.0,0.33693144,-0.41272545,0.9529867256637168,0.5053378695448145,1000,2,0,342.5555607676506,28.476666666666688,33.17249273855943,37.629663683775256
1,1048.4,1249.888888888889,1444.3333333333333,3112.0,2886.866666666667,2218.2,0.3660107,-0.42690477,1.0646493020088528,0.5489557806956585,999,4,62,332.41280180215836,27.130000000000052,33.213725410100515,37.62669924333766
1,741.6666666666666,994.5,1185.5,3426.8571428571427,2619.916666666667,1751.75,0.48594615,-0.5501381,1.1255505975866966,0.7288401982037782,1000,4,52,350.1216640472412,26.84250000000003,33.25037667369259,37.637748521332334
1,926.4,1251.5555555555557,1305.375,3876.3333333333335,2958.0,2061.6666666666665,0.49616036,-0.51186323,1.3498442394861652,0.7441687504522686,996,2,32,363.9963676929474,27.07000000000005,33.29322631274509,37.65149274517936
1,547.4545454545455,987.8,710.1666666666667,4413.233333333334,2512.0,1389.3333333333333,0.7227752,-0.63421816,2.026047217379136,1.0840570659068287,1000,3,248,357.14454197883606,27.133333333333326,33.33041656550764,37.65796061522502
1,1630.6666666666667,2008.125,2367.142857142857,3736.3333333333335,3558.5,2735.5,0.22432962,-0.30084792,0.599450439481629,0.3364668619596127,1005,1,52,334.356551527977,27.05000000000001,33.1768046519232,37.70700862973795
1,1054.7272727272727,1299.8333333333333,1561.3333333333333,3487.8,2985.6666666666665,2053.7916666666665,0.38154402,-0.4570038,0.9736818244752481,0.5722593719676017,1003,5,239,335.5806418657303,27.855000000000018,33.22100176390188,37.69326440589092
1,1147.3333333333335,1368.25,1633.5,3694.0,3232.3,2346.0,0.38676676,-0.4594301,1.0532099775097121,0.5800957207207207,999,0,0,363.9963676929474,26.91500000000002,33.2872974318699,37.685718557504316
1,1255.0,1494.5,1623.4,3805.4,2729.0,1963.0,0.40193045,-0.4360271,1.319449483588515,0.6028401451384156,1002,3,68,335.18587827682495,25.810000000000002,33.35305411066745,37.69326440589092
1,797.0,1114.375,1076.75,4338.0,2095.3333333333335,1230.0833333333335,0.60229003,-0.5912332,1.6908181252592285,0.9033516458150593,1005,4,105,339.08617120981216,26.47800000000001,33.38323750421387,37.63801801591757
1,965.8833333333333,1300.9,1574.2,3480.5,2801.5,1958.5,0.37713414,-0.45584974,0.8386602904493121,0.5656452761512898,1005,2,32,347.03786075115204,27.179166666666674,33.32340970629151,37.6021752360812
1,603.4545454545455,985.1111111111111,800.0,4852.0,2640.8,1549.6666666666667,0.71691436,-0.6624662,1.9757792829532963,1.0752764263600176,1014,3,203,351.6930046081543,27.150000000000034,33.39832920098708,37.57630375589856
1,615.1428571428571,924.3333333333334,992.0,4681.0,2552.0,1395.0,0.6502732,-0.67019504,1.5318676885841065,0.9753238741517583,1006,1,52,326.1417081952095,26.513333333333378,33.42689562702208,37.67763371994724
1,1186.25,1364.0,1708.5,4184.0,2801.0,1901.5,0.42011032,-0.5082913,1.1172793536885337,0.6301119972849143,1002,1,180,320.91336303949356,26.194000000000017,33.48133353323972,37.698115308425166
1,866.6111111111111,1245.6153846153845,1303.6363636363637,4374.333333333333,2630.4,1873.0,0.540809,-0.55671644,1.3473717521696518,0.811142033038137,1015,4,308,324.1279046535492,26.456666666666706,33.42797360536302,37.73180213157965
1,987.3333333333334,1372.3333333333333,1619.5,4457.0,2798.0,1809.0,0.4669629,-0.5291629,1.0478212703101921,0.7003867039657726,1023,2,180,327.3717918395996,26.564285714285745,33.361677937395,37.735036066602476
1,812.25,1257.5,1315.5,4317.857142857143,2826.0,1648.5,0.53296053,-0.5489078,1.2264566598291895,0.7993698810761467,1040,1,90,336.25360584259033,26.57000000000005,33.27786512138665,37.72937668031253
1,721.1428571428571,1050.4,1130.5,4371.0,2812.0,1677.0,0.58902115,-0.61249864,1.409788688626476,0.8834514721919302,1055,1,128,345.479854285717,27.190000000000055,33.27651764846047,37.7622550197113
1,1057.0,1440.0,1830.75,3865.25,3018.0,2058.0,0.35718048,-0.45714152,0.7346621890008305,0.5357236899850786,1056,0,0,336.7763423919678,26.202000000000055,33.33095555467811,37.7689923843422
1,849.5,1174.875,1574.0,3834.0,2541.5,1845.0,0.4178994,-0.53088266,0.8179218993159856,0.6267911620597209,1062,5,259,336.7763423919678,26.93833333333339,33.3263741467291,37.79594184286578
1,670.9583333333334,1062.75,1127.3333333333333,4146.666666666667,2769.0,1706.0,0.572494,-0.59198886,1.283843877894513,0.8586595885865961,1065,0,0,341.6038451194763,26.795000000000016,33.3511676485708,37.811842023394696
1,676.1,1061.2727272727273,985.25,4271.0,2678.0,1616.0,0.62511295,-0.60194355,1.6066451518263167,0.9375802539591953,1035,4,52,341.6038451194763,26.845000000000027,33.39213082552665,37.82855068767932
1,662.0,999.2857142857143,965.0,3849.0,2408.0,1419.75,0.599086,-0.58777773,1.542245989304813,0.8985356734863434,1062,1,180,349.8305433988571,26.165999999999997,33.33068606009287,37.83178462270215
1,669.25,989.3333333333334,1048.75,3982.0,2668.5,1618.0,0.58306414,-0.60198474,1.3951580299174773,0.8745093167701863,1061,5,101,350.51246362924576,27.700000000000045,33.28217703475042,37.83447956855451
1,1309.1666666666667,1756.5,2406.375,3289.285714285714,3807.3333333333335,3355.125,0.15501462,-0.30377543,0.2790564580944039,0.23250152828502907,1058,3,248,350.51246362924576,29.03400000000005,33.25010717910735,37.836096536065924
1,1121.5555555555557,1560.142857142857,2144.3636363636365,3495.0,3175.6,2705.3333333333335,0.23950155,-0.38275024,0.42470089607305794,0.35922048405425666,1070,3,292,352.29045927524567,28.430000000000007,33.260886962516786,37.85981205956668
1,1118.5,1628.0,2207.1666666666665,3716.166666666667,3346.0,2634.2,0.2547552,-0.39073756,0.44012561128557126,0.38210055425822254,1087,4,75,352.3995043039322,26.481428571428637,33.345777756866084,37.87840718594795
1,676.6666666666666,989.2380952380952,992.1428571428571,3807.3,2592.375,1577.0,0.5865592,-0.58751994,1.501847386375068,0.879747080322385,1076,2,0,351.765625834465,26.480000000000018,33.36598985075877,37.91856187914809
1,673.7727272727273,989.0769230769231,1297.8181818181818,4099.65,2562.6666666666665,1635.5,0.51910114,-0.61126745,1.0249208866021344,0.778579566554082,1058,2,180,351.765625834465,26.345000000000027,33.3835069987991,37.941738413478376
1,864.6363636363636,1260.0,1560.8,3239.133333333333,2636.1666666666665,1866.1666666666667,0.34965762,-0.4398921,0.6855756904775225,0.5244318221271691,1040,3,232,352.82533955574036,26.30600000000004,33.279482088898064,37.935270543432715
1,899.6309523809524,1306.1666666666667,1692.6,3932.0,2825.5,2135.333333333333,0.39814386,-0.5012886,0.7625963047952822,0.5971627171072514,1038,3,68,359.2455493211746,25.910000000000025,33.196747251230654,37.97596422580333
1,1114.5,1566.4,2139.5,3556.0,3189.3333333333335,2509.0,0.24870512,-0.38841167,0.44071435238480444,0.3730249297752809,1039,3,112,356.83104944229126,28.396666666666704,33.21884580721999,37.94739779976833
1,664.1875,1178.6842105263158,1144.5,4193.5,2229.0,1364.0,0.57118773,-0.56118995,1.2536813268709879,0.8567013205956728,1024,3,248,364.36256074905396,27.182000000000016,33.17949959777556,38.00938155437258
1,744.4,1186.75,1372.25,4115.333333333333,2328.0,1486.5,0.49987093,-0.55234575,1.0134294721804882,0.7497380688461364,1020,2,0,361.03356194496155,28.104285714285766,33.21615086136764,38.053309171766024
1,864.0,1302.5,1497.5,4308.0,2940.0,1881.0,0.4841099,-0.535692,1.0311491047842678,0.7261023079572856,1042,3,337,360.29190784692764,26.950000000000045,33.26385140295438,37.98270159043423
1,871.5,1238.2,1684.5,3994.75,2910.5,1945.0,0.40678787,-0.5267679,0.7633152712614816,0.6101280866235309,1058,3,112,358.81180477142334,26.656666666666695,33.361947431980234,37.999679749304086
1,1051.0714285714287,1502.75,2078.222222222222,3691.3333333333335,3148.3333333333335,2474.0,0.2795902,-0.42136085,0.48713100040024654,0.41934893752226543,1037,1,180,365.9125111103058,26.810000000000002,33.35143714315603,38.043607366697536
1,857.3333333333334,1320.888888888889,1757.5,3489.0,2696.0,2014.0,0.33002955,-0.45076117,0.569197896120973,0.4949971412235563,1049,1,232,369.2427467107773,26.950000000000045,33.403449598106555,38.04630231254989
1,859.0,1244.6666666666667,1697.6666666666667,3763.0,2325.5,1522.0,0.37822,-0.50289553,0.6877566877566876,0.5672780541398357,1067,1,180,369.2427467107773,26.165999999999997,33.415846349027404,38.00884256520211
1,1761.6875,2344.153846153846,3083.3333333333335,4009.0,4432.0,3657.5,0.13051651,-0.26205033,0.2489062176136777,0.19576097939234433,1070,2,328,368.4269038438797,25.70666666666665,33.453575590960426,38.0050696410088
1,800.6,1185.5,1696.25,4261.0,2904.0,1909.0,0.43052584,-0.56467456,0.7601511558980438,0.6457345474382108,1081,2,328,366.9987680912018,26.81666666666672,33.465433352710804,37.97812018248522
1,1235.7142857142858,1690.1818181818182,2264.0,3542.0,3315.0,2595.3333333333335,0.22011712,-0.35392848,0.4065328825389901,0.3301472487729269,1089,3,292,366.9987680912018,25.83000000000004,33.490765843722976,37.960064045274414
1,1145.375,1562.5294117647059,2071.8,4513.75,2862.166666666667,1910.5,0.37080425,-0.48569533,0.730664448497125,0.5561641651672853,1063,4,52,355.66678512096405,27.500000000000057,33.49534725167198,37.92637722211993
1,1473.875,2019.111111111111,2539.6666666666665,4154.25,3267.5,2587.75,0.2412016,-0.34586328,0.4840349654367807,0.3617753600637348,1065,1,90,351.8599659204483,27.535000000000025,33.52041024809892,37.91209400910243
1,750.5,1259.1666666666667,1315.3333333333333,4285.166666666666,2247.5,1357.5,0.53028005,-0.5457825,1.1336251320092119,0.7953490448134262,1095,2,32,361.58192229270935,26.396666666666647,33.54143082574731,37.95494364815494
1,907.0,1374.0,1898.5,3669.5,3027.0,2073.0,0.31806752,-0.4551403,0.5360818501029181,0.47705845380263984,1077,1,232,361.58192229270935,26.09250000000003,33.52014075351368,37.998062781792676
1,1508.5714285714287,2017.5,2717.8333333333335,4162.0,4406.0,3241.0,0.20991303,-0.34703454,0.39433478961876534,0.31484666440579423,1026,2,0,365.87294125556946,27.823333333333323,33.519332269757975,38.04172090460088
1,676.5,1064.5,1051.5,4573.25,2572.5,1485.0,0.6261167,-0.6223671,1.5155133832515708,0.9390915959290698,997,1,232,311.6528545618057,26.948000000000036,33.503162594643825,37.728837691142054
1,860.0833333333333,1213.357142857143,1428.0,4962.25,2193.5,1416.5,0.5530691,-0.60704845,1.2478594756818782,0.8295387865274029,995,2,328,327.8073949813843,28.500000000000057,33.5225662047808,37.75443967673946
1,1183.888888888889,1565.5,1816.2,4247.5,3320.5,2371.75,0.40095982,-0.46137968,0.9699541479605946,0.6013901256554863,1026,2,212,327.8073949813843,26.750000000000057,33.53199851526406,37.78354509194493
1,812.3333333333334,1183.75,1189.0,4266.0,2757.0,1600.75,0.5640697,-0.5655764,1.4490910803428463,0.8460269452845752,1033,0,0,346.0890189409256,28.07000000000005,33.564607360077595,37.80429617500809
1,927.1666666666666,1313.0,1633.25,4329.25,2863.6666666666665,1764.0,0.45215932,-0.53458285,0.9392419175027871,0.6781821230924032,1063,3,68,338.66742408275604,26.912000000000035,33.428512594533494,37.77492126521739
1,862.4,1182.0,1700.0,4109.5,3023.0,2092.6,0.4147517,-0.5532458,0.768090532355754,0.6220740103270224,1036,3,248,338.2740910053253,27.53666666666669,33.44171782921005,37.8088775829571
1,932.125,1318.1666666666667,1446.6,4147.5,2829.75,1846.5,0.48281226,-0.5176557,1.156769235052134,0.7241536481607264,1068,2,270,335.91322469711304,27.430000000000007,33.465702847296036,37.84094743860017
1,682.8571428571429,995.0,980.0,4494.0,2575.75,1483.8,0.64194375,-0.6374567,1.6721957851801497,0.9628276554936523,1055,1,0,342.87966680526733,25.337142857142908,33.37084075329302,37.77761621106974
1,805.5,1123.25,1175.4444444444443,4484.566666666667,2735.5,1656.5,0.58464944,-0.59939843,1.504971918941399,0.8768966681453971,1069,1,308,351.2779258489609,26.33166666666665,33.41934977863547,37.859273070396206
1,613.0,1054.888888888889,1059.5,4079.5,2190.6666666666665,1252.5,0.587663,-0.5890888,1.292808219178082,0.8814086973440995,1076,3,23,352.3995043039322,27.510000000000048,33.31748082541632,37.85550014620291
1,1090.8875,1565.0,2087.6666666666665,4704.75,3120.4,2312.166666666667,0.38529488,-0.50077754,0.7229437079956584,0.5778997730479054,1061,3,292,349.9133113026619,27.450000000000045,33.420427756976416,37.915327944125266
1,610.2222222222222,1048.8181818181818,901.375,4921.25,2579.1428571428573,1361.3,0.6903888,-0.6486411,1.7466073342409405,1.0354942578083075,1078,1,180,350.51406967639923,28.140000000000043,33.54924616871915,37.879754658874134
1,649.25,1039.5,822.0,5000.0,2612.25,1415.125,0.7176228,-0.6557662,2.0627514873238044,1.0763417775869473,1116,2,212,349.33332097530365,27.410000000000025,33.562720897980945,37.854961157032434
1,1063.2,1509.3333333333333,1850.9,4661.333333333333,3166.5,2170.5,0.43156213,-0.5108038,0.9015041999555197,0.6472935070784411,1062,3,0,336.8936096429825,27.005000000000052,33.50397107839953,37.83151512811691
1,887.8333333333333,1252.0,1508.0,4606.375,2127.3333333333335,1264.5,0.50673616,-0.5725777,1.1070962785628784,0.7600421104274413,1103,2,270,336.8936096429825,27.49000000000001,33.54762920120774,37.82477776348602
1,797.375,1115.7,1579.5714285714287,4189.5,2975.0,1937.5,0.45240012,-0.5793938,0.8487444440443987,0.6785413623195583,1040,5,121,352.5247551202774,28.095000000000027,33.48995735996726,37.87193931590229
1,612.75,1051.75,803.8,4498.5,2466.1,1256.0,0.69681084,-0.62100804,1.9541749750088595,1.0451176736818284,994,3,52,359.3450651168823,28.03000000000003,33.6322505009718,37.87086133756135
1,861.6666666666666,1226.5714285714287,1451.5714285714287,4531.857142857143,2864.0,1856.2142857142858,0.5148028,-0.57399094,1.1358344659017878,0.7721396598030439,1012,1,180,358.7651826143265,28.24000000000001,33.62227920131807,37.90724310656819
1,795.25,1214.2777777777778,1166.9166666666665,4963.5,2002.8,1101.8333333333333,0.61930263,-0.6068885,1.5814814043418797,0.9288782264751059,1001,1,232,368.7204202413559,29.07000000000005,33.6893833530418,37.865201951271395
1,1695.0,2094.5,2573.8333333333335,3660.3333333333335,3599.3333333333335,3034.5,0.17428151,-0.27209014,0.42495632447654563,0.26140130453378957,1070,2,270,369.89967703819275,27.480000000000018,33.74193479716279,37.88730050726073
1,1115.0,1430.1,1753.6666666666667,3934.0,2156.2,1465.25,0.38334408,-0.46678847,0.894385648262094,0.5749655718011074,1037,1,232,342.3492224216461,27.220000000000027,33.767806277345436,37.90832108490913
1,1564.0,2079.4166666666665,2596.3125,3478.0,3216.2,2700.5,0.14515017,-0.2516607,0.300840228610424,0.2177073366461928,1047,2,328,360.32868456840515,27.318333333333385,33.80391855176704,37.935270543432715
1,802.5,1172.0,1311.0,4207.0,2213.0,1353.0,0.52482784,-0.5642313,1.1956566615746667,0.7871704267463984,1075,1,128,357.3766984939575,26.51666666666671,33.84865465291619,37.9546741535697
1,1199.0,1674.0,1752.0,4738.0,2416.5,1696.0,0.46009246,-0.477854,1.19277782216186,0.6900855095909406,1084,1,308,369.7739210128784,26.598000000000013,33.72360916536675,37.966801409905315
1,779.0,1098.5,1135.0,4727.0,2282.5,1289.3333333333333,0.6127601,-0.62286496,1.5766833465016241,0.9190618336886993,1061,1,270,365.9378273487091,28.560000000000002,33.66512884037057,37.95117072396163
1,932.6,1515.0,1558.5,5010.5,2535.0,1517.0,0.52549857,-0.5356678,1.1712812160694897,0.7881878377349876,1062,3,248,362.7760647535324,28.130000000000052,33.59964165615826,37.958177583177765
1,851.5,1214.4333333333334,1220.0,4244.0,2160.0,1416.6666666666667,0.5534407,-0.5550249,1.4598117306299783,0.8300850947021685,1001,1,270,364.08281922340393,30.04200000000003,33.727921078730525,37.81507595841752
1,631.6333333333333,1006.9166666666666,850.25,4397.0,2579.75,1518.6666666666667,0.6759255,-0.6273382,1.861908761614783,1.0137916249821353,1000,1,180,361.30438566207886,29.063333333333333,33.71282938195732,37.79405538076913
1,953.1071428571429,1287.5,1416.25,3504.5,2720.625,1830.75,0.42437637,-0.46264607,1.0753762005127583,0.636499872999746,1032,3,308,349.6554964184761,29.02333333333337,33.69261728806463,37.772226319365025
1,1762.2,2174.875,2399.5,3242.714285714286,3064.0,2418.75,0.14944741,-0.19710599,0.47647685626180597,0.22415124433529965,1005,2,0,345.1078591346741,29.64500000000004,33.654079562375905,37.742851409574314
1,1141.6666666666667,1482.8333333333335,1557.0,4718.0,2491.0,1556.5,0.503745,-0.52173096,1.4372101482222424,0.7555573261094732,991,1,308,311.6528545618057,27.177999999999997,33.54924616871915,37.73880899079578
1,1565.6,1945.75,2394.5,4078.0,3414.6666666666665,2794.0,0.26010042,-0.35397387,0.6277968377088305,0.3901205005407075,1054,3,180,334.53623002767563,27.140000000000043,33.4692062769041,37.756056644250876
1,668.3333333333333,1006.2,936.5,4296.5,2747.0,1633.0,0.6420791,-0.6204952,1.7128874388254482,0.9630266552020637,1001,0,0,319.5304273366928,28.758000000000038,32.98950591518428,37.71967487524403
1,1701.8823529411766,2110.761052631579,2394.1176470588234,3823.0,3841.2,3049.4545454545455,0.22983035,-0.2885588,0.658521113014813,0.3447178085042976,1001,3,112,340.8550684452057,28.55000000000001,33.01807234121928,37.7374615178696
1,668.75,959.625,888.5,4418.5,2034.25,1101.5,0.6651592,-0.6431377,1.8638295625544496,0.9976448422044277,1047,0,0,349.2845313549042,31.98333333333335,33.68372396675185,37.69919328676611
1,552.5,960.25,779.5,4472.5,2485.6666666666665,1333.0,0.7031607,-0.6464958,1.8440105857092925,1.0546406473108043,1048,3,292,358.5704251527786,31.598000000000013,33.70636151191166,37.68005917121436
1,1342.4166666666665,1713.6666666666667,2115.25,3016.8,2800.0,2329.0,0.17567053,-0.2754767,0.399539989452552,0.2634801414501564,1062,1,52,358.5704251527786,29.897500000000036,33.7389703567252,37.67170483907205
1,1235.6666666666667,1506.0,1830.857142857143,3758.75,2800.5,2033.0,0.3449067,-0.42789307,0.8799317975835741,0.5173137494170186,1025,2,180,327.5861368775368,30.70500000000004,33.79691169255091,37.6450248751337
1,781.5,1147.4166666666665,1086.0,4282.75,2635.0,1757.0,0.5954366,-0.57739174,1.618279842057305,0.8930716580528006,1022,3,52,329.5375548005104,26.750000000000057,33.838144364091995,37.64745032640082
1,553.25,846.5,664.0,4162.0,2200.75,1164.5,0.7248239,-0.66197467,2.1875488571339234,1.0871231741427536,1034,1,270,332.0194648504257,26.79000000000002,33.87452613309883,37.670626860731105
1,750.6666666666667,1026.5,1018.625,3823.5,2022.0833333333335,1225.8333333333335,0.5792653,-0.57670105,1.6283744557329465,0.8688082393330064,1052,1,180,322.6709760427475,28.310000000000002,33.90309255913383,37.69245592213521
1,856.5,1140.75,1197.5,4048.833333333333,2320.0,1533.0,0.5434907,-0.5603693,1.481648277414997,0.815158349480639,1045,0,0,322.6709760427475,28.340000000000032,33.94702017652728,37.68652704126002
1,1041.4583333333333,1379.45,1742.5,3879.75,2825.6666666666665,2010.75,0.3801414,-0.4754145,0.8188932632163759,0.5701613978924903,1026,2,180,339.10668194293976,28.795000000000016,33.96318985164143,37.71482397270979
1,614.8571428571429,954.6458333333333,868.0,4080.0,2273.0,1198.75,0.64915115,-0.62076944,1.716702806706777,0.9736283722340104,1035,3,157,339.10668194293976,27.53666666666669,33.9780120538294,37.743120904159554
1,973.5,1430.5,1370.5,4419.666666666666,2793.0,1798.0,0.5266112,-0.5109541,1.4268667425790449,0.7898486069537186,1039,1,270,333.2960214614868,28.82000000000005,34.021400682052374,37.761985525126065
1,513.0,832.875,641.0,5038.0,2389.375,1158.0,0.77425605,-0.7162689,2.182133995037221,1.161281802975614,1058,3,248,333.2960214614868,28.840000000000032,34.020053209126196,37.7878570053087
1,819.5,1094.0,1281.0,3569.3333333333335,2365.166666666667,1559.5,0.47178888,-0.53080773,1.1195185988486815,0.7076103762240165,1097,0,0,364.29291927814484,27.79000000000002,33.95294905740247,37.79162992950201
1,1197.0,1613.5,1965.0,3320.5,2746.3333333333335,2125.0,0.25645635,-0.34596676,0.5524535376589501,0.38464812712826335,1077,1,308,377.60548305511475,29.860000000000014,33.97154418378374,37.824238774315546
1,951.75,1350.0,1626.0,3882.666666666667,2173.5,1530.5,0.4096575,-0.4840107,0.867742907131001,0.6144304946301619,1131,4,90,370.49721252918243,30.130000000000052,33.922765663856055,37.805374153349035
1,1329.75,1672.75,2066.4,3331.25,3157.6666666666665,2444.3333333333335,0.23433346,-0.33143485,0.5492160259833868,0.3514676324296287,1078,1,232,336.84135937690735,31.363333333333344,33.85108010418331,37.72802920738634
1,740.6666666666666,1093.642857142857,1088.25,3930.75,2149.6666666666665,1426.0,0.5663479,-0.5646667,1.4484076433121018,0.849437194939735,1059,2,212,334.4112426042557,32.360000000000014,33.817123786443595,37.68598805208955
1,844.6666666666666,1168.0,1377.25,4086.0,2064.25,1397.25,0.49581292,-0.55538636,1.1257376776660295,0.7436513383665064,1049,2,212,332.0194648504257,29.696666666666715,33.862668371348455,37.693533900476154
1,396.1666666666667,789.0,485.25,4901.5,2303.0,1148.75,0.8198357,-0.7226957,2.2798255123638427,1.2296394264235,1013,0,0,323.48704320192337,32.77000000000004,33.85296656627997,37.616727943683934
1,743.5,1154.5,933.0,4555.0,2738.5,1598.8333333333335,0.6599854,-0.5955863,1.9780459832887334,0.9898879475266465,1010,1,270,327.5861368775368,33.83000000000004,33.788018371238124,37.61807541661012
1,480.6666666666667,843.2,560.4166666666667,5388.666666666667,2401.0,1152.5,0.8115956,-0.72939086,2.345100864553314,1.2172911268296098,1010,2,270,354.4344391822815,27.82000000000005,33.42393118658448,37.507582636663415
1,1416.0,1766.6666666666667,1999.375,4488.5,2937.0,1980.0,0.383658,-0.43513364,1.060872437454716,0.5754426185292927,1007,3,248,349.03033995628357,28.455714285714294,33.459504471835615,37.47578227560558
1,1121.75,1558.0,2016.75,3283.25,3137.0,2504.5,0.23896226,-0.35636458,0.4541624083337815,0.3584095840015093,1008,1,308,349.03033995628357,28.593333333333362,33.484297973677315,37.45287523586054
1,1273.0,1785.5,2329.3333333333335,3354.5,3512.75,2763.5,0.18036537,-0.3052529,0.32925445357999306,0.27052424793291496,1012,1,270,352.0665078163147,28.720000000000027,33.51663732390561,37.458265127565255
1,608.3333333333334,938.6666666666666,1269.8333333333335,3818.0,2544.0,1568.0,0.5008353,-0.6053259,0.9265386759750806,0.7511791680314444,1019,1,270,353.3497474193573,27.74000000000001,33.56191241422524,37.48225014565124
1,1135.7272727272727,1614.7777777777778,1906.75,3252.8,2814.4375,2180.0,0.26088515,-0.33651692,0.5448408002378579,0.3912898130832066,1035,3,248,353.3497474193573,26.545999999999992,33.581046529776984,37.45071927917865
1,600.5,935.3333333333334,1136.75,3848.75,2213.0,1400.0,0.54397756,-0.6089812,1.0994891753831184,0.8158844765342961,1015,3,180,354.476948261261,28.442000000000064,33.57080573553802,37.511625055441954
1,478.77777777777777,804.4285714285714,513.7,5732.5,2414.6666666666665,1163.25,0.835516,-0.7538818,2.4970972146019674,1.25317367570077,1001,4,105,354.476948261261,28.480000000000018,33.571075230123256,37.54558137318167
1,613.5,930.0,790.0,4138.25,2358.625,1347.5,0.6793994,-0.63300943,1.95666783543712,1.0189956885620086,1005,1,232,351.64343124628067,29.972500000000025,33.51394237805326,37.54962379196021
1,964.5,1191.25,1426.6666666666667,3880.0,2775.4,1958.5,0.46231157,-0.5301947,1.1778449917582856,0.6934020035800645,1006,3,308,339.08617120981216,28.436666666666724,33.37137974246349,37.61430249241681
1,871.5,1241.3333333333333,1318.5,4386.0,2254.0,1380.0,0.5377334,-0.55882007,1.3309758319954876,0.8065293602103418,1008,2,148,330.19819992780685,28.710000000000036,33.43632793750533,37.63343660796856
1,930.25,1387.0,1680.0,3535.0,3085.0,2332.25,0.3557047,-0.43640795,0.698510722422006,0.5335058958872592,1025,3,68,363.28021931648254,30.07400000000007,33.5435867824292,37.42242234772888
1,732.375,1120.75,1457.5,3505.0,2560.25,1632.0,0.41259447,-0.5154299,0.757414617454754,0.6188293370944993,1018,2,148,365.62523460388184,28.607500000000016,33.60691800995963,37.50488769081105
1,1044.0,1510.0,1899.3333333333333,3931.0,3318.3333333333335,2476.8,0.34846494,-0.44495496,0.6774028629856852,0.5226525653851651,1004,2,0,368.87428760528564,28.450000000000045,33.65542703530208,37.52321332260709
1,734.8571428571429,987.1666666666666,1307.25,3912.5,2479.0,1622.0,0.49911395,-0.5970474,1.0428389258674717,0.7485992050189167,1022,3,308,358.9206876754761,30.687142857142874,33.64626421940406,37.474165308094165
1,500.6666666666667,843.5714285714286,764.5,4131.75,2386.8333333333335,1288.5,0.6877202,-0.66089773,1.6955788307568356,1.0314749578802267,1014,1,52,328.0078521966934,29.400000000000034,33.82682559151208,37.466349965122326
1,838.0,1152.625,1274.0,4349.0,2675.5,1646.6666666666667,0.5468611,-0.58098745,1.3465580662112453,0.8202187249933315,1004,1,308,336.79776924848557,30.760000000000048,33.85512252296185,37.49222144530497
1,755.0,1041.75,1134.3333333333333,3659.5,2810.6666666666665,1808.25,0.5267531,-0.55682,1.3140958923119626,0.790047278036571,1007,1,180,332.6313489675522,29.720000000000027,33.8885398515311,37.52078787133997
1,498.3333333333333,850.5,700.0,4232.5,2425.5,1322.0,0.7161683,-0.6653551,1.8805898637137992,1.0741435232110277,1005,1,52,323.44755202531815,29.376666666666722,33.91117739669091,37.50003678827681
1,921.8333333333334,1179.5,1437.3333333333333,3104.25,2866.4,2036.25,0.36703426,-0.44931427,0.8653912712421694,0.5504907806623246,1005,0,0,325.19585859775543,32.22000000000003,33.91495032088421,37.47605177019082
1,647.6,885.8,801.5,3162.0,1951.0,1472.0,0.5955595,-0.5623301,1.89446227929374,0.8932265388496468,1010,0,0,327.7144884467125,32.04200000000003,33.91306385878756,37.586275055552285
1,851.0,1251.0,1098.5,4141.75,2691.5,1791.25,0.5807452,-0.53604376,1.7484918126975009,0.8710346801507418,1012,1,308,325.7116850018501,32.23000000000002,33.94675068194204,37.600558268569785
1,688.3333333333334,1003.0,1275.5,3606.5,2455.5,1625.75,0.47746825,-0.5648118,0.9556411938340439,0.7161290322580645,1015,1,308,332.8520686030388,30.460000000000036,33.973969635050864,37.619153394951056
1,715.25,936.5,989.75,3294.5,2290.0,1584.5,0.5379588,-0.55731505,1.4890008721775367,0.8068440399089796,1023,1,90,282.386325776577,33.38500000000005,34.0133158444953,37.57630375589856
1,434.5,722.6666666666666,495.0,4198.0,1752.0,861.9375,0.78904754,-0.70627284,2.3674956844191546,1.1834451901565994,1029,1,52,300.6076354980469,30.690000000000055,34.06182486983775,37.56875790751195
1,528.3333333333334,749.8,663.0,3544.0,1816.5,1113.25,0.68481106,-0.65075225,2.022890043533212,1.0270944741532977,1037,1,270,293.5557760000229,28.506666666666717,34.050506097257845,37.547198340693086
1,580.3333333333334,859.0,743.5,3418.5,1922.5,1244.75,0.64271986,-0.5983635,1.8955498866213152,0.9639639639639639,1031,1,308,262.4445695877075,28.086000000000013,34.01277685532483,37.545311878596436
1,730.1333333333333,1011.0,1112.0,3529.25,2449.6666666666665,1645.0,0.52081877,-0.55465007,1.278629992065591,0.7811439650993699,1027,2,328,304.7664954662323,29.410000000000025,33.9922952668469,37.5307591709937
1,781.6666666666666,1094.5,1388.6666666666667,3164.5,2412.0,1556.8333333333335,0.3900216,-0.4860296,0.7878586217095533,0.5849681575287313,1023,1,90,296.34587675333023,28.750000000000057,33.974508624221336,37.478207726872704
1,856.2222222222222,1204.5,1251.7142857142858,3342.5,2607.1666666666665,1818.5,0.45509103,-0.47020012,1.1793375199437008,0.6825622609831171,1022,1,90,300.6076354980469,31.620000000000005,34.08500140416804,37.59139545267177
1,466.75,684.2222222222222,643.6666666666667,1958.0,1885.75,1348.875,0.505189,-0.4820858,1.4160785792526351,0.7576378658809964,1017,1,90,312.104468524456,33.960000000000036,34.06236385900822,37.620231373292
1,518.0,840.3333333333334,815.0,3709.25,2358.5,1406.25,0.6397193,-0.6305889,1.5345156672498808,0.9594728990551964,1026,0,0,333.0702858567238,30.61500000000001,34.11006440059497,37.63047216753097
1,559.3846153846154,844.4545454545455,938.9090909090909,3490.0,2458.291666666667,1548.7142857142858,0.57600886,-0.6103526,1.293900748662495,0.8639157695978327,1047,2,328,357.1237840652466,29.640000000000043,34.164502306812615,37.621309351632945
1,590.4,912.3333333333334,859.5,3747.5,2046.5,1183.0,0.6268721,-0.60842663,1.6125069793411502,0.9402061855670103,1044,1,128,381.9798814058304,29.683333333333337,34.152105555891765,37.5878920230637
1,909.625,1318.1333333333332,1563.5,4115.75,2998.0,1949.5,0.4493991,-0.5148467,0.9558183299160183,0.6740393503235178,1066,4,328,328.51436284184456,29.730000000000018,34.13890032121521,37.559325597028696
1,628.3333333333334,1050.0,921.25,3598.0,2346.5,1308.8333333333335,0.5922996,-0.5481928,1.5160568645219754,0.8883511256153549,1070,3,308,357.1237840652466,29.825000000000045,34.19711115162615,37.61457198700205
1,1064.625,1498.5,1979.75,2873.333333333333,3013.5,2557.5,0.18412693,-0.31447524,0.3300694737295726,0.2761619422076472,1091,1,270,370.40349078178406,28.646000000000015,34.24076927443436,37.63235862962762
1,487.0,718.75,806.0,3150.5,1839.0,1205.0,0.5925692,-0.628481,1.352076124567474,0.8887414708112207,1042,2,328,329.6969759464264,28.480000000000018,34.17258714436969,37.67197433365729
1,1008.1111111111111,1394.6666666666667,1708.0,3310.166666666667,2813.1,2208.75,0.3192733,-0.4071345,0.6677549319255348,0.47886224760892676,1028,2,32,322.4981749653816,30.745000000000005,34.123808624442,37.669009893219695
1,699.75,1064.5,1214.25,3630.0,2462.0,1446.0,0.49868402,-0.54649055,1.0654508567270162,0.7479488105681408,1018,3,68,311.6601359844208,31.66500000000002,34.07826403953714,37.6517622397646
1,914.25,1314.125,1658.0,3341.0,2739.0,1904.0,0.33666733,-0.43540722,0.6540367239871757,0.504950495049505,1038,2,270,329.6969759464264,28.690000000000055,34.191182270750964,37.698115308425166
1,539.75,799.0,1139.6666666666667,3137.0,2227.6666666666665,1649.0,0.4670304,-0.5940041,0.8423479464957229,0.7004637026068659,1040,1,308,313.3311105966568,29.07800000000003,34.23834382316724,37.70134924344799
1,525.0,801.25,985.0,3197.75,1869.8333333333335,1225.6666666666667,0.529018,-0.5992748,1.0697365240512449,0.7934321400824718,1051,1,90,334.9121814966202,28.02000000000004,34.21705375093361,37.67493877409488
1,825.5,1167.0,1735.3333333333333,3724.0,2736.0,1852.0,0.36426914,-0.522797,0.6257013707537573,0.5463536737995666,1033,2,270,416.75517559051514,28.79666666666668,33.47432667402359,37.30492270856605
1,1295.375,1823.75,2297.25,3395.25,3216.0,2514.5,0.19288537,-0.3011113,0.36774371813013373,0.28930265238011593,1067,4,105,423.4569969177246,31.100000000000023,33.5540970712534,37.338070542550064
1,633.0,1054.0,1490.0,4182.0,2421.5,1517.75,0.47461212,-0.5974026,0.8035341173661275,0.7118554429263992,1105,1,0,407.7202777862549,30.795000000000016,33.637101403506044,37.352623250152796
1,674.7037037037037,993.4642857142857,1116.5882352941176,3172.7,2607.0,1875.4,0.47935966,-0.52307963,1.0680097791688439,0.7189556868294609,1031,1,0,323.7147561311722,28.443333333333328,33.17033678187754,37.18014671560185
1,541.1111111111111,843.8,806.8333333333334,4170.0,2449.285714285714,1485.9,0.6757644,-0.663409,1.697311755601911,1.0135447361371552,1013,2,0,318.99123549461365,28.496666666666727,33.25307161954495,37.21491151709727
1,479.9318181818182,728.9615384615385,1065.0,3234.75,1848.5,1302.5,0.50462234,-0.63218236,0.9001227581551202,0.756845532236498,1034,2,180,381.7107014656067,30.04000000000002,33.050411691447586,37.19389093944888
1,478.65931372549016,715.1538461538462,799.0,3117.6,2268.2666666666664,1393.0,0.59199303,-0.62681985,1.3409582311797403,0.887876234969748,1033,7,350,399.7042843103409,29.370000000000005,32.92779165516527,37.281746174235764
1,419.70588235294116,739.375,1113.1666666666667,3345.5,2065.3333333333335,1583.0,0.5006728,-0.6379938,0.8114382075646518,0.7509250607363109,1061,0,0,382.31602823734283,29.710000000000036,32.938301943989465,37.317588954072136
1,418.24,727.9230769230769,1052.6666666666667,3372.0,2111.7380952380954,1464.5,0.5241826,-0.6449089,0.8849444970137256,0.7861850777748483,1051,1,52,415.5647075176239,31.310000000000002,32.8385889474522,37.31839743782784
1,483.3,739.6666666666666,1157.4,3393.75,2248.0,1733.5,0.4913813,-0.64210397,0.8326693375431905,0.7369909812924984,1060,3,128,415.5647075176239,29.49000000000001,32.80948353224673,37.3353755966977
1,413.85714285714283,742.3333333333334,1008.3333333333334,3405.0,2037.0,1459.5,0.54305136,-0.642019,0.9432618530887935,0.8144847638107464,1058,2,148,389.36426758766174,29.163333333333355,32.78981042752451,37.35828263644275
1,675.0,1044.0,1562.1666666666667,2977.0,2666.5,2215.75,0.3116945,-0.48072618,0.48529647161052797,0.4674902709450033,1065,2,0,435.94146943092346,30.635000000000048,32.84882974169116,37.293064946815676
1,468.16,797.0588235294117,1180.2222222222222,2431.25,2416.625,1879.0,0.3464038,-0.5062066,0.5210545996081188,0.5195338034776322,1059,1,51,435.94146943092346,30.090000000000032,32.828617647798474,37.27635628253105
1,543.5555555555555,858.0,1127.75,3370.5,2326.5,1579.5,0.49858278,-0.5941823,0.9250233721953365,0.7477910530702974,1026,2,90,346.23540914058685,28.28400000000005,32.99408732313329,37.42215285314365
1,601.9,988.3333333333334,1245.3333333333333,3530.0,2323.25,1579.5,0.47843084,-0.56252307,0.8802414435240481,0.7175711045192812,1014,1,0,329.6159598827362,27.510000000000048,32.8175683698038,37.53587956811318
1,1057.6666666666667,1448.25,2017.5555555555557,2799.5,2964.1666666666665,2481.8,0.1623283,-0.3181096,0.28033381134480556,0.24346718022048983,1036,2,328,363.59094536304474,28.760000000000048,32.630000138479645,37.524560795533276
1,478.35714285714283,845.3846153846154,740.1111111111111,4251.0,2574.0,1541.0,0.7034283,-0.66824144,1.7193423487920698,1.055036783937495,1086,1,232,385.50728690624237,30.686000000000035,32.55535013836931,37.39304743793817
1,558.6,942.0,884.0,4333.0,2699.4,1548.0,0.6611079,-0.6428436,1.582545654767367,0.9915668423574509,1078,2,148,383.85872292518616,28.80000000000001,32.54807378456795,37.427003755677895
1,912.0,1168.5,1433.25,2723.5,2669.5,2070.5,0.31039876,-0.3995375,0.719363291703836,0.4655421252029587,1094,1,0,644.4730477333069,26.79000000000002,32.0877770329851,37.3240568241178
1,787.25,1064.0,1282.5,2304.0,2312.25,1706.4,0.28481805,-0.36817104,0.6235312070807264,0.4271675494842486,1092,2,90,644.4730477333069,23.654000000000053,32.05489869358633,37.31597198656072
1,698.6666666666667,928.5714285714286,1065.888888888889,2598.666666666667,1996.5,1463.125,0.41827112,-0.47348526,1.020491196922622,0.6273210956329297,1093,4,105,696.6197278499603,25.95500000000004,32.04384941559166,37.34292144508431
1,832.0,1076.0,1291.0,2804.5,2690.5,2191.25,0.36955196,-0.44543228,0.8775948045923693,0.55426025390625,1095,2,328,576.35542345047,26.52333333333337,32.069990390359536,37.354779206834685
1,677.1,934.9333333333333,1052.0,2145.5714285714284,2447.6,1759.888888888889,0.34200063,-0.39299992,0.80877769442889,0.5129207334777656,1096,2,0,604.5924541950226,26.470000000000027,32.04654436144402,37.37984220326162
1,768.25,994.25,1261.3333333333335,2646.75,2655.25,2191.25,0.3545003,-0.45385882,0.7776468056841889,0.5316824083747307,1097,1,128,604.5924541950226,26.882000000000062,32.0230983325285,37.38442361121063
1,670.8333333333333,916.3333333333334,1036.5,3073.5,1845.0,1364.0,0.49562043,-0.54066586,1.1947914833714584,0.743340226249848,1094,0,0,604.5924541950226,26.172500000000014,32.022559343358026,37.358552131027984
1,749.8888888888889,953.3333333333334,1233.5,2171.5,3092.666666666667,2108.3333333333335,0.27547723,-0.38983414,0.5937711006076976,0.41315519013360746,1095,1,90,604.5924541950226,27.510000000000048,32.00261674405058,37.38550158955157
1,799.0,1116.5,1217.0,2753.333333333333,2466.0,1763.0,0.38695323,-0.42297256,0.9451257023335933,0.5803567681007344,1093,1,180,566.6780083179474,26.986500000000035,31.99507089566397,37.365020001073646
1,451.24973544973545,678.4864864864865,688.3636363636364,2834.0,2035.1764705882354,1297.2857142857142,0.6091468,-0.61367166,1.4980109816621032,0.9135904416603227,1094,0,0,656.1405878067017,25.53800000000001,31.96138407250949,37.34723335844808
1,795.125,1114.25,1253.5714285714287,2736.75,2258.0,1682.3076923076924,0.371694,-0.42131913,0.8631680464247184,0.5574711615045238,1097,1,52,603.1611177921295,25.57000000000005,31.924732808917412,37.360438593124634
1,611.1666666666666,987.1,894.9833333333333,2787.5,1973.5,1350.5,0.513924,-0.4769777,1.3235678085033966,0.7707813864665873,1099,1,270,603.1611177921295,26.785000000000025,31.913953025507976,37.387927040818695
1,644.7,853.5833333333334,987.875,2780.0,1970.3333333333333,1471.1666666666665,0.47563282,-0.53016996,1.156806738962045,0.7133545626430491,1099,3,90,603.1611177921295,28.180000000000007,31.941441473202033,37.38738805164822
1,675.875,926.2608695652174,1122.8333333333333,3042.0,2262.333333333333,1760.0,0.46080276,-0.53316534,1.0184632393587618,0.6911211587708068,1096,3,68,566.6780083179474,27.202000000000055,31.9592281158276,37.370948881948834
1,731.8,995.1666666666666,1078.8214285714284,3030.0,2407.0,1710.75,0.47487548,-0.50552773,1.214800946349794,0.7122265580865803,1096,1,128,566.6780083179474,27.736666666666736,31.98078768264647,37.38199815994351
1,540.0666666666667,926.7142857142857,1010.0,2346.5,2016.125,1580.0,0.39818263,-0.43375885,0.7668694055542804,0.5971849865951743,1093,1,180,671.0073974132538,24.970000000000027,31.938746527349675,37.33726205879435
1,802.625,1060.8333333333333,1366.5,2675.666666666667,2347.6,2034.0,0.32387745,-0.43217805,0.6739972628246105,0.48575610158311355,1094,2,328,656.1405878067017,25.556666666666672,31.956802664560477,37.32648227538492
1,795.1025641025641,1038.6666666666667,1241.6,2513.6,2515.0,1937.923076923077,0.3387303,-0.41520905,0.7948150526512101,0.5080277977474239,1093,2,0,693.6214182376862,22.950000000000045,31.97566728552699,37.29818534393515
1,829.1666666666667,1060.0,1315.0,2715.0,2219.5,1577.0,0.34739456,-0.4384106,0.7977662544874353,0.5210271678451805,1094,4,75,693.6214182376862,22.483333333333405,31.99048948771496,37.277973250042464
1,714.775,963.0142857142857,1069.5,2435.0,2111.5,1502.75,0.38964188,-0.43318996,0.9775391498881432,0.5843794579172611,1092,1,231,737.8647394180298,23.250000000000057,32.00046078736869,37.267462961218264
1,825.5,1104.5,1312.6666666666665,2777.0,2485.0,1859.0,0.3580569,-0.4308901,0.8203088529120685,0.5370196813495783,1094,1,309,683.7591540813446,26.51800000000003,32.06244454197294,37.29791584934992
1,290.5625,477.2,223.8125,87.83333333333333,174.125,141.55555555555554,-0.43632597,0.6891039,0.45477348420451225,-0.6534405659747715,1094,1,0,683.7591540813446,26.896666666666704,32.06055807987628,37.2744698204344
1,678.5,937.875,1097.3333333333333,2484.5,1884.0,1339.5,0.3872784,-0.4519157,0.8711716803784881,0.5808365125151206,1092,3,248,693.6214182376862,24.53800000000001,31.999113314442507,37.29441241974185
1,752.0,1001.3333333333333,1253.5,2621.5,2313.0,1743.3333333333335,0.35303226,-0.44720984,0.7594093482846674,0.5294800670881177,1093,1,180,737.8647394180298,24.937500000000057,32.02525428921039,37.28282415257671
1,611.0,932.6666666666666,1141.25,3099.6666666666665,1882.375,1525.5,0.4617909,-0.53740597,0.9124759271914022,0.6926046721810716,1100,1,128,564.077655673027,26.450000000000045,31.904251220439487,37.41110357514898
1,672.2857142857143,861.4615384615385,1117.6923076923076,2764.0,1835.0,1371.1,0.4241211,-0.5247714,0.9292750099245735,0.6360997453857358,1100,1,308,564.077655673027,27.176666666666733,31.93470410857114,37.41137306973421
1,730.375,1056.5,1764.3333333333333,2655.0,3055.75,2447.8333333333335,0.2015387,-0.4306884,0.2867868230470564,0.30227384139673447,1101,2,90,390.7735140323639,30.356666666666683,32.446743820519266,37.408408629296616
1,509.25,808.3333333333334,930.75,3564.5,2469.0,1639.0,0.58589625,-0.6302931,1.2351975612615782,0.8787465940054495,1087,3,292,409.55252170562744,29.414000000000044,32.400660246443934,37.3992458133986
1,394.8333333333333,635.625,900.5,2589.0,2099.0,1406.3333333333335,0.48388022,-0.6057681,0.8389228399662145,0.7257163323782235,1075,3,68,390.7735140323639,30.970000000000027,32.42006385658092,37.42565628275172
1,718.0,1004.2,1358.0,2337.0,2225.0,1843.5,0.26495263,-0.3988986,0.4798078808076848,0.3973751860370721,1076,0,0,400.4129366874695,30.183333333333394,32.38287360381837,37.470392383900865
1,701.0,1033.5,1353.0,2192.3333333333335,2025.0,1484.0,0.23674314,-0.35923535,0.4151963855819016,0.35506462984723863,1068,1,308,388.59405982494354,30.005000000000052,32.411170535268134,37.4563786654686
1,1404.5,1921.6666666666667,2459.0,3537.5,3639.0,3017.0,0.17985491,-0.29598534,0.34751087481875303,0.26975987993996997,1077,4,162,387.56389117240906,29.810000000000002,32.44135392881455,37.56390700497771
1,485.2,793.0,1177.6666666666667,3795.5,2160.0,1710.5,0.5263916,-0.65435326,0.9060127823538912,0.7895080758662287,1083,2,148,387.56389117240906,30.090000000000032,32.40551114897818,37.58007668009186
1,736.1666666666666,1105.2,1640.6666666666667,2708.0,2539.0,2155.0,0.24543922,-0.4203294,0.37946931181190074,0.3681164974132975,1093,1,270,400.53844356536865,29.763333333333378,32.371824325823695,37.59489888227983
1,1445.7,1816.6666666666667,2201.6666666666665,3476.6666666666665,3711.9,3021.5,0.22453772,-0.313602,0.5453456707395314,0.33677692014204796,996,4,62,353.64130318164825,28.170000000000016,32.764747431097575,37.93850447845555
1,1117.1818181818182,1434.6896551724137,1830.7857142857142,3358.8888888888887,3580.3125,2774.0,0.29445067,-0.40141186,0.6403661963484373,0.44163345882482474,1001,4,18,355.50086522102356,28.002500000000055,32.803824145956774,37.935540038017955
1,1376.3333333333333,1753.8333333333333,2008.142857142857,3728.8,3485.75,2540.5,0.2999258,-0.36022228,0.7884015699170792,0.4498494849621908,1001,3,157,332.5259289741516,31.05000000000001,32.713812954488,37.93041964089847
1,1320.7272727272727,1637.1666666666667,1693.3333333333333,3177.222222222222,3438.1428571428573,2680.75,0.3046652,-0.319886,1.080679664787373,0.45695092325414294,1001,5,281,353.64130318164825,28.756666666666717,32.773101763239886,37.90185321486347
1,994.6666666666666,1308.05,1501.388888888889,2573.2,2992.0,2375.0,0.26304767,-0.32596457,0.6499711612061623,0.3945230915208393,998,1,232,345.81941187381744,29.098000000000013,32.801937683860125,37.889995453113094
1,1682.7142857142858,1877.6666666666667,2066.4285714285716,2976.0,3726.8,3310.5,0.18038361,-0.2262894,0.8253182277759051,0.2705485757992096,997,3,180,355.50086522102356,29.736666666666736,32.83643299077031,37.90643462281248
1,1626.7142857142858,1962.0,2272.1428571428573,3290.4,3658.6666666666665,3019.6,0.18305606,-0.25291297,0.5388858479525085,0.2745594009444985,1003,7,20,361.20742762088776,26.555000000000007,32.754237142273375,37.98135411750805
1,1195.75,1441.5,1697.5,3745.3333333333335,2964.5,2021.0,0.37624398,-0.44416952,1.0315068378149215,0.5643141457440294,1002,1,128,361.20742762088776,26.476666666666688,32.79439183547352,37.9907864279913
1,931.6,1246.4,1438.3333333333333,3867.0,3001.0,1978.0,0.45777833,-0.5124966,1.1017359220952037,0.6866027956651486,1003,3,157,362.3491921424866,26.985500000000002,32.73052161877262,38.00857307061687
1,1383.6666666666667,1697.6,1959.625,3752.0,3537.5,2678.6666666666665,0.31381175,-0.3769818,0.8729240734427507,0.4706764120182944,1002,1,308,362.3491921424866,27.463333333333367,32.71569941658465,38.0252817349015
1,798.1428571428571,1189.3333333333333,1262.6,3734.1111111111113,2900.0,1931.6666666666667,0.49462757,-0.5168694,1.1604123745760575,0.7418671303326967,1003,1,52,332.6455657482147,28.690000000000055,32.692522882254366,37.99186440633225
1,1633.4,2075.818181818182,2331.0,3635.0,3784.8,2964.25,0.2185719,-0.2730225,0.6069068230475658,0.3278303863236403,1003,2,270,354.3103936910629,29.906666666666695,32.6604530266113,38.01746639192965
1,989.0714285714286,1306.5454545454545,1422.857142857143,3362.5,2918.3333333333335,1968.5,0.40532875,-0.44033724,1.0817604550923012,0.6079296140413719,1000,1,128,354.3103936910629,28.150000000000034,32.68848046347583,38.00884256520211
1,837.7916666666667,1189.5,1275.475,3955.666666666667,3041.25,2204.5,0.5123531,-0.5376243,1.2580509896664138,0.7684562047923136,1004,3,157,374.95569598674774,26.470000000000027,32.77983912787079,38.044685345038474
1,927.5555555555555,1252.0,1509.7777777777778,3771.25,3135.75,2226.25,0.4282258,-0.50151795,0.9624514713462238,0.6422778552081416,1003,2,0,373.69440841674805,26.685333333333347,32.81325645644003,38.032558088702864
1,1552.4166666666665,1918.5,2212.0,3554.375,3941.5,3234.75,0.23279357,-0.29890597,0.6473332690360223,0.3491600736967595,1004,1,90,363.7734749317169,26.856666666666683,32.71623840575512,38.06705339561305
1,917.4,1315.0,1759.0,3694.3333333333335,3057.0,2191.5,0.35489,-0.47498003,0.6565942143713388,0.5322861595819454,1005,1,0,363.7734749317169,27.55000000000001,32.72998262960215,38.094811337892345
1,972.6666666666666,1305.0,1698.0,4122.333333333333,2962.5,2001.6666666666667,0.41652825,-0.51910084,0.8638177585633522,0.624738725841088,1006,5,166,377.20636236667633,27.890000000000043,32.82241927233805,38.094811337892345
1,876.3333333333334,1271.0,1767.875,4233.333333333333,3082.0,2029.0,0.41082698,-0.538182,0.7453844138306343,0.6161891405919148,1007,4,255,381.71300518512726,29.010000000000048,32.783073062893614,38.09966224042659
1,608.6363636363636,996.8,955.0,4194.166666666667,2581.25,1556.0,0.62906617,-0.6159482,1.5106943180340653,0.9435076703993787,1006,3,232,377.20636236667633,28.750000000000057,32.84802125793546,38.05061422591366
1,542.8888888888889,919.5,641.8,4416.833333333334,2578.0,1405.6,0.7462556,-0.6553813,2.248667688568729,1.1192727344604476,1004,1,180,378.53088116645813,28.930000000000007,32.89248786449937,38.039025958748525
1,539.7272727272727,931.4545454545455,875.0,4139.5,2703.5,1563.0,0.65101206,-0.6326315,1.5275958004356114,0.9764207377866401,1002,1,52,378.53088116645813,27.99000000000001,32.863651943879134,38.0012967168155
1,540.2,978.8333333333334,689.0,4586.0,2573.375,1351.0,0.73876774,-0.6482075,2.0864118213941536,1.1080466306511232,1004,2,212,373.69440841674805,27.650000000000034,32.805980102638664,38.01450195149206
1,547.8,857.7777777777778,1191.5,3611.5,2285.5,1581.3333333333333,0.5038518,-0.6161448,0.9093641966030362,0.7556989695014052,1003,3,23,372.8585475683212,27.40500000000003,32.68497703386776,38.150596717036166
1,421.75,615.0,730.0,3408.0,1955.5,1313.0,0.6471726,-0.69425803,1.4472937552354959,0.9706415367886916,984,2,128,385.45362651348114,28.470000000000027,32.64428335149715,38.16649689756508
1,674.0,1051.5714285714287,1452.5,2673.0,2328.0,1670.6666666666667,0.29584292,-0.43533292,0.4817256078307547,0.44371061560833736,991,1,180,385.45362651348114,26.988,32.61544743087691,38.183744551020176
1,1237.125,1705.0,1941.6666666666667,4199.5,3339.0,2610.0,0.36765543,-0.42247438,0.8588754798563363,0.5514382632293079,986,2,232,372.8585475683212,28.53000000000003,32.67689219631069,38.193715850673904
1,1387.4,1820.25,2134.3333333333335,3856.0,3836.0,2767.0,0.2874075,-0.35864347,0.687841257158077,0.43107525386006385,991,3,232,374.1576043367386,26.460000000000036,32.73052161877262,38.17970213224164
1,604.5833333333334,993.2631578947369,1188.5714285714287,3302.2,2323.2,1711.75,0.47066048,-0.5375292,0.8955668370185056,0.705912102522671,1015,4,0,388.3866539001465,28.255000000000052,32.75558461519956,38.16541891922414
1,605.2727272727273,863.2,1181.6666666666667,3750.5,2374.0,1718.75,0.52083266,-0.6258101,1.0190621476261572,0.7811697526692795,987,1,0,399.8088867664337,27.200000000000045,32.76771187153517,38.20126169906051
1,1223.5,1646.25,2167.5,4077.8,3130.5,2265.0,0.305878,-0.4247954,0.6039481255256054,0.4587803003618432,987,2,52,399.8088867664337,26.443333333333328,32.76636439860899,38.2319840817774
1,630.1458333333333,961.1,1419.25,4268.0,3003.0,1947.0,0.50090116,-0.63240325,0.883782075394871,0.7512856577732847,979,2,232,419.18754160404205,26.79000000000002,32.74264887510824,38.25111819732914
1,1178.25,1635.3333333333333,2042.0,4073.3333333333335,3388.0,2534.0,0.3321705,-0.42706996,0.6780641679694237,0.4982150156697098,981,1,0,386.7058471441269,28.690000000000055,32.725940210823616,38.228750146754564
1,864.8095238095239,1253.7058823529412,1559.857142857143,3492.6666666666665,3002.5,2224.6,0.38254339,-0.4717204,0.7589481045463216,0.5737582871170963,981,2,308,421.636158823967,28.416666666666686,32.68740248513488,38.257855561960035
1,538.6666666666666,869.75,1187.0,4157.75,2708.5,1754.25,0.5558258,-0.65400296,1.0257052100956394,0.8336607268135261,986,2,308,437.62108039855957,27.560000000000002,32.69548732269196,38.30016621184207
1,860.0,1318.0,1752.8,3833.2,3100.5,2332.5,0.37243107,-0.48827457,0.6582711049234273,0.5585966168441778,982,1,270,443.9139949083328,27.75400000000002,32.702763676493326,38.320647800319996
1,474.1111111111111,797.4285714285714,1001.0,3904.625,2256.0,1455.5,0.5918971,-0.6608169,1.1421177534925495,0.8877551020408163,989,1,0,399.8088867664337,26.55000000000001,32.79843425425206,38.235218016800225
1,794.0,1238.1818181818182,1692.7142857142858,3596.6666666666665,2802.5,2258.0,0.35995752,-0.48780945,0.6103231203214108,0.5398852256104422,983,3,291,423.4827206134796,26.49000000000001,32.81783786438904,38.26082000239763
1,808.1666666666666,1180.0,1674.0,4317.833333333333,3087.25,2065.3333333333335,0.44123948,-0.57074,0.7961834589787089,0.6618039717416698,980,2,212,413.67036378383636,27.430000000000007,32.7739102469956,38.266479388687586
1,1118.0,1572.5,2083.6666666666665,3762.0,3504.6666666666665,2875.0,0.28710726,-0.41044146,0.5324661590524535,0.43062405564900086,975,2,148,413.67036378383636,27.460000000000036,32.7784916549446,38.293159352625935
1,739.8333333333334,1046.8333333333333,1567.6,4204.666666666667,3035.0,2033.5,0.45685115,-0.60132027,0.8176934001170024,0.6852173712200391,978,2,128,423.4827206134796,28.05000000000001,32.801668189274885,38.28857794467692
1,805.6666666666666,1116.2,1514.0,3353.6666666666665,2610.6666666666665,1832.0,0.37793604,-0.5005668,0.7190504729395211,0.5668458351877845,979,2,308,423.4827206134796,27.11666666666673,32.83804995828173,38.29693227681924
1,1142.3333333333333,1555.5,1950.0,4119.333333333333,3111.0,2214.0,0.3574253,-0.45179006,0.747753751407496,0.5360937971937725,971,2,232,433.691338121891,27.77000000000004,32.8024766730306,38.30528660896155
1,738.0,990.25,1315.6666666666667,4129.4,2510.0,1674.5,0.5167491,-0.61315715,1.0839728377559301,0.7750524891808014,970,1,0,433.691338121891,27.190000000000055,32.837241474526024,38.314179930274335
1,1587.5,2139.6666666666665,2577.5,4274.125,3724.0,2819.5,0.24762374,-0.33279195,0.5414386239249414,0.3714085046609628,967,1,0,433.691338121891,27.936666666666667,32.818646348144746,38.33520050792273
1,732.3333333333334,1179.8333333333333,1234.0,4127.0,2842.5,1750.6666666666667,0.5396381,-0.55535316,1.1975329083533406,0.8093817028816561,965,2,308,433.691338121891,28.450000000000045,32.847212774179745,38.328193648706595
1,613.5555555555555,915.8888888888889,1375.375,4063.0,2861.6666666666665,1877.0,0.49419633,-0.63209105,0.870955981636511,0.7412263565535152,967,1,270,440.30083763599396,26.936666666666724,32.759088044807626,38.32280375700188
1,660.8,1065.5714285714287,1441.625,3702.6666666666665,2700.0,1844.0,0.43952438,-0.55305445,0.7641321857855783,0.6592225146790849,972,0,0,443.9139949083328,27.48333333333335,32.73079111335786,38.328463143291835
1,723.2,1125.5,1326.5,4069.25,2311.5,1329.0,0.50831676,-0.56667787,1.0380946973997958,0.762404447533009,967,0,0,440.30083763599396,27.95500000000004,32.770676311972764,38.34193787255363
1,669.6,1054.0,1448.0,3990.0,2866.0,1936.75,0.46745127,-0.58207774,0.8299595141700405,0.7011124390916612,983,2,90,442.86879646778107,28.446000000000026,32.748308261398186,38.372121266100045
1,1182.142857142857,1623.3333333333333,2144.2,3767.0,3430.5,2649.0,0.2745297,-0.39768723,0.5223294506703159,0.41175973070352023,982,2,147,457.5656374692917,27.422000000000025,32.78010862245602,38.386134984532305
1,1563.75,2098.5,2534.125,4307.0,3989.5,2954.0,0.25914964,-0.34478182,0.5693514459591824,0.3886960334715802,966,2,33,472.3641996383667,28.213000000000022,32.801668189274885,38.37319924444098
1,1497.3333333333333,1960.0,2454.5,4242.0,3975.5,3204.5,0.2669305,-0.36794582,0.5773578811369509,0.40036583544870835,966,2,0,497.71584963798523,29.406000000000006,32.816490391462864,38.40661657301023
1,542.6666666666666,813.5,1223.0,3899.0,2636.75,1619.5,0.5224522,-0.654748,0.9333147321428571,0.7836017569546119,1027,4,118,430.0507878065109,27.180000000000007,32.628383170968235,38.29235086887023
1,684.25,1036.5,1542.5,3179.5,2408.25,1679.0,0.34667513,-0.50830173,0.5603381882284482,0.5199576495500264,1047,2,213,436.11857664585114,27.390000000000043,32.630000138479645,38.32684617578042
1,941.0,1375.3,1822.8,3753.6666666666665,2915.25,2352.6666666666665,0.3462527,-0.46371263,0.6323274488142906,0.5193324925736214,1045,1,180,436.11857664585114,28.120000000000005,32.615986420047385,38.34193787255363
1,669.5,1050.2,1490.0,2922.3333333333335,2670.5,1923.0,0.3246204,-0.47126937,0.5233542415200049,0.48687540129168716,1055,1,0,452.5681965351105,27.880000000000052,32.64347486774144,38.36080249352013
1,681.25,1049.6666666666667,1330.0,2722.0,2513.0,1945.0,0.34353405,-0.44339374,0.6221368075264252,0.5152375077112893,1068,2,270,451.06856405735016,28.33000000000004,32.59065392903521,38.36484491229867
1,562.0,921.0,1254.5,3617.6666666666665,2710.5,1759.0,0.48503405,-0.59415394,0.8524312235475183,0.7274763989601861,1012,0,0,442.86879646778107,29.370000000000005,32.713004470732294,38.372121266100045
1,542.4285714285714,860.0833333333334,1245.5,3412.5,2309.75,1596.5,0.46522114,-0.5973942,0.7945545591686222,0.6977567886658795,1023,0,0,438.6737539768219,28.07400000000007,32.68659400137918,38.39395032750414
1,661.75,1015.2802197802198,1387.0,3230.75,2634.166666666667,1951.0,0.39927453,-0.52177435,0.6993835941204363,0.5988469658420397,1042,2,308,452.5681965351105,28.430000000000007,32.64536132983809,38.39529780043033
1,987.0,1515.2,1829.8,3739.75,3220.0,2398.0,0.34292716,-0.42332467,0.6525683164663355,0.514344575003815,985,3,111,476.69422566890717,29.463333333333367,32.771215301143236,38.40769455135118
1,496.25,750.3333333333334,1074.2,2636.5,2038.5,1566.0,0.4210257,-0.5569116,0.728572561126319,0.6314534382410002,1043,2,232,449.32849407196045,29.450000000000045,32.53028714194238,38.305825598132024
1,731.4,1122.0,1363.75,2827.0,2549.5,2044.5,0.34916183,-0.4317549,0.6621040723981901,0.5236802863107665,1050,2,213,449.32849407196045,28.710000000000036,32.543761871204175,38.34975321552547
1,698.0,1032.0,1583.0,4255.5,2835.0,1879.5,0.45773745,-0.60964537,0.7842302952051177,0.6865473539989725,1027,2,128,464.8587095737457,29.07666666666671,32.73725898340352,38.43653047197141
1,552.5714285714286,808.2,1053.0,3040.166666666667,2145.0,1615.25,0.48548394,-0.57997763,0.9526423924209564,0.7281369595309829,1000,4,0,440.50392377376556,28.460000000000036,32.45024725012733,38.448657728307026
1,549.6666666666666,888.9285714285714,879.0,3614.5,2486.0,1514.0,0.6087682,-0.6052214,1.434602475351374,0.9130507343124166,1004,2,128,435.7403596639633,26.823333333333323,32.47827468699186,38.46401891966547
1,540.5,803.8571428571429,741.0,4045.5,2407.0,1295.75,0.6903792,-0.6684686,1.8611658687693609,1.0354606225193232,1008,2,128,455.9682881832123,27.49000000000001,32.501990210492615,38.4815360677058
1,470.57142857142856,798.0,932.1428571428571,2867.0,1770.6666666666667,1230.75,0.50928783,-0.56452936,0.9808522348715274,0.7638311871416487,1110,3,308,514.2705198526382,26.853333333333353,32.27992667225827,38.2214737929532
1,481.0,777.3333333333334,970.0,2929.5,1741.6666666666667,1325.0,0.5025003,-0.5805944,0.9525082636593428,0.7536538461538462,1078,1,0,534.7694355249405,27.163333333333355,32.28450808020728,38.25030971357344
1,532.0,876.4,1252.1666666666667,2382.0,1961.5,1509.0,0.310892,-0.46206728,0.47825657523422505,0.46627384446074827,1061,2,232,534.7694355249405,27.203333333333376,32.281004650599215,38.27133029122183
1,545.8333333333334,921.6666666666666,1261.75,2718.0,1856.0,1550.0,0.36591494,-0.49354336,0.5876003712222088,0.5488034671188996,1036,3,69,522.7004826068878,26.220000000000027,32.297174325713364,38.30124419018301
1,801.5,1243.75,1591.0,3278.0,2757.3333333333335,2105.0,0.34647772,-0.44988114,0.618968996514401,0.5196632097751309,1036,5,101,510.27454936504364,26.82000000000005,32.340832448521574,38.26944382912518
1,548.8333333333334,920.8333333333334,1121.8,2920.0,1972.0,1488.6666666666667,0.44490078,-0.52050334,0.8121144240409717,0.6672686341934048,1024,3,111,501.9471628665924,27.0266666666667,32.32493226799266,38.319839316564284
1,666.7142857142857,1065.0,1196.6666666666667,2610.5,2153.0,1704.0,0.37136102,-0.42048702,0.7377328204822389,0.556968397093583,1019,2,270,501.9471628665924,27.162000000000035,32.30472017409997,38.34678877508787
1,607.8571428571429,1012.75,1049.3333333333333,3140.0,2073.0,1404.25,0.4990452,-0.5122509,1.0714616920230966,0.748478459763714,1011,1,90,489.23616194725037,27.9283333333334,32.30660663619662,38.38128408199806
1,780.0,1139.4,1395.5,3218.3333333333335,2711.25,1901.0,0.39508,-0.4770676,0.7935943576943171,0.5925558043776638,1016,1,90,483.0912085175514,28.590000000000032,32.3041811849295,38.40230465964646
1,461.0,775.5,1067.0,3003.5,2127.75,1441.5,0.47574008,-0.589574,0.8137922339889058,0.7135224760501105,1023,2,308,489.23616194725037,28.485000000000014,32.336790029743035,38.39637577877127
1,681.0,1043.0,1324.0,2834.0,2039.0,1620.0,0.36315536,-0.46195513,0.6656087454817949,0.5446675483948539,1025,1,0,522.7004826068878,26.403333333333364,32.29097595025294,38.32981061621801
1,471.0,885.3333333333334,1010.0,2578.0,1990.3333333333333,1515.0,0.43701226,-0.48873916,0.7676490747087046,0.655427058659607,1022,0,0,522.7004826068878,27.810000000000002,32.262140029632704,38.33789545377509
1,543.125,865.8333333333334,1105.6,2381.0,2156.5,1682.5,0.3658005,-0.4666598,0.6451629221014082,0.5486220641794042,1021,2,308,498.81441593170166,27.100000000000023,32.23572956027959,38.324151229928056
1,535.3333333333334,796.8,1119.0,2528.0,2230.5,1653.0,0.38634494,-0.52069294,0.6737758224942616,0.5794379712131597,1040,1,180,524.3524463176727,28.025000000000034,32.22252432560303,38.29181187969976
1,384.0,807.5,929.5,2786.0,2000.5,1452.0,0.49966356,-0.5505774,0.8463256746900073,0.7493945102260495,1073,4,90,524.3524463176727,27.476666666666688,32.208780101756005,38.272408269562774
1,527.1428571428571,803.8571428571429,1072.5,2726.0,2130.3333333333335,1704.0,0.43530342,-0.54453844,0.7936654872596616,0.6528691760989734,1061,0,0,529.1397154331207,28.410000000000025,32.18236963240289,38.25839455113051
1,617.75,938.75,1245.75,2648.1666666666665,2512.0,1903.0,0.3601558,-0.47656995,0.6385602513413219,0.5401643378340786,1023,3,249,522.4386384487152,27.4614285714286,32.159193098072606,38.31310195193339
1,722.75,1112.75,1495.75,2672.75,2819.0,2268.0,0.28235576,-0.4120988,0.47249151964031233,0.4234828496042216,1037,3,23,529.1397154331207,28.403333333333364,32.15029977675982,38.293159352625935
1,602.0,920.0,1269.3333333333333,2671.0,2353.0,1815.0,0.35572287,-0.4876079,0.6069923205727814,0.5335165997039544,1085,4,62,512.4803121089935,27.674000000000035,32.15811511973166,38.24545881103919
1,537.0,800.5384615384615,1001.5,2390.0,2103.0,1506.0,0.40940586,-0.4981797,0.7938822184105203,0.6140182783018868,1095,2,308,521.8824008703232,26.750000000000057,32.13520807998662,38.23791296265259
1,528.4285714285714,914.8,1192.0,2815.0,2324.5,1806.5,0.4050412,-0.5094643,0.6757110400038067,0.6074859638178416,1051,2,0,565.3536994457245,28.430000000000007,32.07322432538237,38.26567090493188
1,738.5,1136.0,1618.3333333333333,2451.5,2959.0,2354.0,0.20471764,-0.3666899,0.31446184814744926,0.30703873556629274,1050,2,180,565.3536994457245,27.11666666666673,32.05624616651251,38.27402523707419
1,591.5,1007.6666666666666,1580.6,3127.0,2931.0,2391.0,0.3284901,-0.5125766,0.4728849529377948,0.4926828232195578,1057,2,180,563.3276499509811,27.177999999999997,32.04034598598359,38.27294725873325
1,621.75,1016.6666666666666,1296.25,2725.5,2095.5,1709.5,0.35538012,-0.45664278,0.6117448156312196,0.5330039157188141,1018,1,0,563.3276499509811,27.170000000000016,32.010432087022416,38.27995411794938
1,604.0909090909091,928.6363636363636,1044.25,2663.3333333333335,1977.0,1566.0,0.43669507,-0.4829375,0.9201111440222631,0.6549542665797694,1016,2,232,563.3276499509811,26.733333333333405,32.01663046248284,38.26162848615334
1,448.33333333333337,824.0,541.8333333333333,5026.5,2289.5,1280.1666666666665,0.8053876,-0.71831465,2.2806482234879306,1.2079729446622574,1024,4,128,510.92511761188507,25.903333333333364,31.984291112254535,38.241146897675414
1,539.875,927.2142857142857,1242.5,2853.75,2172.875,1648.0,0.39334756,-0.50953555,0.6433997863653153,0.5899493500945872,1032,0,0,516.5351328849792,25.898000000000025,31.94171096778727,38.245728305624425
1,660.8,1095.142857142857,1370.5,4227.5,2765.3333333333335,1944.75,0.51036084,-0.58849657,0.9529050763791608,0.7654728945253193,1026,0,0,510.6761325597763,26.49000000000001,31.95410771870812,38.28022361253461
1,728.3636363636364,1182.6666666666667,1436.6666666666667,3024.3333333333335,2325.75,1940.25,0.35589927,-0.43776247,0.6419892562712595,0.5337890843886586,1026,2,232,510.92511761188507,25.730000000000018,31.99129797147067,38.22982812509551
1,551.2727272727273,993.3,1146.3333333333335,3635.6666666666665,2187.0,1681.5,0.52056324,-0.57083297,0.9754255642526024,0.7807631991636172,1026,4,320,511.71335649490356,25.55000000000001,31.898861328734768,38.30124419018301
1,604.8695652173913,929.0454545454545,999.5,3709.75,2584.6,1759.1666666666665,0.5755163,-0.5994454,1.3102544807915029,0.8631827591698074,1027,0,0,536.7537612915039,25.850000000000023,31.877032267330666,38.29693227681924
1,831.4047619047619,1184.8166666666666,1472.5238095238096,2576.2,2735.714285714286,2178.6,0.27259853,-0.36994871,0.5329907798472948,0.4088473158289007,1024,1,0,492.4894995689392,25.870000000000005,31.918534433456987,38.305825598132024
1,537.75,938.0,922.3333333333334,3875.5,2234.0,1458.0,0.6155209,-0.6102628,1.3729592350666757,0.9231851337269886,1026,4,105,510.6761325597763,27.30000000000001,31.985099596010244,38.299088233501124
1,413.90909090909093,793.6666666666666,618.0,4349.0,2540.3333333333335,1398.0,0.75115764,-0.69134045,1.8829428983033742,1.1266230498238552,1029,1,180,543.7486449480057,27.965000000000032,32.012049054533826,38.30232216852396
1,592.625,940.6666666666666,1043.8,3340.6666666666665,2922.3333333333335,2047.25,0.52386457,-0.56057304,1.1128706251155778,0.7857072269648573,1026,3,157,510.6761325597763,25.522000000000048,31.954377213293355,38.25974202405669
1,338.0,593.7142857142857,529.6666666666666,3634.5,2003.4,1133.6666666666667,0.7456074,-0.71916544,1.8142066923766118,1.1182767728509684,1036,5,300,522.6233458518982,25.640000000000043,31.923924325161703,38.263784442835224
1,771.0470588235294,1183.642857142857,1511.6666666666667,3441.8,2861.0,2221.0,0.38965303,-0.48820344,0.7169942484178853,0.5844205653382137,1039,2,0,516.5351328849792,26.27000000000004,31.925271798087884,38.24545881103919
1,421.625,859.5,942.0,3435.5,2133.0,1360.0,0.5696174,-0.59976715,1.0518766939812911,0.8543284604842394,1089,4,90,501.4291775226593,26.883333333333326,31.703477754438772,38.31633588695622
1,476.3333333333333,877.5,1041.5,3301.0,2055.0,1526.0,0.5203224,-0.57999283,0.9448440244208413,0.7803937370481233,1067,2,128,513.5162637233734,27.480000000000018,31.67706728508566,38.3176833598824
1,340.2,739.8,922.6,3553.5,2046.5,1462.8,0.5877661,-0.65537,1.0059110512953844,0.8815507304650851,1080,4,118,513.5162637233734,28.000000000000057,31.66197558831245,38.308251049399146
1,717.25,1053.2,1356.5,3413.5,2561.0,1948.0,0.4312369,-0.5284214,0.83291154617051,0.6467875484750026,1027,2,180,530.4129685163498,26.826000000000022,31.635565118959338,38.336817475434145
1,668.6666666666666,1062.0,1173.4,3158.0,2414.0,1720.0,0.45818904,-0.49668247,0.9570056322814595,0.687204229091161,1014,1,180,524.0784007310867,26.883333333333326,31.62047342218613,38.35271765596306
1,433.2,854.25,604.0,4997.0,2637.0,1325.0,0.7843242,-0.7080111,2.0440163781872327,1.1763813264304204,1018,2,308,524.0784007310867,27.360000000000014,31.625324324720374,38.36700086898056
1,671.6,1117.0,1430.0,3276.25,2780.75,2098.5,0.39229748,-0.49149263,0.6767530515743558,0.588383704254528,1178,4,285,522.2323778867722,25.95666666666665,31.73231367505901,38.27779816126749
1,700.3333333333333,1122.2,1505.25,3618.5,2948.5,2309.5,0.41244206,-0.5265678,0.7140805568696357,0.6186027223496121,1207,2,128,522.2323778867722,26.626666666666665,31.71856945121198,38.252196175670086
1,473.6,888.2380952380952,1075.5,2426.083333333333,2353.5,1669.5,0.38570645,-0.46400002,0.6337097455307568,0.5784770969660915,1231,3,157,475.2970042228699,26.160000000000025,31.719647429552925,38.23818245723782
1,564.8333333333334,1020.3,1219.9166666666665,2965.5,2563.5,1946.25,0.4170632,-0.48803252,0.7213452346515697,0.6255200971511619,1124,1,90,553.899410367012,26.545999999999992,31.81100609394788,38.282918558386974
1,660.0,1186.0,1495.3333333333333,3280.6666666666665,2756.0,2170.0,0.3738135,-0.46895522,0.6111085756012962,0.5606615722809589,1095,2,128,553.899410367012,25.52000000000004,31.83849454164194,38.295315309307824
1,429.55555555555554,677.4285714285714,942.3333333333334,3535.5,2198.0,1497.0,0.57911193,-0.6784049,1.0861279423672967,0.8685708969110532,1096,2,52,536.7537612915039,27.210000000000036,31.852508260074202,38.27968462336414
1,783.5,1187.3205128205127,1450.6666666666667,3173.6666666666665,3012.0333333333333,2345.5,0.37259424,-0.45548084,0.7176276222077218,0.5588309488630221,1029,2,180,505.7818965315819,24.29000000000002,31.861940570557458,38.382092565753766
1,728.6,1199.0,1575.75,3070.833333333333,2906.5,2017.3333333333335,0.32175973,-0.43838558,0.5292830001652074,0.4825876445799336,1024,3,69,495.83316695690155,25.156666666666695,31.86355753806887,38.40095718672028
1,825.7,1091.75,1183.6666666666665,2527.0,2600.5,2204.0,0.3620194,-0.39661485,0.9770407544791138,0.5429559437732969,1025,2,270,495.83316695690155,25.934000000000026,31.887273061569626,38.40742505676594
1,605.625,990.9090909090909,1026.8333333333333,3032.8,2239.5,1720.25,0.4941251,-0.5074648,1.0778711243772543,0.7410963515155496,1021,2,232,495.83316695690155,26.83400000000006,31.880805191523965,38.427637150658626
1,936.5714285714286,1497.4285714285713,1573.6,3270.0,2963.0,2404.5,0.35023537,-0.3718087,0.7455635865006456,0.5252988171177309,1024,1,90,502.4200641512871,27.470000000000027,31.84604039002854,38.42655917231768
1,605.5882352941177,994.8888888888889,975.3333333333334,3888.5,2360.25,1560.0,0.5989446,-0.59254164,1.4006718103620575,0.8983245391626122,1021,2,33,495.83316695690155,26.306666666666672,31.86436602182458,38.43437451528953
1,1163.0,1559.5,2020.25,3421.1666666666665,3662.5,2532.5,0.2574544,-0.3737786,0.5134446697778973,0.3861461188613081,1004,2,213,524.0784007310867,27.950000000000045,31.633678656862685,38.398531735453155
1,806.8571428571429,1198.0,1505.0,2968.0,2672.0,2154.0,0.32707354,-0.424868,0.6149568851632119,0.49055549346149546,1028,2,180,503.3149663209915,27.29000000000002,31.677875768841368,38.42736765607339
1,937.0,1310.5,1695.0,3099.6666666666665,2870.5,2082.0,0.2929644,-0.4056914,0.562481646600283,0.4394007855131904,1035,2,0,503.3149663209915,27.630000000000052,31.66871295294335,38.411197980959244
1,741.25,1256.0,1138.0,3753.5,2438.0,1568.0,0.5347031,-0.49855274,1.3017295010576087,0.801972608340147,998,1,0,521.5217486619949,26.810000000000002,31.59756638244108,38.42251675353915
1,857.5,1246.25,1522.3333333333333,4124.666666666667,2926.3333333333335,2240.0,0.46083465,-0.5359265,0.952758692229775,0.6911907923860117,1009,0,0,522.5058596134186,26.57666666666671,31.642302483590235,38.44704076079561
1,853.1666666666666,1237.8333333333333,1658.5,3495.0,2820.5,2418.0,0.35635975,-0.47691658,0.6514028304898379,0.534487776484284,1005,3,291,499.7345781326294,27.126000000000033,31.655238223681554,38.46401891966547
1,916.0,1299.5,1726.0,3560.0,2901.0,2386.5,0.34695423,-0.4651713,0.6506314743862636,0.5203821053627163,1031,4,270,499.7345781326294,27.981666666666683,31.69188948727363,38.4500052012332
1,746.75,1111.25,1492.0,3367.6666666666665,2758.5,2096.0,0.38596612,-0.50378627,0.6977883321655992,0.5788896128390659,983,2,0,524.5908128023148,27.11500000000001,31.5781627723041,38.46374942508023
1,1075.0,1530.0,2028.0,3780.0,3152.0,2802.5,0.30165288,-0.42372882,0.5553794458885437,0.45244038908496176,1004,3,111,499.7345781326294,27.903333333333364,31.652004288658723,38.48692595941051
1,1078.0,1423.5,1782.8,3313.0,3215.0,2471.0,0.3002865,-0.39892325,0.64556684329542,0.45038557384769345,961,2,52,524.5908128023148,27.470000000000027,31.564957537627542,38.49204635653
1,855.0,1201.75,1458.0,3716.0,2873.5,1981.0,0.43641284,-0.5112602,0.932672449401074,0.6545559957483815,983,2,180,521.2365399599075,27.55666666666673,31.61077161711764,38.47803263809773
1,724.4,1060.0,1551.0,2321.5,2825.0,2454.3333333333335,0.19896707,-0.3730593,0.31091114518602214,0.2984120836560806,1025,2,232,522.4386384487152,28.470000000000027,32.19287992122709,38.31471891944481
1,1299.0,1760.3333333333333,2477.75,3286.0,4094.0,3368.0,0.14022988,-0.30233172,0.2402360004755677,0.2103265819490827,1023,0,0,534.6975518465042,26.223333333333358,32.144370895884634,38.34409382923551
1,855.1666666666666,1139.3333333333333,1434.3333333333333,2855.0,2829.0,2130.75,0.3312092,-0.42952517,0.7035441324551412,0.4967558957224446,1018,0,0,498.81441593170166,28.075000000000045,32.21821241223926,38.343285345479806
1,879.8571428571429,1230.8,1695.0,2914.8333333333335,3075.0,2092.6666666666665,0.2646155,-0.4062186,0.4701137823453845,0.3968801966596775,1013,0,0,489.39295852184296,28.060000000000002,32.21848190682449,38.36511440688391
1,673.3333333333334,1080.6666666666665,1431.5,3434.5,2506.5,1849.0,0.41163173,-0.52131706,0.7179726145243387,0.6173841569916778,1003,2,180,498.6388018131256,27.463333333333367,32.19557486707945,38.3890994249699
1,678.5,1050.0,1165.3333333333333,3006.5,2472.3333333333335,1827.1666666666665,0.44133276,-0.48231235,0.9373143952892464,0.661919789086842,993,1,90,480.408997297287,26.55333333333334,32.219020895994966,38.400418197549804
1,671.5,1155.5,1532.75,3268.75,2806.5,2182.0,0.36155367,-0.47765157,0.5841184387617766,0.5422740524781341,1024,2,232,499.72493344545364,28.99000000000001,32.29097595025294,38.38586548994707
1,452.5,736.8333333333333,1076.0,3416.0,2228.6666666666665,1401.0,0.5209261,-0.6451419,0.9028822780414401,0.7813021702838063,990,2,270,482.05557429790497,26.512500000000045,32.28450808020728,38.47237325180778
1,349.05882352941177,613.0,814.75,2698.5,1869.5,1282.0,0.53618443,-0.62977505,0.9475491472464523,0.8041622198505869,1014,2,180,453.0586932897568,28.160000000000025,32.41386548112049,38.431949064022405
1,462.25,847.1666666666666,1074.75,2479.0,2194.3333333333335,1540.0,0.39514598,-0.4906048,0.6427803080584991,0.5926355771259759,1002,2,147,470.4271340370178,28.160000000000025,32.36077504782903,38.42709816148815
1,996.25,1314.5,1760.5,3087.5,3095.0,2488.75,0.27372113,-0.40277147,0.5368448732730545,0.41053934206455606,995,3,249,480.408997297287,27.190000000000055,32.2260277552111,38.429793107340515
1,1000.0,1368.0,1784.25,2789.833333333333,3329.75,2735.0,0.21984369,-0.34196496,0.4192492634387681,0.32972948355952264,986,3,69,480.408997297287,27.450000000000045,32.20527667214794,38.43302704236334
1,890.0,1269.0,1547.5,2948.5,2869.0,2261.0,0.3116103,-0.3982217,0.63000269808436,0.46736350494829315,981,1,90,486.6600561738014,27.486666666666736,32.150569271345056,38.41497090515254
1,855.6666666666667,1260.0,1743.6666666666667,3041.5,2935.5,2535.5,0.2712201,-0.41415784,0.45782183340388505,0.4067876297276589,988,2,308,510.4600039720535,28.120000000000005,32.127931726185246,38.41874382934584
1,619.6,1014.25,1309.0833333333335,2900.166666666667,2484.5,1850.0,0.37799686,-0.4817874,0.6511581905489467,0.566927964843518,1004,4,140,510.4600039720535,28.11666666666673,32.13170465037855,38.44165086909089
1,779.6666666666666,1138.6666666666667,1525.0,2620.0,2610.0,2002.6666666666667,0.26417372,-0.3941114,0.46214231451000254,0.3962127608249909,980,4,198,477.25871282815933,28.05000000000001,32.156767646805484,38.466983360103065
1,832.0,1331.3333333333333,1788.0,3226.5,2960.5,2378.0,0.2868681,-0.4158043,0.46610718683170244,0.430259222333001,978,1,0,477.25871282815933,27.180000000000007,32.18452558908478,38.45889852254599
1,611.4444444444445,1051.8,1450.6,2907.5,2206.25,1716.0,0.33429706,-0.46869397,0.5183762832798832,0.5013880603863625,969,2,232,520.9051851630211,27.630000000000052,32.13170465037855,38.552143649037596
1,539.0,868.8,1023.875,2945.0,2106.6666666666665,1629.5,0.48404774,-0.5443914,0.9516644375092882,0.7259801606046292,1002,4,105,521.6345893144608,29.130000000000052,32.065678476995764,38.57181675375981
1,683.8,991.0,1322.5,3147.0,2546.3333333333335,2045.0,0.4082112,-0.52102464,0.7660172978419683,0.612248322147651,982,2,213,519.3610652685165,27.54000000000002,32.1050246864402,38.541363865628156
1,662.8333333333334,1036.142857142857,1236.75,3146.6666666666665,2822.0,1903.0,0.43571416,-0.50457084,0.8531110879502107,0.6534966829509381,1013,1,270,521.6835088133812,27.420000000000016,31.864096527239344,38.56319292703226
1,680.0,1062.6666666666667,1484.5,3149.25,2558.5,1924.0,0.35926625,-0.49539995,0.5982069064644795,0.5388412364460269,963,3,111,520.6803951263428,28.114000000000033,31.84684887378425,38.599035706868634
1,459.1666666666667,779.1111111111111,961.0428571428572,3186.5,2209.0,1461.0,0.53657246,-0.60706633,1.0097342367977225,0.8047616259647405,997,3,308,521.6835088133812,27.440000000000055,31.894010426200524,38.578554118390706
1,524.0,763.7916666666667,1176.0,3262.5,2164.5,1686.0,0.47009125,-0.62059796,0.8163784333672431,0.7050574453705789,975,3,291,488.8872792124748,26.210000000000036,32.22629724979633,38.52330772841736
1,944.4,1339.5,1775.3333333333333,3194.666666666667,3096.5,2256.0,0.28558016,-0.40915272,0.524539272691436,0.42832713006739775,988,2,90,488.8872792124748,27.150000000000034,32.2012342533694,38.51549238544552
1,437.5,688.6666666666666,1011.0,3213.25,2000.0,1356.5,0.5213351,-0.6470111,0.917757126187698,0.7819101721995385,975,2,33,460.4891679883003,27.57000000000005,32.216595444727844,38.49501079696759
1,591.0,944.0,1272.75,3001.0,2428.0,1804.0,0.40438724,-0.5214195,0.6962012568482113,0.6065099140200035,984,0,0,516.6604294776917,28.465000000000032,32.2907064556677,38.505790580377024
1,539.7647058823529,852.3,1053.2857142857142,2826.6666666666665,2276.8,1678.75,0.45706254,-0.53666335,0.8694500369425316,0.6855054945729204,982,2,213,482.05557429790497,27.15500000000003,32.260253567536054,38.45782054420504
1,643.0,964.2916666666667,1478.5,3729.3333333333335,2606.0,2055.0,0.4322015,-0.5891058,0.7233839693184496,0.6482399999999999,982,1,180,516.6604294776917,28.730000000000018,32.282891112695864,38.5378604360201
1,671.0,1033.9285714285716,1311.6666666666667,3105.5,2425.5,1976.5,0.40610498,-0.50044864,0.7544722969941677,0.6090885082622802,1033,3,232,531.8571742773056,26.716666666666697,32.27777071557638,38.58771693428873
1,475.8181818181818,793.6666666666666,838.3,2880.0,2005.6666666666667,1604.5833333333335,0.54909503,-0.5679158,1.175508439445773,0.8235317844465956,1002,3,203,516.9294266104698,28.727142857142894,32.193957899568034,38.584752493851134
1,576.4375,934.0,978.75,2160.25,2138.0,1689.8333333333335,0.37639377,-0.3962996,0.7960584494883565,0.5645007166746298,999,0,0,501.7428243756294,29.123333333333335,32.16673894645921,38.61736133866467
1,662.4444444444445,987.75,1240.0,2856.6666666666665,2639.5,1989.5416666666665,0.39462978,-0.4861379,0.7583812859644733,0.5918724321685718,988,5,52,521.6345893144608,28.83000000000004,32.06540898241053,38.59822722311293
1,861.0,1190.5,1524.5,3572.0,2828.0,1985.0,0.4017463,-0.5000525,0.8173652694610778,0.6025603296056503,982,3,128,520.1884979605675,29.08333333333337,32.01528298955666,38.661558450643355
1,783.2,1179.5,1609.0,3249.5,3046.666666666667,2484.5,0.33765566,-0.46737412,0.5833511130076097,0.5064313644782877,936,1,270,500.2090686559677,27.735000000000014,31.83364363910769,38.63595646504594
1,1039.8333333333333,1409.75,1708.25,3597.6666666666665,3248.0,2081.25,0.35609618,-0.43693522,0.7808259749562629,0.5340939428679115,942,0,0,497.3012443780899,27.32000000000005,31.877571256501138,38.64565827011444
1,511.2,994.8888888888889,1151.125,3366.0,2390.6666666666665,1798.5,0.49032846,-0.543722,0.8598451026825575,0.7354113057192662,946,2,52,503.8533080816269,28.122857142857185,31.81693497482307,38.661288956058115
1,869.3333333333334,1302.1666666666667,1637.3333333333333,3513.5,3318.0,2671.5,0.36424527,-0.45919567,0.6878956759795654,0.5463148699365861,969,1,90,503.8533080816269,28.690000000000055,31.804807718487456,38.68662144707029
1,853.5,1310.0,1663.75,3842.75,2851.5,2092.5,0.39571416,-0.49153364,0.7336700336700337,0.5935173415652806,925,3,69,501.36523938179016,27.730000000000018,31.839842014568116,38.70171314384349
1,704.75,1124.0,1192.0,3105.0,2449.5,1546.0,0.44519433,-0.46843225,0.9618140224741698,0.6677137870855148,922,3,111,501.36523938179016,27.756666666666717,31.844962411687597,38.72596765651472
1,537.0,814.0,813.6666666666666,3784.0,2193.5,1320.3333333333333,0.64605236,-0.64593303,1.6005675898983367,0.9689731414694263,924,2,232,495.8240120410919,28.446000000000026,31.85789815177892,38.737825418265096
1,977.4285714285714,1356.5,1651.0,3381.0,3091.8,2323.0,0.34379968,-0.42733508,0.7260017745377809,0.5156482861400894,928,2,90,495.8240120410919,28.190000000000055,31.88646457781392,38.706833540962975
1,607.0,922.7142857142857,1265.0,3394.0,2480.2,1865.4,0.456965,-0.5724923,0.8274387874076954,0.6853739671638588,926,2,90,479.8449696302414,28.3008333333334,31.913414036337507,38.71599635686099
1,1138.6666666666667,1537.5,1976.5,3434.3333333333335,3622.0,2829.6666666666665,0.2694286,-0.38151586,0.5395918669496126,0.40410558087963533,918,3,291,495.8240120410919,28.435000000000002,31.88376963196156,38.73836440743557
1,612.7692307692307,945.5,1178.4,3526.0,2351.0,1589.5,0.4990222,-0.5770994,0.9779008782228417,0.7484537397181662,925,2,128,479.8449696302414,29.055000000000007,31.92931421686642,38.74240682621411
1,734.5,1181.5263157894738,1186.8,3955.0,2735.1111111111113,1905.3333333333333,0.5383718,-0.5399512,1.2428947297527861,0.8074791435738872,925,2,33,515.0535378456116,29.2383333333334,31.85655067885274,38.75857650132826
1,861.5,1363.0,1731.0,3805.75,2937.5,1926.0,0.37472343,-0.47259974,0.6708756386212249,0.5620344033590681,966,4,342,522.640850186348,28.138000000000034,31.7705819061625,38.75076115835642
1,841.3333333333334,1298.0,1616.0,3967.5,3094.666666666667,2206.0,0.4211516,-0.5069794,0.7993405398055613,0.6316708452722063,972,3,337,506.25889444351196,28.11500000000001,31.75441223104835,38.737286429094624
1,732.3,1157.8333333333335,1410.6666666666667,4219.25,2553.5,1941.0,0.49886766,-0.56934524,0.9762873099740452,0.7482350329312513,964,2,33,489.21083748340607,27.400000000000034,31.743093458468444,38.75130014752689
1,775.6,1129.6666666666667,1480.0,3561.0,2842.0,2022.0,0.41281492,-0.51833427,0.7852830188679245,0.6191609639988098,949,2,270,485.11050057411194,28.213333333333367,31.980248693475996,38.7739376926867
1,864.6875,1296.625,1915.5,3476.8333333333335,3602.5,2832.8333333333335,0.28954688,-0.45673558,0.45999079330980513,0.434280063046636,929,5,27,515.0535378456116,29.893333333333374,31.885386599472977,38.78390899234043
1,1059.3076923076924,1518.6666666666667,2022.6153846153845,3085.75,3226.0,2737.75,0.2081164,-0.3403435,0.36520609771243306,0.3121440482419324,917,2,147,501.79836118221283,29.410000000000025,31.907215660877082,38.793341302823684
1,925.8571428571429,1295.3333333333333,1651.25,3816.0,2834.0,2068.0,0.3959486,-0.49315247,0.7981443831114108,0.5938685931141694,936,3,69,498.45088374614716,28.703333333333376,31.924732808917412,38.820560255932506
1,992.0,1423.0,1768.6666666666667,3283.8,3051.714285714286,2378.8,0.29987994,-0.39534292,0.5866425060917689,0.4497753794800414,902,1,180,498.45088374614716,30.000000000000057,31.948717827003403,38.840772349825194
1,447.875,772.4,847.25,3536.5,1927.0,1532.0,0.6134588,-0.6414862,1.2776900143720826,0.9200832525517477,914,2,128,498.45088374614716,30.096666666666692,31.911258079655617,38.84885718738227
1,861.25,1247.0,1493.0,3552.3636363636365,2731.5,2043.0,0.4081695,-0.48034778,0.8506970849176174,0.6121936059238441,942,2,308,519.337883234024,26.62333333333339,32.00099977653916,38.83592144729095
1,497.6666666666667,715.0,976.0,2676.5,1964.0,1562.0,0.46557152,-0.57835764,0.8854926057071444,0.6982617027101012,969,3,69,501.74610567092896,28.496666666666727,32.016360967897604,38.861523432888355
1,933.3333333333334,1264.0,1604.0,3180.0,2843.0,2285.0,0.32943144,-0.4311431,0.6787252368647717,0.4940955167729125,946,1,180,492.32205080986023,28.730000000000018,31.9945319064935,38.87957957009916
1,609.8571428571429,940.6666666666666,1116.75,2915.0,2162.0,1473.5,0.4460222,-0.51206017,0.8915342229021475,0.6689503379006758,972,3,111,520.9051851630211,28.760000000000048,32.11203154565633,38.56912180790745
1,926.0,1332.25,1853.3333333333335,3624.0,3230.0,2623.5,0.32327166,-0.46239597,0.5675213675213675,0.4848632366811695,1006,2,128,525.4634937047958,28.470000000000027,32.08373461420657,38.522768739246885
1,574.5,943.25,1133.5,3401.6666666666665,2173.5,1677.75,0.5001286,-0.56581444,0.9619163403497364,0.7501102373778203,973,3,69,488.8872792124748,28.810000000000002,32.20770212341506,38.54594527357717
1,868.9,1181.4285714285713,1609.6666666666667,3251.6666666666665,2769.0,2046.0,0.33776742,-0.46699607,0.6420165000586495,0.5065990195742347,1007,4,40,480.08907198905945,27.156666666666695,32.52247179897054,38.50794653705891
1,691.75,1129.1666666666667,1403.25,3170.166666666667,2592.5,1851.0,0.386345,-0.47472477,0.6899278281411679,0.5794541512562175,1017,2,308,454.9967566728592,28.425999999999988,32.6604530266113,38.41254545388542
1,1231.0,1764.0,2462.3333333333335,3604.3333333333335,3544.0,2652.0,0.18824176,-0.34281278,0.31212988101528766,0.2823393676345356,962,2,213,574.6546411514282,29.110000000000014,32.803824145956774,38.5025566453542
1,982.75,1433.8333333333333,1893.8,3689.6666666666665,2995.0,2266.0,0.32164007,-0.44029146,0.5843757897739661,0.4824169198717757,970,2,232,574.6546411514282,28.63250000000005,32.83266006657701,38.52708065261066
1,825.0,1160.0,1631.0,3531.0,3183.0,2226.0,0.3680744,-0.50543594,0.6661524437276488,0.5520581113801453,1008,2,33,531.597948551178,28.746000000000038,32.765016925682815,38.545675778991935
1,800.25,1314.125,1697.3333333333333,3420.75,2881.0,2216.0,0.33673087,-0.4449167,0.5666244732674678,0.5050469693762923,1037,3,157,472.4045412540436,28.462000000000046,32.740223423841115,38.47587668141585
1,740.625,1127.25,1383.0,2975.5,2390.0,1854.8333333333335,0.365378,-0.45049053,0.6960455434509436,0.5480041293874742,1038,5,270,403.54205870628357,26.136666666666713,32.828078658628,38.22821115758409
1,796.75,1261.75,1451.5,3478.25,2641.0,1901.0,0.41112632,-0.46761602,0.8155771513651637,0.6166269458952386,967,1,90,445.8271994590759,28.750000000000057,32.87119779226574,38.33142758372943
1,849.375,1268.2,1753.75,3916.4,2573.0,1882.0,0.38140967,-0.51078194,0.6700001703928484,0.5720640490949009,966,1,180,471.4872430562973,30.260000000000048,32.886558983624184,38.355682096400656
1,792.1666666666666,1182.9,1504.6666666666667,4141.0,2801.4,1845.6666666666667,0.46696582,-0.5556265,0.9117528387803331,0.7003866930365734,958,1,180,471.4872430562973,31.934000000000026,32.884403026942294,38.394758811259855
1,729.7777777777778,1172.125,1461.0,3736.6666666666665,2481.25,1579.0,0.43782467,-0.52243847,0.8092314257266133,0.656673827310911,1007,0,0,502.57869601249695,26.930000000000007,32.93884093315994,38.411197980959244
1,617.75,932.9,1391.5,3998.6666666666665,2354.3333333333335,1512.25,0.48368943,-0.6216618,0.8447775863651829,0.7254668562948305,994,1,270,502.57869601249695,28.485000000000014,32.91243046380683,38.43545249363047
1,852.6,1310.4285714285713,1703.3333333333333,3869.1666666666665,2651.0,2019.0,0.38866457,-0.49400347,0.7035885996448217,0.5829445541001255,985,0,0,559.207896232605,27.446000000000026,32.929947611847155,38.45027469581844
1,1107.5,1596.825,2046.1,4101.833333333333,3099.5,2235.0,0.33437794,-0.43957862,0.6365931654386643,0.5015261340287228,960,1,90,558.402715086937,30.481666666666683,32.8776656623114,38.47425971390443
1,665.8,993.2,1373.25,3800.5714285714284,2377.0,1715.0,0.46915448,-0.585629,0.8610488922222448,0.7036636964129181,981,2,180,494.21254575252533,26.77000000000004,32.96066999456404,38.42413372105056
1,605.5882352941177,924.2857142857143,982.6666666666666,3750.5,1974.6666666666667,1204.0,0.58477414,-0.6045655,1.355296003994086,0.8770685163016689,973,2,52,494.21254575252533,26.896666666666704,32.98708046391716,38.41874382934584
1,637.3071428571428,917.8888888888889,1255.75,3878.3333333333335,2507.714285714286,1694.375,0.51081824,-0.6172451,0.9883070424228612,0.7661527225513267,969,1,0,474.59157395362854,26.50333333333333,33.017263857463576,38.421169280612965
1,790.2727272727273,1187.1666666666667,1627.7272727272727,4382.777777777777,2803.2,1902.8333333333333,0.45837253,-0.57372403,0.8375952678247334,0.6875016279063904,968,1,90,474.59157395362854,27.100000000000023,33.037475951356264,38.43599148280094
1,725.8461538461538,1119.4444444444443,1647.75,4190.142857142857,2936.607142857143,1998.25,0.4354984,-0.5783309,0.7361746357115628,0.6531916195136871,966,0,0,510.836207985878,26.760000000000048,33.0310080813106,38.458629027960754
1,668.7777777777778,928.7,1348.0,4008.0,2545.0,1709.0,0.49663928,-0.62375677,0.9391107868289124,0.7448893867264071,966,0,0,545.7664169073105,26.55000000000001,32.98869743142857,38.46833083302924
1,1183.0,1705.25,2210.0,3823.25,3124.0,2399.0,0.2673932,-0.38310573,0.4911407434468901,0.40105655686761965,979,2,128,559.207896232605,27.375000000000057,32.94369183569418,38.47291224097825
1,1051.9,1567.6666666666667,1951.909090909091,4146.5,3320.3333333333335,2383.8,0.35986286,-0.45130524,0.6884166459917813,0.5397500298115907,966,1,270,545.7664169073105,27.29000000000002,32.994356817718526,38.48800393775146
1,1122.0,1622.4285714285713,2013.0,3926.0,3165.0,2449.0,0.3221081,-0.41517547,0.6301054018445323,0.4831214748716222,971,2,52,605.7345736026764,27.370000000000005,32.95420212451838,38.50120917242802
1,1246.857142857143,1692.0,2099.6666666666665,4332.333333333333,3070.0,2213.0,0.3471186,-0.4382781,0.7363768862531256,0.5206373882627282,956,0,0,605.7345736026764,28.190000000000055,32.97630068050773,38.52357722300259
1,1306.6666666666667,1829.0,2406.75,4236.2,3304.666666666667,2063.5,0.2753972,-0.39688715,0.5151812969575452,0.41306474798485726,954,1,90,462.06247997283936,29.0266666666667,33.11131746771089,38.46779184385877
1,727.2,1041.0,1492.5,3879.5,2552.3333333333335,1768.0,0.44434103,-0.5768723,0.8084400189663348,0.6664495114006515,977,2,33,462.8448382616043,27.52333333333337,32.989775409769514,38.39907072462363
1,734.75,1048.8181818181818,1395.0,3809.6,2572.75,1811.5,0.46393576,-0.5682471,0.9050258809066001,0.6958367754702118,979,1,0,445.6376099586487,25.532857142857154,33.02211475999782,38.396645273356505
1,735.8571428571429,1063.142857142857,1312.5,3486.1,2484.1428571428573,1718.0,0.45296544,-0.53260666,0.9299744268034482,0.679377383259361,973,1,180,445.6376099586487,26.03333333333336,33.047716745595224,38.39637577877127
1,541.92,991.3333333333334,940.3333333333334,4119.666666666667,1844.8333333333333,1017.75,0.6283268,-0.61207855,1.3948686150174319,0.9423969963442349,986,1,270,445.6376099586487,25.567777777777792,33.02076728707164,38.38290104950948
1,674.4090909090909,919.4736842105264,1256.9,3580.3690476190477,2267.875,1605.0833333333335,0.48032662,-0.59133077,0.9577838623175956,0.7204154512385924,975,0,0,445.6376099586487,26.230000000000018,33.048525229350936,38.378319641560466
1,860.7272727272727,1245.5454545454545,1759.8181818181818,4324.0,2990.1428571428573,1845.2857142857142,0.42147574,-0.55272996,0.7605729509346048,0.6321616674760001,963,2,52,462.77314579486847,28.146000000000015,33.097573243863856,38.415509894323016
1,1169.0,1561.0,2015.0,3873.0,3256.0,2259.6666666666665,0.31555706,-0.42546928,0.6454526505940388,0.473295406300416,960,2,308,445.3012105226517,28.436666666666724,33.14662125837678,38.4033826379874
1,1109.6666666666667,1496.8461538461538,1882.25,4377.25,2818.75,2001.0,0.39859414,-0.49035695,0.8487260604823621,0.5978434504792332,966,1,0,423.11402809619904,28.380000000000052,33.11104797312565,38.37885863073094
1,793.0869565217391,1180.9333333333334,1515.6153846153845,3866.4444444444443,2830.3333333333335,1971.6666666666667,0.43678984,-0.5320606,0.8380273169032451,0.6551239004731171,972,1,90,437.1938853263855,26.680000000000007,33.08248154709065,38.36295845020202
1,540.5555555555555,869.35,1251.1538461538462,3470.3333333333335,2092.8,1650.6666666666667,0.47001705,-0.59934866,0.8012531500021293,0.7049509251591708,978,1,270,413.23930072784424,26.710000000000036,33.06954580699933,38.342746356309334
1,546.3,870.6086956521739,1283.5064935064934,3644.1375,2251.8,1629.3333333333333,0.47905874,-0.61432666,0.814131243840473,0.7185152289393213,997,3,337,425.0419054031372,27.250000000000057,33.036128478430086,38.336547980848906
1,544.7391304347826,924.4,1254.5,3621.0,2312.5714285714284,1557.6666666666667,0.4853861,-0.5932591,0.8375856751990497,0.7280045118949958,1004,2,308,425.0419054031372,26.176666666666733,33.031277575895835,38.32118678949046
1,601.1666666666666,933.1538461538462,1381.6666666666667,3576.0,2508.0,1817.0,0.44261414,-0.5861069,0.7455350570221632,0.6638542472015865,1007,3,157,440.1305693387985,27.200000000000045,32.998399236497065,38.30097469559777
1,667.1363636363636,1026.5944976076555,1156.0833333333335,3832.25,2090.5,1201.0,0.53648514,-0.57743263,1.1602762690798825,0.8046470450673169,994,2,90,410.29895663261414,25.854000000000042,33.035589489259614,38.29827974974542
1,664.68,989.1818181818181,1494.7142857142858,3350.625,2459.75,1838.0,0.3830301,-0.5441356,0.6325693963277852,0.5744858438940622,1004,1,0,410.29895663261414,25.53666666666669,33.00756205239508,38.274833720829896
1,738.7,1061.095238095238,1313.25,3432.0,2488.0,1734.3333333333333,0.44649914,-0.5276774,0.9176447659058427,0.6696781330664279,1013,2,212,423.94138383865356,26.203333333333376,32.97926512094532,38.26351494824999
1,541.1428571428571,862.0714285714286,1187.0,3670.6666666666665,2164.1428571428573,1598.0,0.511288,-0.61962444,0.921912229473193,0.7668530652852585,1011,3,23,410.03930258750916,27.110000000000014,32.99705176357089,38.24842325147679
1,668.5333333333333,992.6428571428571,1437.125,3608.5714285714284,2491.5666666666666,1758.75,0.43035614,-0.56853,0.7520607284044074,0.6454702445618518,1004,3,128,415.2184524536133,26.170000000000016,33.029391113799186,38.24276386518683
1,797.0,1189.25,1641.0,3426.222222222222,2762.8333333333335,2063.8333333333335,0.35230786,-0.4846681,0.6117359487675426,0.5284096514980431,1006,2,328,415.2184524536133,26.855000000000018,33.04070988637909,38.226863684657914
1,605.25,959.7041925465838,1380.6666666666667,3330.375,2317.5555555555557,1529.0,0.41385928,-0.5525937,0.6888455106463163,0.6207230471271787,1005,2,32,415.2184524536133,26.494000000000028,33.03262504882202,38.21500592290754
1,543.46875,863.2222222222222,1368.2857142857142,3594.5,2193.8,1739.8,0.44858158,-0.612707,0.7200663301066428,0.6728045937311115,1004,2,0,389.0347229242325,27.210000000000036,33.02184526541258,38.19910574237862
1,608.5454545454545,995.8333333333334,1438.8,3457.25,2321.6666666666665,1783.3333333333333,0.4122609,-0.5527443,0.6704068587398871,0.6183282106789474,1010,0,0,410.03930258750916,27.750000000000057,32.99597378522994,38.20638209617999
1,543.7666666666667,869.1363636363636,1309.4,3539.285714285714,2310.875,1713.5,0.45989487,-0.60569274,0.7617357729647533,0.6897711839690316,1009,1,180,415.2184524536133,27.500000000000057,33.00944851449174,38.223090760464615
1,603.4285714285714,1000.6666666666666,1442.3333333333333,3801.6666666666665,2395.5,1682.6666666666667,0.449911,-0.58325815,0.7437105974181928,0.6748021737057869,1016,2,328,410.03930258750916,28.53000000000003,32.98681096933192,38.23009761968075
1,710.425,1092.425,1447.3333333333333,3559.8571428571427,2546.75,1748.25,0.42189804,-0.5303703,0.763562494164159,0.6327838610137739,1020,2,32,410.03930258750916,28.696666666666715,32.97198876714395,38.21338895539612
1,607.8888888888889,989.1,1503.0,3723.0,2473.0,1871.75,0.42479908,-0.5801872,0.6782491801943092,0.637137663828566,1012,2,128,423.94138383865356,26.590000000000032,32.97252775631442,38.2958542984783
1,672.625,1117.6,1582.6,3620.4285714285716,2449.0,1774.5,0.391662,-0.5282426,0.6311144912599485,0.5874365471781512,1007,3,69,440.1305693387985,26.79000000000002,32.97333624007013,38.32684617578042
1,603.75,865.6666666666666,1176.6666666666667,4199.0,2154.0,1420.5,0.56222486,-0.65815455,1.1223965586606008,0.8432588275413087,1005,2,308,462.8448382616043,26.765000000000043,32.978187142604376,38.368078847321506
1,607.5,922.875,1317.8,3611.1666666666665,2319.3333333333335,1680.3333333333333,0.46528345,-0.59291285,0.8234453505935185,0.6978543993941199,1014,1,270,462.8448382616043,28.1357142857143,32.952854651592205,38.38748245745848
1,1449.6666666666667,1887.047619047619,2389.3125,3949.875,3810.666666666667,3081.4,0.24617705,-0.3534101,0.5262037630239067,0.3692364568442845,961,0,0,510.836207985878,27.725000000000023,33.02858263004348,38.49123787277429
1,542.7441860465116,931.7586206896551,997.5384615384615,3908.0714285714284,2098.4,1389.4,0.5933071,-0.6149623,1.2494301606143474,0.88986988639418,980,2,327,413.23930072784424,26.850000000000023,33.07358822577787,38.31930032739381
1,474.7391304347826,790.2941176470588,1172.75,3932.1428571428573,2084.0,1237.75,0.54053885,-0.6653024,0.931082415026009,0.8107288511447981,983,1,270,394.58228051662445,26.41500000000002,33.07763064455641,38.29181187969976
1,792.0,1186.5,1584.5,4126.0,2924.4285714285716,1999.25,0.44505736,-0.55331767,0.8258058227190018,0.6675275783575556,992,3,291,394.58228051662445,25.870000000000005,33.06226945319796,38.2710607966366
1,668.1034482758621,1060.2857142857142,1560.7777777777778,3543.375,2481.846153846154,1930.2857142857142,0.38842827,-0.5393728,0.6275419412537755,0.5825853320091964,1004,2,308,388.9943577051163,26.900000000000034,33.05849652900466,38.1966802911115
1,605.6,929.3333333333334,1313.9166666666667,3588.5,2417.285714285714,1615.25,0.46397185,-0.58859336,0.8204383686817678,0.6958868020735955,1002,2,148,407.091365814209,26.83000000000004,33.06307793695367,38.22336025504985
1,796.4285714285714,1179.6,1692.9,3679.6666666666665,2927.4,2087.0,0.36979842,-0.51449466,0.6315333621131749,0.5546460122090426,1003,2,308,407.091365814209,25.52000000000004,33.08787143879537,38.22551621173174
1,566.15,865.1666666666666,1241.6666666666667,3680.0,2225.3333333333335,1480.5,0.49542838,-0.6193026,0.8853949176032001,0.743067077506518,993,0,0,394.8659118413925,26.16500000000002,33.1129344352223,38.23683498431164
1,857.8,1306.0,1566.0,4194.833333333333,2537.0,1635.0,0.45632866,-0.5251629,0.9181024447031433,0.6844335801897709,982,1,180,397.95312786102295,27.730000000000018,33.15066367715532,38.243841843527775
1,993.1875,1371.5,1768.5,3925.0,3153.6,2133.875,0.37876526,-0.48211083,0.7606064747662233,0.5680979978925185,970,1,180,400.86654591560364,27.49000000000001,33.1482382258882,38.312023973592446
1,1045.3333333333333,1548.0,2089.0,3673.75,3083.5,2314.0,0.2749989,-0.4070953,0.4734129947722181,0.4124625862143756,979,1,180,393.4168107509613,27.200000000000045,33.122366745705556,38.2861524934098
1,670.6923076923077,988.7777777777778,1003.4285714285714,3947.0,2808.5,1719.0,0.59460944,-0.59934264,1.4901505921883436,0.8918240445515271,968,1,180,400.86654591560364,27.118571428571443,33.12506169155792,38.33088859455896
1,864.6666666666666,1237.6666666666667,1759.8,4049.3333333333335,3089.3333333333335,2031.0,0.3941265,-0.5318076,0.7045469465460932,0.5911388555789523,961,2,128,423.11402809619904,28.36500000000001,33.14015338833112,38.357299063912066
1,1368.421052631579,1689.75,2075.0,3606.4285714285716,3389.0,2404.6666666666665,0.2695499,-0.3618984,0.6607512217149946,0.40428928809383136,959,2,308,408.3648011684418,28.025000000000034,33.1768046519232,38.37616368487858
1,1246.6,1692.0,2166.0,3927.0,3257.5,2245.0,0.28902018,-0.39775762,0.581226483596277,0.4334947074751785,960,3,69,408.3648011684418,28.593333333333362,33.19836421874207,38.36403642854297
1,1113.2857142857142,1460.0,1900.0,4124.6,3223.6666666666665,2348.5,0.36925274,-0.47713354,0.775018563974542,0.5538331314003088,960,2,33,385.0370720028877,27.52333333333337,33.21668985053811,38.34651928050263
1,741.4,1110.25,1464.0,4060.0,2815.0,1831.3333333333333,0.4699493,-0.5705237,0.8909328025259111,0.7048601683410263,964,0,0,385.0370720028877,27.230000000000018,33.205371077958205,38.326576681195185
1,798.7142857142857,1114.0,1633.5,3915.0,2667.3333333333335,1934.0,0.4111922,-0.5569696,0.7381925249369066,0.6167327446386737,964,2,0,385.0370720028877,28.170000000000016,33.20456259420249,38.30501711437631
1,926.64,1376.4285714285713,1696.9333333333334,3619.0,2897.8,2125.8571428571427,0.3615671,-0.44892472,0.701299901728986,0.542299662054134,1008,2,232,394.8659118413925,26.596666666666692,33.11670735941561,38.20449563408334
1,662.2,1054.25,1441.0,3873.6666666666665,2647.5,1759.0,0.45772704,-0.5721316,0.8050744622173194,0.6865259791163651,1005,1,180,375.7723159790039,26.563333333333333,33.14850772047343,38.18940393731013
1,670.375,1055.875,1411.75,4122.5,2272.0,1472.0,0.48981345,-0.5921983,0.8956789664543735,0.7346537784001084,1007,1,0,375.7723159790039,26.180000000000007,33.13557198038212,38.15975953293419
1,747.0,1128.7692307692307,1599.2333333333333,3744.0,2612.6666666666665,1916.6666666666667,0.40139866,-0.53670317,0.6929420988468016,0.6020416437946005,1011,1,232,381.3880805969238,26.195714285714303,33.10943100561423,38.136044009433434
1,544.1111111111111,863.25,781.0,4503.0,2450.25,1419.5,0.7043906,-0.67826694,1.821236339911923,1.0564859494748793,1015,2,180,381.3880805969238,26.55000000000001,33.124522702387445,38.11987433431928
1,851.3333333333334,1340.3333333333333,1612.6666666666667,3946.8,2765.0,1972.3333333333333,0.4198484,-0.49298295,0.8061188778987309,0.6297160054916395,1000,1,180,397.95312786102295,26.890000000000043,33.174109706070844,38.22416873880556
1,676.3333333333334,985.4,1497.0,3594.75,2517.5,1748.0,0.41199,-0.5697084,0.698760867392825,0.617924296725416,975,2,32,376.2032253742218,27.210000000000036,33.205101583372965,38.2462672947949
1,612.75,915.2,1298.4,3935.5,2639.0,1639.3333333333333,0.5038499,-0.6226524,0.9244840508885155,0.7557026593305822,966,2,232,371.57358145713806,27.140000000000043,33.21480338844145,38.28453552589839
1,668.8888888888889,985.3333333333334,1416.0,3749.0,2795.5,1930.5,0.4516941,-0.5837499,0.8067825525636296,0.6774755589971929,961,1,270,385.0370720028877,26.38400000000007,33.2369019444308,38.324420724513296
1,721.375,1115.25,1575.5,4256.0,2900.5,1945.0,0.45965874,-0.58473355,0.8074099175420761,0.689429012345679,962,2,90,374.9190890789032,26.50142857142862,33.25388010330065,38.301513684768246
1,547.8333333333334,929.5,810.0,4720.0,1964.0,1069.3333333333333,0.70705247,-0.67094433,1.786285348805336,1.060482777325739,962,2,180,369.51990735530853,27.160000000000025,33.277326132216174,38.28992541760311
1,616.5555555555555,985.75,1001.0,4265.333333333333,2673.5,1655.0,0.6198494,-0.6245537,1.4448641151996224,0.929685769437676,965,2,128,369.51990735530853,27.430000000000007,33.29726873152363,38.261897980738574
1,813.3333333333334,1192.0,1525.0,3919.6666666666665,2446.0,1651.4,0.43981877,-0.5336159,0.8588370313695486,0.6596675951149338,965,2,212,382.1194064617157,26.823333333333323,33.28487198060278,38.24923173523249
1,607.2,981.0,1302.0,3682.0,2345.0,1672.0,0.4775281,-0.57924086,0.8572251836911107,0.7162202828769184,982,1,90,376.2032253742218,27.01750000000004,33.23124255814084,38.22336025504985
1,803.8333333333334,1193.0,1189.25,4374.666666666667,2321.0,1458.0,0.57251334,-0.5714542,1.4525604584353005,0.8586928848486663,983,2,232,382.1194064617157,26.578571428571422,33.27004977841481,38.210694009543765
1,677.0,982.2,1315.0,3744.0,2470.0,1594.0,0.48013443,-0.5843595,0.926038886770873,0.7201304476726949,973,1,270,382.1194064617157,26.823333333333323,33.29753822610886,38.22039581461225
1,792.1666666666666,1178.0,1430.75,3865.75,2834.0,2030.0,0.45973757,-0.5328872,0.935099846390169,0.6895412497640174,969,0,0,368.6398972272873,26.962500000000034,33.335267468041884,38.22632469548744
1,796.4,1248.3333333333333,1608.0,3488.0,2543.0,1798.0,0.3689168,-0.4728693,0.6560580681183696,0.5533209065044639,988,0,0,359.26288962364197,26.712500000000034,33.30804851493306,38.1966802911115
1,613.25,986.7777777777778,941.0,4308.0,2678.5,1548.0,0.64145553,-0.6272638,1.5717119850624344,0.9620916277740738,995,2,0,359.26288962364197,26.256666666666717,33.33499797345665,38.181858088923526
1,544.4545454545455,935.5833333333334,745.8,4567.0,2513.6666666666665,1389.5,0.71924406,-0.6599476,1.9262446084838134,1.0787646095646772,997,2,328,359.26288962364197,26.563333333333333,33.322870717121035,38.170808810928854
1,676.5,1124.4,1130.5,3975.5,2208.0,1384.0,0.5571876,-0.5590502,1.2509343534274282,0.8356995985508666,1008,2,128,371.4009393453598,26.218000000000018,33.30131115030217,38.146823792842866
1,734.6428571428571,1059.7,1562.1818181818182,3672.6666666666665,2481.5,1878.0,0.40316063,-0.552148,0.7000473426037913,0.6046831995786218,1000,0,0,366.7148638367653,26.69666666666666,33.23124255814084,38.19263787233296
1,1196.5,1575.0,2020.5,3996.5,3270.5,2327.0,0.32840285,-0.43462265,0.6912232833105958,0.49256335687577896,1002,4,232,366.7148638367653,27.190000000000055,33.21884580721999,38.177276680974515
1,662.4,1019.9,1399.375,4261.25,2503.25,1704.3333333333333,0.5055758,-0.6137584,0.9303280020804889,0.7582967166420103,1013,0,0,375.57585847377777,28.03666666666669,33.22935609604419,38.14520682533145
1,725.0,1112.8,1500.3333333333333,3849.0,2383.0,1662.0,0.43905783,-0.5514531,0.7919167397217165,0.6585251877005516,1023,1,52,370.8124097585678,28.466000000000008,33.25522757622684,38.119604839734045
1,927.4166666666666,1433.3333333333333,1836.4,3925.714285714286,2995.0,2120.0,0.36259508,-0.46507907,0.6537696625521834,0.543845427298622,1025,1,270,361.03356194496155,28.410000000000025,33.23528497691938,38.090768919113806
1,720.0,1183.25,1309.3333333333333,3931.0,2640.0,1644.0,0.5002862,-0.5372733,1.0260123147568359,0.7503577675306092,1019,2,270,364.31719851493835,27.510000000000048,33.13233804535928,38.07136530897682
1,926.1111111111111,1365.8333333333333,1955.0,3177.125,3124.0,2277.6666666666665,0.23813236,-0.39870313,0.383722755697428,0.3571637320084752,1017,1,90,364.31719851493835,27.795000000000016,33.11670735941561,38.059507547226445
1,667.9230769230769,1118.1818181818182,1337.0,4005.0,2163.0,1434.0,0.4994384,-0.5634815,0.950335099707918,0.7490875058493215,1020,3,69,360.08597832918167,28.105000000000018,33.15416710676339,38.057890579715036
1,932.0,1296.0,1837.0,3854.3333333333335,3023.75,2070.0,0.35445708,-0.4967316,0.6394218578311216,0.531638897836081,1026,0,0,365.74607568979263,27.150000000000034,33.20779652922533,38.0252817349015
1,857.6666666666666,1254.2857142857142,1763.8,3661.0,2741.3333333333335,1965.0,0.34972718,-0.48963875,0.607119542260282,0.5245424216172377,1022,3,232,364.36256074905396,27.500000000000057,33.17923010319032,38.036870002066635
1,536.1333333333333,879.7777777777778,804.75,4577.0,2415.0,1417.0,0.7009337,-0.6775468,1.7511141026831307,1.0513028937711923,1029,0,0,368.59571796655655,28.826000000000022,33.31289941746731,38.03848696957805
1,805.1818181818181,1195.0,1435.2,3803.5,3116.5,2030.5,0.4520778,-0.52185655,0.9284776435165911,0.6780519926706369,1022,1,180,375.4934102296829,28.243333333333396,33.314246890393484,38.07998913570437
1,880.0,1251.142857142857,1558.0,3943.4,2546.1666666666665,1883.0,0.43359873,-0.5182857,0.8910854103161796,0.6503389738090479,1021,1,180,370.8124097585678,26.55666666666673,33.29969418279075,38.1042436483756
1,542.7142857142857,954.5492424242424,830.0,4456.5,1744.0,1023.0,0.6859926,-0.64718515,1.6892134681927071,1.0288916209570644,1017,2,212,371.4009393453598,26.45500000000004,33.32799111424052,38.12122180724546
1,859.2857142857143,1244.0,1445.0,3929.75,2929.25,1977.0,0.46230057,-0.5191109,1.0090589484310006,0.693386354123064,1008,2,180,371.4009393453598,27.150000000000034,33.34416078935467,38.14978823328046
1,739.8461538461538,1058.6923076923076,1366.1,3494.0,2542.4,1841.3333333333333,0.4378305,-0.5349159,0.8660203767290543,0.6566781878780398,1011,2,52,374.50070238113403,27.03000000000003,33.370301764122544,38.16245447878654
1,944.4444444444445,1373.1666666666667,1759.6666666666667,3745.4,2767.0,2163.5,0.36071014,-0.46345657,0.6874792274456221,0.5410160625306508,996,3,111,374.50070238113403,27.000000000000057,33.36033046446882,38.18940393731013
1,590.0,988.5,920.0,4131.5,2776.6666666666665,1667.0,0.6357518,-0.61386716,1.535868005738881,0.9535332541567696,983,3,23,370.20028018951416,27.98666666666668,33.37191873163396,38.206651590765226
1,991.3333333333334,1394.5,1751.0,4188.25,2813.0,1755.0,0.41036326,-0.5004254,0.8392445163734031,0.6154930763079254,999,1,90,371.93493032455444,26.873333333333335,33.45007216135236,38.20180068823098
1,1373.0,1881.0,2530.0,4263.625,3371.0,2480.0,0.25518408,-0.3877576,0.473816909684737,0.38274796239398007,1013,3,111,379.047780752182,26.470000000000027,33.446838226329525,38.18104960516782
1,898.0,1307.75,1811.0,3378.5,2626.0,1741.0,0.30205223,-0.44187784,0.5217695226682644,0.4530346820809248,1026,2,52,365.72293734550476,26.150000000000034,33.44845519384094,38.148979749524756
1,1178.090909090909,1622.375,2150.25,3412.6,3187.3333333333335,2544.0,0.22692505,-0.35555786,0.42194124239124087,0.3403569791582409,1030,0,0,374.662841796875,27.515000000000043,33.45141963427854,38.11529292637027
1,730.6363636363636,1170.3,1438.0,4073.5,2645.2,1748.0,0.478182,-0.5536443,0.9122246696035242,0.7172079100145138,1036,1,128,372.28101712465286,26.230000000000018,33.44090934545434,38.09184689745475
1,1129.0,1500.8,2015.5,4265.0,2963.5,2284.0,0.35817212,-0.4794131,0.7126338465437496,0.537215411558669,1034,2,270,376.2973081469536,27.223333333333358,33.38135104211722,38.096967294574235
1,985.9,1375.0,1961.25,3355.3333333333335,2924.5,2306.0,0.26221415,-0.41864562,0.45089213519486826,0.39328422537418695,1028,1,128,365.72293734550476,27.90500000000003,33.40237161976561,38.12661169895018
1,855.0,1239.75,1693.6,3339.5,2452.0,1580.0,0.32701516,-0.4585358,0.580392405777477,0.4904740146217419,1057,1,180,369.2427467107773,25.605000000000018,33.42366169199924,38.03094112119145
1,927.3333333333334,1309.8333333333333,1816.0,3451.0,2710.0,2129.0,0.3104234,-0.4497462,0.5528878669011227,0.46559088751779776,1042,1,270,372.871702671051,25.53333333333336,33.46624183646651,38.07271278190301
1,1061.5,1507.142857142857,2091.2,3805.4285714285716,3149.6666666666665,2549.0,0.29071334,-0.43261266,0.5106503945331353,0.43603303302575835,1052,1,0,372.871702671051,26.08000000000004,33.46435537436986,38.0538481609365
1,679.5714285714286,1133.3333333333333,1376.5,3757.5,2201.5,1297.0,0.46377093,-0.53654796,0.8600990814325524,0.6955886649138183,1052,3,111,368.4269038438797,25.878000000000043,33.4864539303592,38.047110796305596
1,879.5,1245.0,1504.5,4262.75,2275.0,1383.0,0.47826087,-0.54790974,1.0300433191425797,0.7173291144727146,1078,2,32,366.9987680912018,25.902000000000044,33.48537595201826,37.99186440633225
1,1114.5714285714287,1629.5454545454545,2066.0,3569.0,2958.6666666666665,2229.75,0.2667258,-0.37307638,0.49397149135162555,0.4000532339632686,1067,1,52,371.41456031799316,26.27000000000004,33.542239309503024,38.05923805264121
1,660.0,1060.9375,976.3333333333334,4274.0,1931.0,1092.0,0.6280871,-0.60226804,1.5906167599202519,0.9420409458816061,1051,3,52,371.41456031799316,25.863333333333344,33.52876458024123,38.07379076024395
1,1506.076923076923,2076.6923076923076,2784.3,3937.0,4093.5,3282.75,0.17149957,-0.30934533,0.30826714085523443,0.2572302061947692,1032,3,337,371.41456031799316,26.236666666666736,33.52283569936604,38.09454184330711
1,982.75,1456.3333333333333,2030.25,4782.5,2790.0,1916.0,0.40398517,-0.5331392,0.7171519770698976,0.6059332917476975,1005,1,52,378.0583448410034,26.863333333333344,33.52876458024123,38.11394545344409
1,1113.6,1641.6,2205.0,4081.3333333333335,3822.3333333333335,2572.5,0.2984782,-0.42630818,0.5235110300956067,0.44768166273428595,991,4,308,378.0583448410034,26.81666666666672,33.54574273911109,38.12634220436494
1,994.8,1370.75,1767.0,3424.0,3179.5,2587.0,0.31920633,-0.4282288,0.6309016143770941,0.4787633631898295,1003,2,232,377.7847707271576,26.470000000000027,33.477560609046414,38.19533281818532
1,670.75,1115.625,1049.8,4285.0,2608.4,1512.0,0.6064332,-0.5868534,1.456201866163742,0.9095645980544673,996,4,18,377.9514579772949,30.370000000000005,33.523105193951274,38.185900507702065
1,989.7777777777778,1444.25,1700.0,4177.857142857143,3413.0,2380.0,0.4215579,-0.48622465,0.8906076705051142,0.6322830722869607,988,1,0,374.55375707149506,27.880000000000052,33.52445266687746,38.20099220447527
1,553.3333333333334,1001.3076923076923,720.1666666666666,5132.0,2607.2,1296.0,0.7538803,-0.6734853,2.079484037204625,1.1307238865474425,978,2,148,374.55375707149506,29.870000000000005,33.52499165604793,38.21797036334513
1,1437.142857142857,1965.2,2713.1,3857.0,4083.0,3056.0,0.17410694,-0.32492873,0.30559321102430004,0.2611405351109488,966,2,232,374.55375707149506,27.510000000000048,33.52687811814458,38.23872144640829
1,1439.375,1948.7142857142858,2645.75,3948.6,3727.0,3024.0,0.19757065,-0.33911806,0.3607488823942307,0.29633350265737657,982,2,308,377.9297697544098,27.51666666666671,33.43713642126104,38.23171458719216
1,990.8571428571429,1369.0,1995.3333333333333,3811.0,3189.3333333333335,2164.5,0.3127045,-0.47142857,0.5434454174363186,0.46901638873740714,956,2,232,363.77552139759064,28.11666666666673,33.392939309282355,38.263784442835224
1,1430.0,1948.3333333333333,2310.0,4492.6,3122.0,2190.0,0.3208479,-0.3950152,0.7152688566709491,0.48123649512722144,964,2,32,363.77552139759064,27.80666666666673,33.391322341770945,38.281032096290325
1,1046.857142857143,1436.5263157894738,1957.0,3612.8571428571427,3182.0,2319.6666666666665,0.29728898,-0.43100923,0.5516266585444785,0.445893441046355,964,1,0,352.71642100811005,27.57666666666671,33.34712522979226,38.26701837785806
1,1119.9,1568.0,2062.3333333333335,4138.5,3151.6666666666665,2480.0,0.3348206,-0.45045123,0.639666841256637,0.5021903891636207,986,1,180,368.61490547657013,27.79666666666668,33.35359309983792,38.30205267393872
1,1235.6666666666667,1645.5,2196.0,4399.0,3640.0,2711.0,0.33404094,-0.4555381,0.6628753685984233,0.5010234250625427,960,1,270,367.2972185611725,29.136666666666713,33.327182630484806,38.33924292670127
1,1432.5,1881.75,2197.25,4366.333333333333,3224.5,2317.0,0.33047244,-0.39765528,0.7966272877517293,0.49567088575454804,954,1,270,369.62444150447845,26.55000000000001,33.31316891205255,38.37023480400339
1,965.5875,1307.0,1857.0,4385.0,2934.5,1909.75,0.4049984,-0.54075897,0.7627236899172183,0.6074489387264718,952,2,128,379.5476942062378,29.690000000000055,33.291609345233674,38.39718426252698
1,1458.0,1980.0,2643.6666666666665,4642.916666666666,3582.5,2719.5,0.27437413,-0.40207613,0.5222200938607413,0.41153296357710556,940,3,69,363.7588136792183,29.710000000000036,33.413690392345515,38.38505700619136
1,1041.0,1502.142857142857,1755.0,4133.5,3144.6666666666665,2075.5,0.40392292,-0.4669134,0.8671795245734286,0.6058329088130413,945,2,33,363.7588136792183,30.08000000000004,33.42123624073212,38.36646187981009
1,1248.3333333333333,1707.5714285714287,2305.416666666667,4003.0,3686.5,2880.5,0.26909816,-0.40196127,0.5008211391707968,0.40361525354326544,931,2,308,350.10607492923737,29.225000000000023,33.45896548266514,38.35460411805971
1,1175.5,1636.6666666666667,2201.0,4450.8,3032.0,2427.0,0.33822423,-0.46228316,0.63614411500246,0.5072982276806518,936,1,270,355.26653349399567,28.52000000000004,33.50531855132571,38.30097469559777
1,1261.0,1629.6,2137.2727272727275,4129.0,3364.5,2644.0,0.3178488,-0.4340291,0.6642512809629202,0.476735161638947,924,1,0,357.7641205191612,28.758000000000038,33.47082324441552,38.33008011080325
1,1507.2,2029.25,2804.75,4472.666666666667,4462.5,3309.0,0.22919077,-0.37579945,0.41705562686492526,0.3437625236159616,951,1,0,359.33469593524933,27.83000000000004,33.502893100058586,38.274833720829896
1,548.4,865.6153846153846,803.6666666666666,4114.5,2451.0,1319.5,0.67318445,-0.65237135,1.7156354717241857,1.0096740309026837,946,1,90,359.33469593524933,26.52000000000004,33.534154471945946,38.262167475323814
1,735.5,1074.5,1069.6666666666667,4184.0,2356.6666666666665,1452.6666666666667,0.59279233,-0.5913283,1.5306105732212774,0.8891038858049167,963,1,90,359.33469593524933,27.11666666666673,33.51367288346802,38.25462162693721
1,869.0666666666667,1308.375,1441.0,4128.0,2896.1666666666665,1909.25,0.48249236,-0.51865906,1.0735975707207928,0.723673579315917,974,4,328,374.55375707149506,25.51666666666671,33.540083352821135,38.20988552578805
1,1125.6,1568.0588235294117,1885.0,4140.0,3555.0,2513.75,0.37427387,-0.45058072,0.8043230132686546,0.5613642021409012,971,1,0,377.9514579772949,25.313333333333333,33.548707179548686,38.198027764037676
1,608.25,1063.2857142857142,849.5,4639.2,2133.5,1136.5,0.69045496,-0.6270799,1.8306579780013812,1.0355880638344386,982,0,0,377.9514579772949,25.24000000000001,33.54816819037821,38.182127583508766
1,1181.75,1645.0,2158.0,4245.0,3433.5,2457.0,0.32594097,-0.44142616,0.6262847540024308,0.48887327242914036,1002,2,32,377.9514579772949,27.835000000000036,33.536040934042596,38.17296476761074
1,1115.0,1670.5,2083.0,4030.458333333333,3177.0,2089.5,0.31855264,-0.4139582,0.5961394235920146,0.477789893345146,975,3,157,401.379602432251,26.57000000000005,33.61069093415293,38.167035886735555
1,672.0,1119.111111111111,971.4,4454.5,2641.0,1576.0,0.6419396,-0.5984251,1.6605484467667195,0.9628206545776206,929,1,0,348.09421968460083,27.838000000000022,33.620662233806655,38.25650808903386
1,1436.0,1888.7,2244.25,3788.6,3140.0,2280.0,0.25599012,-0.33464852,0.5953454842639282,0.38395335924486396,926,4,255,348.09421968460083,26.52000000000004,33.6360234251651,38.25920303488622
1,812.4,1187.7692307692307,1382.0,3727.0,2974.25,1809.0,0.45899394,-0.5166531,0.9891175974354648,0.6884235248067325,934,4,75,370.1085947751999,28.072857142857174,33.62012324463618,38.23656548972641
1,852.3333333333334,1248.8,1450.3333333333333,3783.0,2600.6666666666665,1721.5,0.44573247,-0.5036369,0.9570307157900497,0.6685348533579596,937,2,32,370.1085947751999,24.943333333333328,33.643299778966465,38.233331554703575
1,841.4583333333333,1252.0,1362.0,4139.75,2570.0,1610.25,0.50488484,-0.5355868,1.1570463089275114,0.7572583942932437,940,4,140,370.1085947751999,26.91500000000002,33.62362667424425,38.21419743915183
1,937.8333333333334,1377.0,1628.0,3638.0,2694.25,1799.0,0.3816939,-0.45084745,0.7884517318479582,0.5724864710908574,936,4,342,370.1085947751999,25.734000000000037,33.64410826272218,38.21177198788471
1,893.8333333333333,1178.2,1434.2,3518.25,3002.75,2014.5,0.42081192,-0.49825934,0.9611535410555829,0.6311541606517329,954,2,52,372.16803896427155,25.28333333333336,33.70851746859355,38.20260917198669
1,1498.0,1952.6666666666667,2561.45,3329.904761904762,3408.5,2901.0,0.1304377,-0.26071358,0.25736619232224217,0.19563994521896458,959,2,90,372.16803896427155,26.150000000000034,33.73034652999765,38.20072270989004
1,1002.625,1437.5,1549.5,3480.0,2432.0,1591.5,0.38383538,-0.41535333,0.9178324795264641,0.5756958250497018,954,2,32,372.16803896427155,25.575000000000045,33.7351974325319,38.21958733085655
1,1407.3333333333335,1785.0,2008.5,3841.0,2850.75,2117.3333333333335,0.31327465,-0.36544615,0.8582334207568381,0.46987179487179487,938,4,90,372.16803896427155,24.55666666666673,33.70285808230359,38.22740267382839
1,1223.575,1633.8333333333335,1873.75,3923.5,2997.5,2159.166666666667,0.35357282,-0.41200817,0.8554615360537545,0.5303134836790133,930,3,52,365.96876204013824,24.573333333333323,33.69126981513845,38.24411133811301
1,1040.5,1387.5,1577.5,4166.75,2236.5,1395.0,0.4507551,-0.5003826,1.1105035168982673,0.6760738065189956,930,3,69,343.3796111345291,26.854000000000042,33.701510609377415,38.266479388687586
1,930.5,1260.0,1418.6666666666667,4261.0,2861.5,1877.2857142857142,0.5004402,-0.5435609,1.2261478509699033,0.7505941727061998,929,2,232,343.3796111345291,26.906000000000006,33.722261692440576,38.27645068834131
1,898.375,1246.9,1253.25,3852.6666666666665,2554.75,1660.0,0.50909895,-0.51097804,1.4019514869863414,0.7635736083685559,928,3,69,343.3796111345291,25.475000000000023,33.74813317262322,38.278876139608435
1,1081.5,1464.75,1743.75,3273.0,2808.5,1973.0,0.30482882,-0.3816685,0.6796364606017511,0.45719766804524387,931,1,270,341.41055715084076,25.49000000000001,33.76160790188501,38.27591169917084
1,828.75,1178.5833333333335,1233.0,3552.666666666667,2571.25,1655.5,0.4847113,-0.5017878,1.2244754321910876,0.7269909809520494,932,1,0,343.3796111345291,24.930000000000007,33.72765158414529,38.26755736702853
1,505.75,926.8571428571429,615.0,5185.0,2429.0,1315.1666666666665,0.787931,-0.69670194,2.247743649017534,1.1817946728730282,942,6,261,372.16803896427155,24.97285714285715,33.74085681882185,38.24734527313584
1,1765.142857142857,2256.0,2850.041666666667,3660.4,4073.8,3363.5,0.12447056,-0.23737408,0.2692907981883048,0.18669150519702082,936,3,0,341.41055715084076,26.463333333333367,33.79367775752807,38.28561350423933
1,1728.0,2251.0,2799.5,3637.75,3377.5,2703.75,0.13021865,-0.23549141,0.2803230445105842,0.19531280338627627,940,3,52,341.41055715084076,26.120000000000005,33.773735158220624,38.251657186499614
1,1182.3333333333333,1626.25,2018.5,3713.625,2874.0,2121.0,0.29572368,-0.39090335,0.609045180993443,0.44354680447439,957,2,128,394.1482813358307,25.80000000000001,33.659738948665854,38.189942926480605
1,1753.6,2401.125,3044.1666666666665,3653.333333333333,4025.5,3495.5,0.09095433,-0.20682417,0.17370352064481787,0.13642131979695427,969,2,90,394.1482813358307,27.81666666666672,33.661894905347744,38.16649689756508
1,1372.0,1898.0,2320.0,4357.0,3774.0,2896.0,0.30507714,-0.3931255,0.6375187781672509,0.4575814301759641,973,4,40,387.91971349716187,27.162000000000035,33.60314508576633,38.13793047153008
1,807.0,1250.0,1492.0,4409.5,2052.5,1430.0,0.49436584,-0.55826485,0.9977770177838576,0.7414859369705185,1042,3,203,389.0153172016144,27.27333333333337,33.684801945092794,38.090229929943334
1,1328.0,1801.5,2305.3,4145.2,3509.0,2875.0,0.2852337,-0.39411774,0.5736779745572461,0.4278173926523019,1053,3,291,363.5315971374512,27.14500000000004,33.55760050086147,38.01962234861154
1,1966.4285714285713,2536.5,3314.0,4459.0,4655.0,3632.8,0.14730477,-0.27481952,0.2983080370102947,0.2209429471923844,1062,1,308,362.7760647535324,26.160000000000025,33.58023804602128,37.99455935218461
1,808.2727272727273,1142.3333333333335,1002.3846153846154,4907.666666666667,2811.0,1709.6,0.6607865,-0.62236917,2.0085060530940178,0.9910958889252814,1011,2,0,358.7651826143265,26.315000000000055,33.647342197745004,37.916675417051444
1,607.7307692307693,1057.68,933.4545454545455,4506.714285714285,1931.5,1221.5,0.6568288,-0.61984,1.609442835451422,0.9851527039623422,1038,2,32,342.3492224216461,27.53000000000003,33.780203028266286,37.92556873836423
1,1124.5454545454545,1637.4444444444443,1845.6,4274.0,3085.3333333333335,2206.6875,0.39682332,-0.44600868,0.8780088246585573,0.5951863531641639,1058,2,0,360.32868456840515,26.510000000000048,33.80230158425562,37.908860074079605
1,1424.0,1732.0,2282.5,4179.0,3077.0,2481.0,0.2935077,-0.41397396,0.6589645587213343,0.4402274837511606,1079,3,248,369.7739210128784,28.860000000000014,33.70231909313312,37.952518196887816
1,795.5,1246.0,1687.0,4112.0,2161.0,1391.0,0.41817555,-0.5349011,0.7331821617535904,0.6272092421760497,1095,1,232,386.2570607662201,30.08000000000004,33.85458353379138,38.01099852188399
1,1119.3333333333333,1494.3333333333333,1636.0,4560.333333333333,2260.0,1521.6666666666667,0.47194576,-0.5063863,1.2220705410374995,0.7078615421855248,1078,3,157,355.3151282072067,28.680000000000007,33.88207198148544,37.974886247462386
1,861.6,1297.0,1435.6666666666667,3564.75,2348.0,1572.0,0.4257812,-0.46644726,0.9309095943917333,0.6386079218809884,1078,6,12,366.1067065000534,28.585000000000036,33.907943461668076,37.95144021854687
1,1526.375,1938.6,2285.0,3942.5,2975.375,2385.0,0.26615816,-0.34073558,0.6677342357313352,0.39920520231213874,1079,3,308,370.268902361393,28.05000000000001,33.931119995998365,37.939312962211254
1,685.2,1063.875,1035.0,3865.0,2412.0,1450.3333333333333,0.577551,-0.5683092,1.4330565120518535,0.8662381389654117,1086,2,148,370.268902361393,28.630000000000052,33.949176133209164,37.94820628352404
1,541.875,931.4,791.0,4549.0,2379.0,1305.0,0.7037453,-0.6600978,1.7957018790839911,1.0555191461473645,1093,3,0,380.0400950908661,29.970000000000027,33.974239129636096,37.95332668064352
1,732.6363636363636,1110.0,1061.375,4043.0,2526.8888888888887,1613.0,0.58413124,-0.569183,1.5158305949558393,0.8761110703004481,1084,1,180,378.24959897994995,28.33000000000004,33.97693407548846,37.89538534481781
1,1216.8794642857142,1632.125,1997.3333333333335,3373.285714285714,2695.8571428571427,2164.9166666666665,0.25619996,-0.34785572,0.5519981097001918,0.3842641641583956,1087,1,180,361.28829276561737,29.150000000000034,33.89473822699152,37.9050871498863
1,958.3333333333333,1337.1333333333332,1474.5,4124.857142857143,2479.6666666666665,1585.3333333333333,0.4733324,-0.51038605,1.145286746095438,0.7099352024286334,1102,3,292,366.7141503095627,27.83000000000004,33.85296656627997,37.89915826901111
1,577.7714285714285,849.5,738.25,4200.6,2419.5,1348.4,0.7010438,-0.663571,2.0140179227314876,1.0514592000971787,1093,1,52,372.388727247715,28.060000000000002,33.90228407537813,37.88676151809027
1,1095.0,1439.0,1723.0,3185.0,2340.0,2031.0,0.297881,-0.37759516,0.6881295302645203,0.44677600081491287,1070,2,180,348.5584719181061,29.910666666666714,34.12839003239101,37.81453696924706
1,883.25,1199.75,1522.0,3344.6666666666665,2817.0,2144.0,0.37452054,-0.47198942,0.7784793456673239,0.5617231106393179,1092,2,148,357.77006447315216,29.25666666666666,34.16531079056832,37.821813323048424
1,630.5,951.0,948.0,3988.0,2442.0,1511.5,0.6158833,-0.6149018,1.535896529075936,0.9237313886356731,1053,3,112,348.6727718114853,29.710000000000036,34.1952246895295,37.79971476705908
1,496.0,871.0,625.0,4328.5,2340.25,1246.0,0.7476532,-0.6649678,2.1238100699621514,1.1213665724666935,1186,3,68,423.7447863817215,31.682000000000016,34.209507902547,37.96760989366102
1,732.8076923076923,1060.1304347826087,1215.1789772727273,3672.5,2513.714285714286,1649.2102272727273,0.50275826,-0.55199105,1.1233947865103524,0.754060264820221,1193,1,180,385.9558832645416,31.58000000000004,34.20223154874564,37.93068913548371
1,651.5833333333334,928.4166666666667,1054.2333333333333,3816.3333333333335,2473.4,1580.75,0.56710035,-0.60865515,1.3138196583812034,0.8505631894451593,1109,3,112,374.69588971138,29.720000000000027,34.16342432847167,37.87140032673182
1,827.3166666666666,1231.6666666666667,1319.8333333333333,3626.6,2509.0,1704.5,0.46634948,-0.49296045,1.0795981947155022,0.6994535335022369,1123,2,212,374.69588971138,28.640000000000043,34.19037378699526,37.85792559747003
1,938.5,1300.0,1690.6666666666667,3238.25,2832.75,2116.25,0.31398043,-0.42709193,0.6098129613576063,0.4709228610552296,1139,1,308,424.64178907871246,27.685000000000002,34.185253389875776,37.53183714933464
1,806.0,1123.7142857142858,1609.0,3144.333333333333,2720.75,1992.3333333333333,0.3230014,-0.47342935,0.5682771554064058,0.48445114469024997,1092,1,90,381.9798814058304,28.105999999999995,34.16531079056832,37.5517797486421
1,866.3333333333334,1134.8333333333335,1523.1666666666665,3926.0,2702.0,1741.5,0.44095427,-0.55152315,0.9145289386211972,0.66137072603829,1003,1,128,351.64343124628067,29.416666666666686,33.51205591595661,37.509469098760064
1,519.5,863.0,549.0,5083.5,2271.0,1141.375,0.8050599,-0.7097452,2.529142729655865,1.207482691283508,1001,1,308,354.76052737236023,28.390000000000043,33.48780140328538,37.536957546454126
1,1012.0,1335.0,1733.0,3644.45,2764.0,1868.5,0.3554566,-0.4637962,0.7404760244520371,0.5331353024851476,1017,2,90,347.3146765232086,29.096666666666692,33.42393118658448,37.56444599414818
1,739.75,986.0,1221.95,3519.958333333333,2462.5,1702.5,0.4846168,-0.56235725,1.0830398212849388,0.7268485245717278,1004,3,52,357.77732622623444,29.08200000000005,33.34982017564462,37.58088516384757
1,1409.3333333333335,1696.5454545454545,1791.5277777777778,3675.5,3084.75,2338.0,0.3446063,-0.36838007,1.2215606178496299,0.5168621812620979,1002,1,232,341.21659553050995,27.200000000000045,33.17491818982655,37.65984707732167
1,615.2,988.4444444444445,898.2,4297.0,2702.5,1582.0,0.65421927,-0.6259749,1.674879760309075,0.9812344823604136,1000,2,148,346.52230298519135,27.456666666666706,33.11535988648942,37.645833358889405
1,1124.5714285714287,1383.5454545454545,1636.8333333333333,3359.4285714285716,2968.3333333333335,2164.3333333333335,0.3447768,-0.41659158,0.9071747416992679,0.5171134639576107,1004,3,337,340.9835510253906,27.823333333333323,33.031277575895835,37.652570723520306
1,424.0,621.4117647058823,766.6666666666667,2917.5,1674.2222222222222,1120.5,0.58380455,-0.64881194,1.2393876531827435,0.8755880224353174,1003,1,180,300.7244784832001,28.103333333333353,32.84505681749786,37.691377943794265
1,468.22222222222223,719.4444444444445,900.4166666666667,3246.5,1711.6363636363637,1164.0,0.5657416,-0.63718885,1.1414612390528702,0.8485101167393356,1007,3,112,300.7244784832001,27.450000000000045,32.841283893304556,37.673321806583466
1,685.5555555555555,1043.5714285714287,1098.8333333333333,3050.2,2231.3333333333335,1480.0,0.47031838,-0.49016625,1.083482631999763,0.7053925742653793,1009,1,128,300.10637974739075,28.150000000000034,32.801937683860125,37.63235862962762
1,428.0,652.375,848.2,2963.0,1739.5,1164.0,0.5548909,-0.63911074,1.0916336306574164,0.8322270902746808,1012,1,52,299.477049946785,28.200000000000045,32.75720158271097,37.596515849791246
1,411.175,733.0512820512821,972.3333333333334,3171.25,1885.3333333333333,1364.5,0.53067994,-0.62449044,0.9282143824509193,0.7959239075790785,1024,3,270,415.45262783765793,29.423333333333346,33.022923243753525,37.25425772654171
1,477.75,732.7333333333333,1119.125,3399.5,2189.6,1553.0,0.50466126,-0.64535725,0.872753889431081,0.756908140403286,1035,4,140,399.7042843103409,30.61666666666673,32.94315284652372,37.26207306951355
1,490.3333333333333,776.8,865.0,2987.0,2522.0,1804.0,0.55088264,-0.5872257,1.1787579157871346,0.826216742375081,29,3,203,911.989422082901,31.180000000000007,31.093342013464795,36.943260975179534
1,728.0,1070.6666666666667,1510.5,3426.0,2733.3333333333335,2207.0,0.38802797,-0.5237954,0.6811877667140825,0.5819829856187968,17,1,270,897.1331411600113,31.410000000000025,31.069356995378804,36.95296278024802
1,729.2857142857143,1060.2857142857142,1210.25,3719.8,2602.5,1579.6666666666667,0.50903136,-0.5563738,1.1380854708385382,0.7634695926417945,1017,1,0,296.34587675333023,31.33000000000004,33.96130338954478,37.499228304521104
1,603.2,835.0,964.0,3654.333333333333,1825.75,1253.8333333333335,0.58253336,-0.6280071,1.368337176183372,0.8737054811821168,1030,2,328,304.7664954662323,29.422000000000025,33.99984111523351,37.50623516373724
1,587.0,815.4,780.5,3207.5,1786.0,1174.5,0.6085757,-0.5946208,1.7390369733447981,0.9127491538172245,1027,1,0,304.7664954662323,29.525000000000034,33.98986981557978,37.517823430902375
1,527.5,747.625,701.0,3510.0,1840.0,1103.5,0.66706246,-0.6488066,1.8673137007245897,1.0004748901816454,1035,3,308,262.4445695877075,28.745000000000005,34.0162802849329,37.521865849680914
1,681.1666666666666,895.0833333333333,1120.45,3143.0,1956.0,1418.5,0.4743928,-0.5566791,1.0627213400729303,0.7115057634353124,1037,0,0,262.4445695877075,28.430000000000007,34.02032270371143,37.509469098760064
1,467.5,727.25,563.75,4024.475,1745.0,910.0,0.75426227,-0.69390064,2.2174326740095722,1.1312701240540672,1058,1,270,246.26045489311218,28.77000000000004,34.01412432825101,37.48251964023648
1,578.6166666666667,871.0,869.5,4250.0,2681.5,1375.75,0.6603184,-0.65983206,1.6479391620152584,0.9903808593750001,1054,1,0,296.34587675333023,28.54666666666668,33.9952597072845,37.47281783516799
1,552.0,932.625,851.75,4210.75,2415.2,1249.75,0.66350615,-0.637349,1.6204351391769984,0.995160971755876,1097,2,0,295.43651127815247,28.285000000000025,34.066945266957234,37.47793823228747
1,549.0,760.2142857142858,799.5,3804.0,1779.75,1075.25,0.6526556,-0.66688055,1.6749358902887723,0.9788770634231103,1065,1,270,295.43651127815247,28.403333333333364,34.07610808285526,37.4924909398902
1,1268.125,1615.2,1864.6666666666667,3190.3333333333335,2994.0,2310.5,0.2622486,-0.3277749,0.6807512741620058,0.3933339926812383,1073,1,128,295.43651127815247,27.633333333333383,34.09308624172511,37.486562059015014
1,588.0,777.0,769.5,3652.0,1899.5,1071.25,0.65192807,-0.6491307,1.8669041450777202,0.9777815468113975,1077,1,232,373.7976667881012,28.065000000000055,34.10736945474261,37.49572487491304
1,536.7777777777778,923.6666666666666,671.3333333333334,3254.5,1711.3333333333333,929.5833333333333,0.65799195,-0.5578603,1.982374910467615,0.9868622124119195,1058,1,232,293.5557760000229,28.140000000000043,34.077994544951906,37.50434870164058
1,597.3333333333334,856.3333333333334,956.0,3364.0,1758.25,1190.0,0.5574074,-0.5941869,1.3027483228738368,0.83601435019095,1091,1,270,373.7976667881012,27.272500000000036,34.122730646101054,37.470661878486105
1,532.6666666666666,784.7142857142857,770.325,3486.0,1646.8333333333335,1037.5,0.6380328,-0.6325138,1.6502843982061035,0.9569368014893731,1078,2,180,373.7976667881012,27.875000000000057,34.11734075439634,37.4879095319412
1,1151.5833333333335,1678.0,2130.0,3425.5,3392.333333333333,2567.5,0.23319232,-0.34241208,0.42786135376587353,0.3497570194384449,1124,2,0,295.43651127815247,28.910000000000025,34.08284544748615,37.46500249219615
1,1371.6,1845.625,2428.25,3545.0,3407.3333333333335,2720.5,0.18695852,-0.31524637,0.3566296225330523,0.28041431261770244,1156,4,17,295.43651127815247,28.13400000000007,34.09982360635601,37.453953214201476
1,872.0,1142.75,1344.5,3053.333333333333,2416.0,1881.0,0.38856256,-0.4553254,0.9324978172293364,0.5827775672603258,1083,1,52,373.7976667881012,27.8366666666667,34.10979490600974,37.47766873770223
1,835.75,1166.5,1312.6666666666667,3191.916666666667,2630.0,2024.5,0.4171862,-0.46471387,0.9786146382107117,0.6257098462847523,1097,1,52,295.43651127815247,27.683333333333394,34.088504833776106,37.47497379184988
1,462.0,856.3333333333334,595.5,5110.5,2338.083333333333,1088.5,0.79127234,-0.7129689,2.162563463933327,1.1868045211600806,1134,2,90,373.7976667881012,27.50333333333333,34.11545429229969,37.454222708786716
1,626.25,865.625,1008.5,3610.3333333333335,2040.25,1375.0,0.5633096,-0.61321133,1.3099663508739543,0.8448729975465434,1101,1,128,354.2292927503586,28.735000000000014,34.12704255946483,37.50030628286205
1,953.5,1369.25,1573.5,3287.75,2478.0,1933.5,0.35263565,-0.41196048,0.76823967016223,0.5288990589808196,1095,1,270,354.2292927503586,28.340000000000032,34.11761024898158,37.507313142078175
1,535.4,855.3333333333334,1117.8333333333333,3472.833333333333,2074.25,1440.25,0.5129974,-0.6047595,0.9549362024221455,0.7694122771989691,1117,1,232,354.2292927503586,28.380000000000052,34.14051728872662,37.503809712470115
1,796.0,1180.8333333333335,1364.3333333333333,3194.75,2420.5,1673.0,0.4014879,-0.46026245,0.8455752144254015,0.602165768070913,1090,1,308,354.2292927503586,28.140000000000043,34.13485790243667,37.52860321431181
1,559.75,879.5,953.8333333333333,3121.0,2048.5,1235.25,0.5318418,-0.56030494,1.1659269222147501,0.7976648126942583,1028,3,128,333.0702858567238,30.99000000000001,34.125156097368176,37.60729563320068
1,732.45,1075.3333333333333,1431.0,2724.166666666667,2421.75,1795.6666666666665,0.31121898,-0.43396062,0.5556948154726522,0.4667722788160745,1040,2,180,329.6969759464264,28.772000000000048,34.153992017988415,37.65284021810554
1,1019.0,1207.0,1490.0,3428.75,2918.0,2235.5,0.39415503,-0.4792644,1.0253054101221641,0.5911724348223815,923,3,157,334.6885761618614,31.723333333333358,33.76861476110114,38.31876133822334
1,1115.5,1360.0,1679.0,3323.0,2864.0,2145.0,0.32866853,-0.41917574,0.8168132359517066,0.4929535232383808,925,2,90,334.6885761618614,28.110000000000014,33.79313876835761,38.32792415412136
1,582.75,978.5,798.0,3373.3333333333335,1931.0,1141.0,0.61738855,-0.5503045,1.6980033186448498,0.9259717949742319,923,2,52,334.6885761618614,27.762000000000057,33.77858606075487,38.34409382923551
1,592.0,987.0,794.0,4029.0,1811.5,1036.5,0.67074436,-0.6064593,1.8574873679375288,1.0060122317819011,923,2,213,337.0690449476242,29.396666666666704,33.754870537254114,38.357299063912066
1,648.5,973.0,921.5,3994.5,2578.0,1415.0,0.6251017,-0.60825366,1.6483398594646783,0.9375572053289942,928,1,0,341.95962035655975,27.935000000000002,33.823052667318784,38.33924292670127
1,1198.6,1528.0,1707.0,3492.0,2512.0,1768.0,0.34333527,-0.39123505,0.9403645558950585,0.5149533609000866,927,0,0,346.0776867866516,28.36500000000001,33.80176259508515,38.36241946103155
1,781.0,1129.3333333333333,1189.5,3469.0,2854.0,1831.5,0.4893206,-0.50880754,1.1998631434887883,0.7339021249195106,935,2,180,356.94938546419144,29.720000000000027,33.8780295627069,38.34651928050263
1,719.5,1073.6666666666667,1052.0,4151.0,2608.5,1686.5,0.5956179,-0.5890009,1.5287849637413053,0.8933410204669934,935,2,270,357.21416264772415,29.685000000000002,33.86832775763841,38.366192385224856
1,683.6666666666666,1052.0,1077.75,3845.5,2602.5,1492.0,0.56217945,-0.5703931,1.3343698775431492,0.8431835491241432,924,2,308,337.0690449476242,33.48000000000002,33.761338407299775,38.390177403310844
1,1168.75,1486.6666666666667,1964.5,3184.0,3029.5,2603.0,0.2368651,-0.36340278,0.4912287768625002,0.35526315789473684,928,2,52,346.0776867866516,29.980000000000018,33.808769454301284,38.394758811259855
1,543.0,920.0,663.5,5075.0,2490.0,1298.0,0.7687549,-0.69307756,2.2126090881733376,1.153031887088343,930,3,249,346.0776867866516,30.845000000000027,33.82413064565973,38.39799274628268
1,911.3333333333334,1232.0,1403.0,3957.0,2778.6666666666665,1896.0,0.47649252,-0.52514935,1.1523190759790651,0.714672138793023,922,0,0,341.2607830762863,30.02333333333337,33.77831656616963,38.42655917231768
1,1484.6,1810.6666666666667,2161.5,3408.0,3801.0,2853.0,0.22380824,-0.30608073,0.5943072375321827,0.3356822262118492,922,1,180,341.2607830762863,31.515000000000043,33.75756548310647,38.43087108568146
1,952.3333333333334,1323.0,1461.5,4115.5,2970.3333333333335,1988.0,0.4758831,-0.5134688,1.15531951941494,0.7137606454504706,918,3,291,349.2311142683029,32.03000000000003,33.726034616633875,38.446771266210376
1,730.0,1071.0,923.1666666666666,4084.0,2798.6666666666665,1779.0,0.6312619,-0.58448106,1.9045753996947057,0.9467982426945349,920,2,308,341.2607830762863,30.650000000000034,33.75621801018029,38.44973570664797
1,562.375,881.5,747.25,4472.0,2409.0,1255.0,0.7136562,-0.6706827,1.9650747174191165,1.0703817232626083,937,3,69,341.6807965040207,29.463333333333367,33.83032902112015,38.47210375722254
1,916.0,1207.0,1589.5,2607.0,2723.0,2074.5,0.24246396,-0.3670687,0.4822274881516587,0.36365260900643315,923,1,270,345.25220108032227,30.440000000000055,33.79098281167572,38.45350863084127
1,906.5,1222.0,1492.25,2451.5,2544.6666666666665,2137.3333333333335,0.24323297,-0.33469445,0.5205111509034674,0.3648031945236737,929,1,0,344.006107211113,30.420000000000016,33.82008822688119,38.446232277039904
1,974.0,1393.0,1702.0,3402.5,2991.0,2282.0,0.33313742,-0.41903868,0.6736787893193884,0.49965719882468174,941,3,249,352.6666074991226,29.08333333333337,33.859973425496094,38.43545249363047
1,627.5,975.5,832.0,4166.0,2224.0,1221.0,0.6670668,-0.6205388,1.8718769299870865,1.0005001500450135,938,3,308,352.6666074991226,28.576666666666654,33.88638389484921,38.42009130227203
1,609.5,1010.0,862.0,3816.5,2171.5,1203.5,0.63150585,-0.5814773,1.67175918067108,0.9471575122889506,933,4,180,357.21416264772415,30.15500000000003,33.86239887676322,38.39987920837933
1,553.6666666666666,878.8571428571429,844.0,4201.333333333333,2340.0,1364.0,0.6654334,-0.65400624,1.6412997425284361,0.9980511973575558,947,1,180,371.6274893283844,29.060000000000002,33.92923353390171,38.37912812531617
1,550.5555555555555,856.0,672.0,5099.0,2618.125,1385.85,0.7671114,-0.71251047,2.212246393710231,1.1505674434722344,979,8,62,407.30144441127777,29.630000000000052,33.978281548414635,38.274294731659424
1,495.3333333333333,876.0,727.5,4866.0,2408.0,1262.5,0.7398766,-0.69487983,1.8753398586188146,1.1097157668930997,970,2,90,378.36666095256805,28.58000000000004,33.96507631373808,38.30070520101254
1,469.5,915.6666666666666,745.5,4929.0,2407.3333333333335,1318.0,0.73724556,-0.6866659,1.7781697624006458,1.1057709251101322,958,2,327,378.36666095256805,30.436666666666724,33.96938822710185,38.33843444294556
1,535.4,983.25,707.5,5096.0,2465.916666666667,1374.5,0.7561816,-0.6765226,2.059748427672956,1.1341747070985528,986,2,128,405.983690738678,29.20750000000004,34.00927342571676,38.2327925655331
1,598.0,932.6666666666666,801.0,4464.5,2397.5,1409.3333333333335,0.69575536,-0.6543866,1.913454507468923,1.0435339916445119,974,0,0,405.983690738678,28.110000000000014,34.02679057375709,38.235218016800225
1,635.5833333333334,922.0,991.625,3932.0,2591.666666666667,1681.0,0.5971972,-0.6201071,1.436887629193442,0.8957048206534155,978,0,0,405.983690738678,27.174000000000035,34.042690754286006,38.22767216841362
1,723.375,1032.75,986.2,3654.5,2280.5,1453.25,0.57497793,-0.5593365,1.6084221693777103,0.8623739550116349,990,4,285,435.6134104728699,30.963333333333367,34.05293154852497,38.24438083269825
1,513.3376623376623,837.75,824.5,4284.5,2572.0,1485.5,0.67723626,-0.67289764,1.607069610326939,1.0157549662393581,979,2,308,420.0008112192154,30.33400000000006,34.06451981569011,38.2613589915681
1,845.6,1197.4,1777.0,2603.0,2585.0,2166.0,0.18858448,-0.3698558,0.2982380127094165,0.282844424152494,962,2,308,385.66068226099014,30.060000000000002,34.062902848178695,38.314179930274335
1,521.25,815.0,658.3333333333334,4363.0,2373.0,1333.0,0.73778546,-0.68520665,2.1027140032730745,1.1065679864591285,960,2,213,385.66068226099014,31.200000000000045,34.052662053939734,38.32900213246231
1,852.4,1278.0,1582.0,2927.0,2672.0,2001.0,0.2982923,-0.3921522,0.5579060892649743,0.447388845770041,972,0,0,420.0008112192154,29.45500000000004,34.07503010451431,38.28561350423933
1,756.5,1099.3333333333333,1183.8,4143.0,2921.0,1725.0,0.55553055,-0.5805939,1.3274598289984838,0.8332175773844159,934,3,180,341.95962035655975,28.730000000000018,33.84892414750143,38.31903083280858
1,973.6666666666666,1295.5,1271.3333333333333,4507.0,2323.3333333333335,1368.0,0.5599654,-0.55346835,1.6735629805868766,0.8398754073774986,931,2,232,346.0776867866516,30.192500000000052,33.83302396697251,38.36915682566245
1,780.5,1104.6666666666667,1370.0,3110.4,2395.0,1667.5,0.38844746,-0.47584856,0.7943187315728462,0.5826061728670581,945,2,213,361.6147807240486,30.57000000000005,33.92573010429365,38.44272884743184
1,711.6666666666666,1104.5,1014.6666666666666,4181.0,2277.3333333333335,1444.0,0.6094181,-0.58206415,1.604831897279946,0.91403919556083,955,1,180,349.93806993961334,30.877500000000055,33.895816205332466,38.45539509293792
1,849.0,1136.0,1406.525,2600.3333333333335,2483.0,2016.75,0.29794124,-0.3919172,0.6386756854115321,0.4468560959734489,943,1,180,349.93806993961334,29.396666666666704,33.85458353379138,38.485578486484336
1,485.6363636363636,815.8,562.3333333333334,4820.5,2340.75,1202.0,0.7910642,-0.7105193,2.3379936974440376,1.1864860681114553,918,3,249,345.25220108032227,31.685000000000002,33.76430284773737,38.47183426263731
1,656.25,1006.0,1036.5,3199.0,2042.6666666666667,1319.0,0.51056546,-0.521522,1.2021569335964644,0.765757790368272,917,1,90,345.78123795986176,30.930000000000007,33.800684616744206,38.50525159120655
1,690.5,1009.5,1136.5,2364.0,2114.0,1312.5,0.3506642,-0.4015118,0.7661818862742651,0.5259211653813196,930,0,0,341.6807965040207,29.54000000000002,33.82197468897784,38.48935141067764
1,927.6875,1325.0,1719.75,3221.5,2937.75,2165.1428571428573,0.30392107,-0.41713405,0.5702839077786269,0.45583548338139324,923,2,308,345.78123795986176,30.430000000000007,33.81388985142077,38.528967114707314
1,726.3333333333334,1078.3333333333333,1223.25,3504.0,2678.3333333333335,1940.3333333333333,0.48246866,-0.52935183,1.0564897165091718,0.7236264607900164,959,1,180,345.78123795986176,29.67500000000001,33.84676819081954,38.51576188003075
1,811.0,1167.5,1577.0,2444.5,2449.0,1926.0,0.21571553,-0.35354373,0.37231759656652363,0.3235330681253108,922,2,270,345.78123795986176,30.930000000000007,33.80445754093751,38.54675375733288
1,581.0,971.0,911.0,3303.0,1862.0,1172.0,0.5676317,-0.54562473,1.3552407932011332,0.8513465417012694,988,1,0,430.36837887763977,28.33000000000004,33.106197070591406,39.10891946213487
1,930.5,1352.5,1593.0,2708.0,2820.0,2309.5,0.25924203,-0.3338259,0.5271119935706519,0.3888178542368941,1000,2,308,432.82508766651154,29.05000000000001,33.05903551817513,39.107841483793926
1,846.0,1098.0,1352.0,2131.0,2599.5,2169.0,0.22365777,-0.3199133,0.4994870479610156,0.33543849576575285,1015,4,117,423.4607137441635,28.78000000000003,33.00729255780985,39.11457884842483
1,867.0,1216.5,1578.5,2825.5,2836.5,2368.0,0.2831517,-0.39807028,0.5379637618636756,0.4246793052559882,1049,1,0,453.84556698799133,28.45500000000004,32.98034309928626,39.128592566857094
1,718.0,1061.5,1463.0,2859.0,2595.0,2197.0,0.3229986,-0.45848745,0.558132096593635,0.4844418739155581,1003,3,111,417.43745493888855,29.102000000000032,33.11050898395518,39.04019834289973
1,1179.0,1658.0,2235.0,3458.0,3373.0,2852.0,0.21482523,-0.35183737,0.3809256836728337,0.3222095371915342,1027,1,90,466.5827317237854,30.350000000000023,32.81595140229239,39.01028444393855
1,632.0,880.6666666666666,1270.75,2499.0,2144.0,1745.6666666666667,0.32581738,-0.47884408,0.5702711486674714,0.4886612293614482,987,1,90,466.5827317237854,30.643333333333374,32.803824145956774,39.02537614071176
1,490.0,903.3333333333334,870.0,3626.0,1870.0,1171.5,0.6129893,-0.6011186,1.3321732405259088,0.9193817413543868,1012,2,180,454.1718848347664,29.650000000000034,32.80032071634871,39.060679931377656
1,1015.0,1367.5,1723.0,3466.5,2843.0,2465.0,0.33596686,-0.43421596,0.7038188277087033,0.5039017341040463,1010,2,308,466.5827317237854,29.775000000000034,32.83751096911126,39.03588642953596
1,1049.0,1441.0,1879.0,3458.0,2826.0,2557.0,0.2958591,-0.41171667,0.5749763309300124,0.4437470725995316,989,1,270,459.06541633605957,29.500000000000057,32.86122649261201,39.01351837896138
1,703.0,1040.0,1428.0,3526.0,2256.5,1677.0,0.42349616,-0.54445904,0.7687797728105533,0.6351801392673326,1037,2,52,454.1718848347664,28.953333333333376,32.831043099065596,39.08870736824218
1,447.0,688.0,932.0,2280.5,1700.5,1317.6666666666667,0.41976655,-0.53646624,0.745686794956868,0.6295518207282913,1029,3,157,459.8332860469818,28.99000000000001,32.75612360437003,39.08170050902605
1,802.6666666666666,1240.0,1548.0,3400.0,2966.0,2299.0,0.37429264,-0.46551725,0.6942570100464838,0.5613822370415278,962,1,180,466.57239174842834,30.880000000000052,32.845595806668335,38.9625839023518
1,660.0,963.6,1098.5,2871.0,2136.0,1461.0,0.44652978,-0.49741825,0.9818856636383779,0.6697103274559194,953,2,52,470.66328489780426,29.99000000000001,32.78927143835404,38.959349967328976
1,907.5,1332.5,1615.0,3209.0,2726.0,1989.0,0.33043116,-0.41318947,0.653948717948718,0.4955953984868898,956,2,308,484.3815096616745,31.33000000000004,32.77013732280229,38.93805989509534
1,422.6666666666667,752.75,807.5,3437.0,1652.0,1017.0,0.6195076,-0.64067066,1.2856933307256013,0.9291519434628975,957,2,308,504.535014629364,30.463333333333367,32.74696078847201,38.89386278311666
1,605.6666666666666,919.625,1377.5,3540.3333333333335,2427.3333333333335,1740.0,0.43979394,-0.5876083,0.7443842782736387,0.6596238563198915,1144,3,52,508.80259346961975,28.83000000000004,32.690636420157716,38.82514166388152
1,990.2941176470588,1319.4,1829.0833333333333,2961.25,3057.0,2509.375,0.23634402,-0.38355157,0.4348102748076542,0.3544790398330145,1136,2,52,524.2373322248459,28.420000000000016,32.70141620356715,38.80951097793783
1,672.0625,1061.3333333333333,1225.3333333333333,2590.5,2426.0,1877.8,0.3577637,-0.41873944,0.6960829928764306,0.5365752467464409,1133,1,270,549.3417754173279,28.57666666666671,32.70815356819805,38.79846169994317
1,669.3333333333334,984.7619047619048,1382.3076923076924,2968.1666666666665,2538.5,1838.5,0.36452553,-0.5017558,0.6350535470423345,0.5467254608457874,1165,3,128,508.80259346961975,27.720000000000027,32.65263768363946,38.805738053744534
1,939.4285714285714,1303.5,1811.1666666666667,3347.6666666666665,2856.5,2311.0,0.29783866,-0.43949547,0.5357427491714762,0.44671469182064866,1000,2,52,512.3098412752151,29.950000000000045,32.76959833363182,38.83376549060906
1,986.0,1334.0,1744.5,3008.0,2631.0,2109.0,0.26586008,-0.3855366,0.5194458148330867,0.39874815905743743,962,2,232,496.0615887641907,29.74000000000001,32.75612360437003,38.85936747620647
1,733.0,1055.0,1374.1,2993.75,2224.3333333333335,1669.5,0.37081173,-0.4788515,0.7051951897036672,0.5561539253951722,969,3,111,532.6936476230621,29.696666666666715,32.82295826150852,38.84023336065472
1,794.4285714285714,1122.3333333333333,1311.8,3235.6,2158.8,1817.0,0.42305493,-0.48492405,0.9340311783000365,0.6345126322038743,984,2,33,546.9019434452057,30.700000000000045,32.85529761173682,38.80466007540359
1,799.0,1121.0,1507.0,2956.0,2544.3333333333335,2102.0,0.3246695,-0.45008585,0.603096645300924,0.48694970314775404,969,1,90,524.1648516654968,29.05000000000001,32.89006241323225,38.87877108634345
1,971.0,1333.0,1684.0,3105.0,2938.0,2366.0,0.29672167,-0.39927897,0.5993251792492619,0.44503601628562484,956,2,0,507.18845891952515,29.920000000000016,32.835085517844135,38.878501591758216
1,606.5,919.9,1319.2857142857142,3732.5,2450.3333333333335,1849.0,0.4776953,-0.6045482,0.8496677782639968,0.71647203528813,1035,2,180,494.65795946121216,26.86500000000001,32.63377306267295,38.76181043635109
1,545.0,796.375,1316.8333333333333,3475.0,2440.0,1678.857142857143,0.45038435,-0.6271107,0.740162791229394,0.6755060165542187,1082,3,232,487.24113857746124,28.450000000000045,32.51546493975441,38.8378079093876
1,611.6666666666666,862.4444444444445,1116.6,3047.3333333333335,2269.0,1611.0,0.46368018,-0.55882686,0.935354266114603,0.6954367541001978,1105,2,52,484.56497263908386,29.500000000000057,32.473423784457616,38.81840429925062
1,790.0,1126.0,1549.0,2934.0,2718.0,2064.0,0.3089449,-0.4453202,0.5492544416243654,0.4633656741385079,1143,2,180,496.80799889564514,28.305000000000007,32.4718068169462,38.90599003945227
1,575.0,836.5,1181.0,3202.0,2546.0,1768.0,0.4610997,-0.5857373,0.845394461641429,0.6915706627124444,906,2,232,481.1474865078926,29.99000000000001,31.99695735776062,38.9129968986684
1,817.0,1266.5,1397.0,3251.0,2747.0,1929.0,0.39888123,-0.43929166,0.84173249795696,0.5982575024201355,929,3,157,501.74610567092896,27.04000000000002,32.01689995706808,38.88496946180388
1,445.0,634.6666666666666,788.0,2737.0,1741.0,1266.0,0.5529078,-0.62352943,1.1802107302894513,0.8292440788540631,954,2,308,501.74610567092896,28.298571428571506,32.04627486685878,38.892784804775715
1,694.0,1066.5,1071.0,3380.0,2442.0,1626.0,0.51875985,-0.5202969,1.2543459365493264,0.7780523419072223,961,2,213,485.8860267996788,28.07000000000005,32.068373422848126,38.86502686249642
1,497.6666666666667,745.5,881.0,2878.0,2129.4,1640.3333333333333,0.5312583,-0.5885194,1.1263395375070502,0.7967814868998537,925,1,90,485.8860267996788,28.366000000000042,32.09154995717841,38.89817469648043
1,627.0,1003.0,1165.0,2705.0,2478.5,1770.0,0.39793283,-0.45900756,0.7710023029938919,0.596822116005684,923,2,33,481.3707551956177,27.79000000000002,32.10960609438921,38.92916657378256
1,561.6,809.5,978.6666666666666,3065.5,2174.0,1557.0,0.5160107,-0.58219355,1.1037942099509856,0.773920388989616,924,0,0,475.8850973844528,28.476666666666688,32.06460049865482,38.93886837885105
1,886.75,1303.0,1518.0,2862.0,2735.0,2320.0,0.3068493,-0.37430972,0.6315344313135822,0.46022143590914283,940,7,263,494.2414433956146,27.498000000000047,32.026871256721805,38.94560574348194
1,804.0,1093.0,1417.0,3193.0,2624.0,2003.0,0.38524947,-0.48996735,0.7836216025414755,0.577811517189025,936,5,153,481.1474865078926,27.136666666666713,31.993992917323027,38.94102433553294
1,685.2,1055.0,1175.0,3121.0,2302.0,1638.0,0.4529795,-0.4947318,0.9666203059805285,0.6793902013266613,922,4,139,510.6632516384125,26.854000000000042,31.894818909956232,38.91515285535029
1,983.0,1307.0,1612.3333333333333,3000.0,2854.0,2232.0,0.30086002,-0.39308104,0.6542511393996543,0.45124110272067064,919,7,20,500.58681893348694,25.950000000000045,31.916647971360337,38.90760700696369
1,769.0,1151.0,1368.0,3183.5,2685.0,2199.0,0.3988795,-0.4689122,0.806888888888889,0.5982535149384886,920,4,0,510.6632516384125,26.860000000000014,31.876493278160194,38.91703931744694
1,1079.0,1383.0,1622.0,3380.0,3109.0,2410.0,0.3514594,-0.41927356,0.8754108156558111,0.5271364317841079,902,6,23,490.0686405301094,27.380000000000052,31.96704345879944,39.04855267504204
1,622.0,881.0,1127.0,3673.0,2287.5,1748.0,0.53041667,-0.6130874,1.1029284352798476,0.795542131028018,874,1,270,478.463024020195,28.01666666666671,31.99237594981161,39.05960195303671
1,1163.0,1598.0,1986.0,3447.5,3310.0,2623.0,0.2689795,-0.36656427,0.550097862089732,0.4034320942215679,929,4,0,478.463024020195,28.156666666666695,31.95464670787859,39.078736068588455
1,1288.0,1651.0,2053.0,2960.0,3661.0,3106.0,0.18092959,-0.28388637,0.40354155543691045,0.2713673082676773,900,3,128,494.62208116054535,28.265000000000043,31.912066563411326,39.08250899278176
1,1042.0,1320.0,1708.8,3119.0,2868.0,2324.0,0.29209992,-0.40527147,0.634333729173414,0.43810450883333685,861,2,128,514.7399176359177,28.05666666666673,31.88592558864345,39.07092072561662
1,1215.0,1541.0,1976.0,3006.0,3452.0,2501.0,0.20674428,-0.32219046,0.4477871489435701,0.3100852985449072,844,0,0,514.7399176359177,28.24000000000001,31.884039126546796,39.0512476208944
1,456.5,759.0,890.0,2280.0,2517.5,1762.0,0.4384858,-0.5004936,0.8279230448507952,0.657624980287021,31,9,300,907.9595012664795,30.167500000000018,31.16637504606371,36.95215429649232
1,1719.5,2000.6666666666667,2126.0,3306.3333333333335,3123.0,2014.0,0.21727926,-0.24602726,0.9317195105907117,0.32588888548025896,22,2,248,911.989422082901,31.32000000000005,31.07744183293588,36.943260975179534
1,657.3076923076923,1008.3333333333334,1392.0,2677.25,2726.5,1912.5,0.31584445,-0.45282292,0.5267036122853639,0.47370845875053746,37,0,0,897.1331411600113,30.910000000000025,31.086335154248662,36.95457974775944
1,559.4,817.0,915.6666666666666,2652.5,2370.0,1575.5,0.4867579,-0.5290388,1.0987052968960864,0.7300345600597797,56,4,298,902.0392150878906,30.90500000000003,31.11813551530649,36.967784982435994
1,1125.0,1494.6666666666667,1832.0,3157.6666666666665,3529.0,2743.0,0.2656824,-0.35745504,0.5800927681670994,0.3984836845796734,69,3,0,902.0392150878906,31.065000000000055,31.129993277056872,36.97290537955548
1,1006.5714285714286,1323.4,1461.0,2707.0,2445.3333333333335,1719.6,0.29894432,-0.34329098,0.7936883485604046,0.44836272040302266,80,1,309,902.0392150878906,30.105000000000018,31.13861710378442,36.97937324960114
1,869.7,1256.2,1691.1666666666667,3042.3636363636365,3605.0,2733.0,0.28545228,-0.4155257,0.5066268995881267,0.4281331814137483,87,1,0,902.0392150878906,30.441428571428617,31.12864580413069,36.98826657091392
1,478.6666666666667,752.0,1017.0,2771.5,2893.0,1991.3333333333333,0.46311206,-0.5731517,0.8300217617560791,0.6945764053840063,58,2,90,902.0392150878906,30.562000000000012,31.113284612772247,36.98934454925486
1,885.25,1295.0,1520.0,2659.0,2833.6666666666665,2247.5,0.27255324,-0.34496713,0.5539209726443769,0.4087809546596483,56,4,220,902.0392150878906,30.603333333333353,31.104930280629937,36.98395465755014
1,276.52941176470586,607.8,482.6470588235294,3088.5,2252.6,1355.4,0.72969633,-0.6711306,1.665545011579992,1.0943912842979018,47,4,255,902.0392150878906,30.512000000000057,31.10223533477758,36.976139314578305
1,818.25,1200.75,1532.0,3160.0,3127.6666666666665,2645.0,0.34697357,-0.44929197,0.6547487381608318,0.5204049014384656,18,1,180,897.1331411600113,32.03000000000003,31.062080641577435,36.96320357448698
1,789.3333333333334,1171.5,1643.5,2775.0,3188.5,2448.5,0.2560824,-0.4063094,0.4211329462557689,0.38408010862186015,22,2,248,897.1331411600113,31.700000000000045,31.067201038696915,36.96994093911788
1,628.0,997.3333333333334,1139.3333333333333,3142.3333333333335,2961.0,2095.0,0.46780849,-0.51815766,0.9503099696356275,0.7016307943797923,23,2,292,897.1331411600113,31.58333333333337,31.07151295206069,36.98152920628302
1,442.8,769.0,950.3333333333334,2425.0,2930.0,1971.0,0.43689513,-0.51847214,0.7669371056098744,0.6552456183658355,28,1,270,897.1331411600113,31.180000000000007,31.068818006208332,36.99203949510722
1,866.0,1381.6666666666667,1634.0,2932.6666666666665,3149.0,2434.0,0.28437957,-0.35949934,0.5200768902178556,0.4265226435061855,39,4,105,897.1331411600113,31.090000000000032,31.07878930586206,36.996890397641465
1,530.5,850.6666666666666,878.5,2866.25,2318.5,1548.0,0.5308098,-0.5422729,1.1947048924149537,0.7961084039783726,63,2,180,897.1331411600113,30.560000000000002,31.09630645390239,36.99823787056764
1,482.9130434782609,740.8125,1055.5,2314.6,2989.0,1967.0,0.3736091,-0.5150818,0.626199560092825,0.5603305049546075,72,2,212,1005.1742477416992,30.430000000000007,31.091455551368142,37.009287148562315
1,1895.6666666666667,2129.0,2272.2,2390.3333333333335,2637.285714285714,1971.75,0.025336727,-0.05782564,0.16343546512700424,0.03800101507602358,102,4,197,1005.1742477416992,30.470000000000027,31.085257175907717,37.01629400777845
1,645.25,998.75,1451.5,3021.2,3612.5,2867.5,0.3509513,-0.50310326,0.5694065069847245,0.52636814808191,130,2,180,1061.1476106643677,26.810000000000002,31.19116854790541,37.141878484498356
1,614.8333333333333,924.5,1213.0,2568.833333333333,3542.5,2665.5,0.3585122,-0.4707061,0.6472891039004438,0.5376971886842337,125,0,0,1145.543797492981,26.910000000000025,31.203026309655787,37.13675808737887
1,565.5,935.0,1347.5,2798.5,3482.0,2472.0,0.34997588,-0.4991295,0.5460429759530351,0.5249005185095864,138,1,129,1066.6548266410828,26.610000000000014,31.186856634541638,37.15562270834538
0,219.95652173913044,218.56521739130434,92.53846153846153,32.2125,14.367088607594937,15.942528735632184,-0.4835711,0.7430992,0.1421132198975309,-0.7224610589508755,1122,0,0,499.22907996177673,18.130000000000052,31.42805428832773,37.90724310656819
0,430.6666666666667,465.5,152.0,54.46153846153846,22.72222222222222,22.62162162162162,-0.47242922,0.79051703,0.10777547343011595,-0.706931797063743,1122,0,0,537.9641826152802,17.456666666666706,31.443145985100937,37.86385447834522
0,757.5,879.0,279.0,47.724137931034484,13.55,15.725,-0.7078628,0.89700466,0.1460618612379652,-1.0601717687970915,1122,0,0,541.3393511772156,17.78333333333336,31.47467685157353,37.82262180680413
0,468.3333333333333,542.3333333333334,139.75,45.0625,13.24390243902439,13.024390243902438,-0.5123436,0.8465685,0.0900777701143958,-0.7664418212478921,1122,0,0,555.6866192817688,17.33000000000004,31.484378656642022,37.78354509194493
0,396.5,492.42857142857144,142.55555555555554,45.75,46.166666666666664,45.0,-0.5140876,0.8299821,0.1168208635022794,-0.7690893041047521,1122,0,0,567.7062830924988,17.010000000000048,31.551752302950987,37.77384328687644
0,407.0,422.3333333333333,116.5,40.5,22.272727272727273,34.125,-0.48407644,0.824991,0.08217993079584775,-0.7238095238095238,1122,0,0,550.4744349718094,16.878000000000043,31.517256996040796,37.708625597249366
0,606.5714285714286,666.6666666666666,224.57142857142858,80.0,44.285714285714285,40.07692307692308,-0.47467166,0.78571427,0.11581067472306146,-0.7108405525638024,1122,0,0,483.5605583190918,16.890000000000043,31.603764757901505,37.72048335899974
0,565.0,591.125,203.75,75.0,45.916666666666664,45.55555555555556,-0.4618834,0.77481705,0.10951854372235455,-0.6915846016114593,1122,0,0,612.208903670311,16.810000000000002,31.5353131332516,37.649875777667944
0,481.5,539.125,282.0,160.0,104.2,98.33333333333333,-0.2760181,0.542285,0.1734679368690459,-0.41355932203389834,1122,0,0,493.3722593784332,16.638000000000034,31.621820895112307,37.67493877409488
0,659.2,971.1428571428571,1322.5,2188.5,3197.75,2289.3333333333335,0.24665338,-0.38528314,0.4179133288292636,0.36992738146091414,1432,5,180,554.526739358902,21.69500000000005,31.77974472206052,38.091038413699046
0,351.2173913043478,631.4285714285714,652.3333333333334,1988.0,2377.0,1512.5,0.50587046,-0.5178883,1.0215050187983257,0.7586620384979488,1411,5,136,509.9247760772705,22.70500000000004,31.713988043262972,38.04441585045324
0,353.89473684210526,617.4615384615385,594.0,3091.0,2054.5,1177.6666666666667,0.67761195,-0.66699857,1.5599271378593786,1.0162800162800163,1538,9,346,465.34365487098694,20.82200000000006,31.682457176790376,37.99455935218461
0,272.5,560.4,469.0,3135.0,1914.0,966.6666666666666,0.73973364,-0.69670403,1.70624,1.1094465251768624,1413,19,289,499.03701651096344,21.430000000000007,31.62316836803849,38.10397415379037
0,255.33333333333334,464.8333333333333,359.25,2374.5555555555557,1166.875,649.1666666666666,0.7371796,-0.67258215,1.9259009535135594,1.1055671255142987,1540,18,294,529.0039491653442,20.05000000000001,31.54905735709863,38.16541891922414
0,332.3636363636364,562.0,561.1,2022.1,1653.0,1012.2222222222222,0.56557757,-0.5650323,1.2607988903777296,0.8482021906568101,1601,21,113,519.7663013935089,19.045000000000016,31.503782266779005,38.229019641339804
0,360.3333333333333,750.5,498.25,4651.75,2477.4,1132.8333333333333,0.80650485,-0.7221528,2.102080064780606,1.209639840792156,1582,28,330,660.7935798168182,19.480000000000018,31.424281364134426,38.30447812520584
0,367.55555555555554,684.8888888888889,563.0,3448.0,2317.6,1195.25,0.719272,-0.6685665,1.7719678977970683,1.0787735261124267,1541,20,30,649.9367039203644,18.653333333333364,31.36499255538254,38.36592289063962
0,615.0,927.5714285714286,1000.875,3318.0,2865.25,1613.6,0.53651124,-0.5630405,1.2294396986257758,0.8046737085805238,1350,25,306,617.5675437450409,19.48333333333335,31.303278295363526,38.42197776436868
0,399.3636363636364,656.3,626.5714285714286,2695.5,2188.0,1253.0,0.6227827,-0.6083895,1.494587652078627,0.9340334508556196,1371,13,128,565.3476161956787,20.52000000000004,31.241564035344517,38.483153035217214
0,541.2631578947369,864.2,925.6666666666666,2831.0,2387.5,1331.25,0.50718725,-0.5322581,1.1009602128039189,0.7606795901166661,1702,21,58,570.8824073076248,18.500000000000057,31.152361327631446,38.52196025549118
0,299.22222222222223,468.25,334.1,360.0,45.34782608695652,39.42857142857143,0.037314508,0.13069725,0.5332143837496541,0.055931471350417455,965,0,0,513.0420414209366,19.660000000000025,31.10978118316418,38.62706314373316
0,353.0,671.8,465.8181818181818,3387.75,2095.4285714285716,986.0,0.7582406,-0.6690273,2.0657525178191536,1.1372133341982202,968,1,270,545.4370954036713,22.643333333333374,31.162063132699938,38.64188534592113
0,1706.2,2018.0,2090.0,2801.0,3189.0,2731.0,0.14536904,-0.16248184,0.6982911019446081,0.21803127874885006,953,0,0,549.062327504158,24.17500000000001,31.41754399950353,38.50983299915556
0,1933.0,2101.0,2352.0,2682.0,2659.0,2361.0,0.06555423,-0.12147188,0.35908596300326445,0.09832158109047572,953,0,0,577.9244499206543,24.220000000000027,31.400835335218908,38.48503949731386
0,431.6923076923077,784.3333333333334,847.2,2385.5,2171.0,1459.0,0.4758561,-0.5051265,0.9087294446534739,0.7136737597426699,1403,6,295,556.5874783992767,22.160000000000025,31.855742195097033,38.12499473143876
0,416.24,680.08,651.1666666666666,2260.1428571428573,1933.0,1169.4666666666667,0.5526641,-0.5373956,1.3204162055360689,0.8288537646366196,1354,8,36,559.8721535205841,20.135000000000048,31.949256816173875,38.13146260148442
0,1310.375,1623.5454545454545,1918.025,3148.0,4077.5,2976.175,0.24278897,-0.31948864,0.6367203576059861,0.3641475172825556,1952,10,254,501.0641783475876,20.560000000000002,31.114632085698428,37.95144021854687
0,869.695652173913,1245.4444444444443,1388.625,3229.75,3149.25,2160.1111111111113,0.39865214,-0.44340098,0.9132958417806152,0.5979134529512056,2095,10,159,524.6986331939697,17.000000000000057,31.142120533392486,37.90912956866484
0,671.2857142857143,1047.448275862069,1120.08,2640.5,3153.8,2185.6,0.40430465,-0.4319615,0.8783808320260301,0.6063763599817074,1907,5,0,547.6138126850128,19.250000000000057,31.16960898108654,37.86250700541904
0,1373.75,1628.142857142857,1822.111111111111,2654.0,4077.5,3067.0,0.18585081,-0.23956631,0.6331849107984795,0.2787450824656548,2060,3,68,576.5145854949951,16.49000000000001,31.228628295253195,37.813728485491346
0,671.0714285714286,919.6,991.5384615384615,2417.5,2792.0,1898.0,0.4182885,-0.4488628,1.0690344356577406,0.6273407183467197,1871,12,35,584.7214570045471,20.58000000000004,31.287108620249374,37.75282270922804
0,1406.9870129870128,1826.125,2012.25,3426.6666666666665,4007.416666666667,2858.4,0.26005486,-0.30470306,0.7145302578937673,0.3900464204188562,2089,20,302,840.118837594986,15.78666666666669,31.51186710433608,37.30761765441841
0,1597.35,2011.5,2261.5,3132.833333333333,3899.75,3042.0,0.16152753,-0.21797447,0.4612466363756672,0.24226883746794764,2093,18,329,852.2706408500671,16.390000000000043,31.55013533543957,37.25398823195647
0,1309.2857142857142,1491.6,1753.0,2332.0,4257.0,3232.5,0.14173807,-0.21979287,0.4775088951200546,0.2125810794272427,1865,7,351,846.1350028514862,17.52333333333337,31.61211909004382,37.207904657881144
0,2048.8714285714286,2389.6666666666665,2655.875,3391.9833333333336,4885.333333333333,3860.25,0.121713884,-0.1733617,0.464515722877338,0.18255573482060566,2220,18,43,1122.1947929859161,17.500000000000057,31.32645482969381,37.189309531499866
0,1466.952380952381,1953.1818181818182,2187.5,3646.0,3779.0,2868.5,0.25002143,-0.30233315,0.6319480551635347,0.375,1861,31,200,879.3929557800293,20.436666666666724,31.382779198008105,37.26476801536591
0,1181.1,1573.5,1883.0,3180.1666666666665,3745.0,2696.0,0.2561967,-0.3379847,0.5769373322856592,0.38425712592982686,1702,1,128,844.7686839103699,20.94666666666666,31.381431725081924,37.32270935119162
0,1174.3846153846155,1568.142857142857,1759.0,3169.25,4379.125,3201.375,0.28615636,-0.33797222,0.7171202146676524,0.429190971341618,1768,16,267,774.8455035686493,19.693333333333385,31.348283891097914,37.40571368344426
0,737.3939393939394,1062.95,1667.3611111111113,2504.5,3166.0,2514.0,0.20066318,-0.40408415,0.2998686937543237,0.3009586897906194,1313,6,116,458.66273641586304,29.402000000000044,32.837241474526024,37.162360072976284
0,735.6,1181.8,1894.75,2745.192857142857,3315.375,2550.0,0.18328735,-0.3981145,0.24728810137603358,0.27490141027180287,1343,12,174,476.69923067092896,29.650000000000034,32.88952342406178,37.13594960362317
0,1307.6666666666667,1726.157894736842,2144.3,3247.0,3841.6875,2907.0,0.20453323,-0.30581015,0.4371422228565084,0.30677139359768535,1521,27,331,426.6083599328995,26.652857142857158,32.95554959744456,37.123013863531845
0,565.7692307692307,799.0432692307693,868.7222222222222,2103.0,2356.909090909091,1675.9,0.4153409,-0.44932368,1.0041100157558716,0.6229065420560748,1398,11,270,473.61732959747314,26.57000000000005,32.9595920162231,37.08690158911024
0,590.6153846153846,792.4444444444445,978.2,1584.4,2026.75,1573.6666666666665,0.23655662,-0.3331962,0.5009942835055741,0.35476571339393703,1081,32,27,502.12501287460327,27.190000000000055,32.903267647908805,37.06588101146185
0,608.5454545454545,928.5357142857143,1054.3181818181818,2778.85,2509.176470588235,1741.0,0.44989726,-0.4990887,0.9492832529497073,0.6747578571199908,1442,15,0,571.4424312114716,22.55000000000001,32.669885337094556,37.01009563231802
0,797.825,1242.3125,1622.9,2591.5714285714284,3209.8,2510.25,0.22984411,-0.35193005,0.38159001372850637,0.34472526504162027,1138,9,32,589.2591123580933,25.870000000000005,32.60520663663795,37.025456823676464
0,622.85,878.7058823529412,1007.6923076923077,2651.375,2797.666666666667,1863.2,0.4492081,-0.502161,1.0203749068821268,0.673720096165215,1021,18,11,562.4637985229492,26.160000000000025,32.559931546318325,37.046207906739625
0,1120.6875,1436.8235294117646,1762.3636363636363,3030.8125,2902.0,2155.7,0.2646364,-0.35678577,0.6097329156413276,0.39691319174053896,1359,12,265,350.91788613796234,26.83000000000004,33.13530248579688,37.437514044502095
0,673.0,920.45,1047.2631578947369,2971.0,2446.4444444444443,1631.5714285714287,0.47874835,-0.52693725,1.142883050773262,0.7180331733382227,2195,27,75,372.13188004493713,24.870000000000005,33.128565121165984,37.38199815994351
0,1058.4130434782608,1182.4545454545455,1436.265306122449,2006.6842105263158,3274.4,3149.0625,0.1656774,-0.258449,0.530685776541689,0.24848000601400286,996,3,68,353.76296746730804,36.25666666666666,33.050142196862346,37.56390700497771
0,1374.952380952381,1674.0,1886.3157894736842,2403.125,2724.133333333333,2225.5,0.120484054,-0.17883313,0.3789060637373354,0.1807050152514067,1162,19,311,379.27376103401184,30.885000000000048,33.143387323353956,37.27554779877534
0,878.5555555555555,1090.8392857142858,1551.857142857143,1868.0,2731.75,2581.0,0.092443295,-0.26265728,0.1721544852479761,0.1386446695207267,1036,1,90,300.5398201942444,29.41500000000002,33.21695934512334,37.178799242675666
0,1409.75,1874.4,2320.8,3374.0,3834.0,3172.3333333333335,0.18494065,-0.28572518,0.3914266706805366,0.27738661703509904,1017,2,32,413.29927349090576,28.786,33.372727215389666,37.281746174235764
0,601.9302325581396,993.4864864864865,1245.6666666666667,2722.625,2653.5375,1932.7,0.37218997,-0.46530858,0.6497095741882066,0.5582146119200848,668,9,84,604.226550579071,25.815000000000055,33.10781403810282,36.80824418797636
0,671.2820512820513,984.125,1185.2222222222222,2607.285714285714,2840.2,2074.5,0.37496653,-0.4519563,0.7588379830378695,0.5623756326908953,779,14,60,655.6517338752747,26.982500000000016,33.08248154709065,36.83681061401137
0,346.4047619047619,606.5555555555555,671.6764705882352,2082.2,2159.3636363636365,1468.0,0.51219565,-0.5488206,1.0031536303503934,0.7681539966342336,1281,29,186,627.893720626831,26.54333333333335,33.01429941702598,36.866994007557786
0,156.52631578947367,414.84615384615387,351.85714285714283,2346.9,1323.3333333333333,784.4545454545455,0.73924506,-0.6995769,1.5182533232231152,1.1086621716027691,1563,11,290,610.7033435106277,25.8033333333334,32.938301943989465,36.89286548774042
0,414.9655172413793,728.8518518518518,794.2142857142857,3417.3076923076924,2898.285714285714,1774.3333333333333,0.6228374,-0.64842075,1.2930937314554305,0.9341451992465315,1296,29,333,568.4724941253662,24.190000000000055,32.87982161899329,36.90256729280892
0,799.3478260869565,1191.3125,1502.5,2600.125,3080.5,2435.5,0.26754212,-0.3715774,0.4881790678809244,0.40126428027418126,1549,36,193,577.8186864852905,26.98333333333335,32.82834815321324,36.90256729280892
0,863.6363636363636,1247.032258064516,1753.2857142857142,2719.6428571428573,3404.5,2544.25,0.21604574,-0.3712456,0.35721761088414483,0.3240323816823147,1580,1,180,623.8558495044708,25.50200000000001,32.765016925682815,36.915233538315
0,610.75,988.0833333333334,1332.8535353535353,2335.125,2799.6666666666665,2207.729166666667,0.273249,-0.40534374,0.4355716410349608,0.40981763488083545,1591,7,225,599.2960658073425,26.410000000000025,32.69926024688526,36.91577252748547
0,606.4489795918367,920.3181818181819,1181.076923076923,2210.5,2334.958333333333,1808.857142857143,0.30352342,-0.41209096,0.5418479113228379,0.45521804204367644,1260,27,103,599.2960658073425,27.230000000000018,32.656680102418,36.90553173324651
0,860.3888888888889,1279.2563025210084,1558.9565217391305,2561.136363636364,3018.818181818182,2431.0,0.24324206,-0.3337888,0.45862502059775795,0.36481880269733635,1260,29,218,592.7265564203262,25.33000000000004,32.59415735864328,36.91092162495123
0,412.9047619047619,736.875,869.9375,2750.0142857142855,2546.6666666666665,1673.8,0.51936513,-0.5773454,0.9643687270046655,0.7789401283284987,1309,25,53,592.7265564203262,24.55800000000005,32.56747739470493,36.92412685962778
0,419.1363636363636,828.6033834586467,799.7727272727273,3556.8333333333335,2967.2,1805.4615384615386,0.632846,-0.6221113,1.322217846300513,0.9491600276803132,1299,24,324,580.2308707237244,24.010000000000048,32.52354977731149,36.9362541159634
0,928.5806451612904,1311.0,1692.4444444444443,2653.3,3409.3333333333335,2509.0,0.22110264,-0.33859697,0.4110005864544418,0.3316158011258763,1615,17,196,515.4282405376434,22.610000000000014,32.47396277362809,36.94703389937283
0,605.4038461538462,926.2790697674419,1056.095238095238,2334.5,2480.875,1837.3333333333333,0.37704435,-0.4318664,0.7735638302175629,0.5654831280805471,1712,22,130,563.7010350227356,21.125000000000057,32.43973696130313,37.03111620996642
0,610.2777777777778,938.3181818181819,1235.6666666666667,2274.1428571428573,2628.0,1938.0,0.29587823,-0.41582596,0.5078560732907482,0.4437541120373322,1552,20,337,505.91869592666626,21.150000000000034,32.40605013814865,37.050789314688636
0,410.0689655172414,607.1666666666666,672.2962962962963,1822.8181818181818,1649.6666666666667,1200.1,0.46110985,-0.50027126,1.033868917860263,0.6915262126491253,1772,8,180,549.7641050815582,20.80333333333334,32.3613140369995,37.07207938692227
0,737.5625,1178.6842105263158,1439.8,2526.6,2862.1428571428573,2263.125,0.27400163,-0.36378202,0.4821923156700302,0.4109506163502987,1937,23,141,917.3696221113205,21.40500000000003,32.26106205129176,36.89448245525184
0,1248.2307692307693,1949.2222222222222,2615.75,3356.2,3456.916666666667,2833.75,0.12398798,-0.2651962,0.19103517832873956,0.18596639570025697,2131,29,51,818.4377224445343,20.130000000000052,32.22737522813728,36.922509892116366
0,789.7,1252.0,1694.3636363636363,2823.0,3437.3333333333335,2641.25,0.24984403,-0.38552147,0.3992385044072201,0.374724578189611,2172,9,164,824.5817458629608,19.82000000000005,32.19530537249421,36.953232274833255
0,794.1176470588235,1187.6363636363637,1496.6,2612.0,2735.0,2090.0,0.27147934,-0.37486842,0.49470279950158746,0.4071694531649266,2171,28,86,824.5817458629608,20.710000000000036,32.158923603487374,36.976139314578305
0,1178.8,1564.6923076923076,1956.8,2718.6666666666665,3247.8,2668.3571428571427,0.16294986,-0.26940873,0.33894082475205245,0.24439866266511734,2329,17,133,819.3571573495865,17.866000000000042,32.11337901858251,37.00416675144283
0,538.28,859.8571428571429,1116.6315789473683,2342.6666666666665,2588.3333333333335,1974.3,0.3544173,-0.4630128,0.6122392481417483,0.5315490965146026,1973,10,333,1090.9284937381744,22.430000000000007,32.08130916293944,37.019527942801275
0,1292.6666666666667,1741.4,2096.5833333333335,2862.2,3247.2,2665.375,0.15439607,-0.24346164,0.33301001560044285,0.231570757871601,2368,22,85,1129.46379840374,18.896666666666704,32.04896981271114,37.042434982546325
0,922.4666666666667,1311.4,1576.0,3095.6,3019.25,2228.5,0.3252847,-0.4048559,0.6742869313643705,0.48787483144624466,2204,14,326,880.6367604732513,18.54333333333335,32.02148136501708,37.07207938692227
0,430.7936507936508,701.2391304347826,829.0487804878048,2370.65,1821.111111111111,1293.625,0.48179573,-0.5434476,0.9365764597139553,0.7225806857272205,1792,34,149,851.031311750412,19.496666666666727,32.307684614537564,36.875348339700096
0,566.8571428571429,833.6136363636364,1201.3125,2930.0,2574.5,1876.1666666666667,0.41843542,-0.5570142,0.734056573156565,0.6275771831369404,1547,7,332,846.0889897346497,20.765000000000043,32.37694472294318,36.82360537933481
0,798.0769230769231,1248.5238095238096,1725.7424242424242,2975.6363636363635,3293.923076923077,2572.0,0.2658569,-0.4088653,0.42539362860575974,0.3987429267475283,1697,11,6,795.7124972343445,22.183333333333394,32.407128116489595,36.81821548763009
0,251.75,539.1111111111111,441.6666666666667,2257.8375,1681.5,1013.0,0.67277944,-0.6145005,1.503098054956681,1.0089822392249395,539,16,224,1009.7903397083282,26.28000000000003,32.12658425325907,36.77752180525948
0,608.0526315789474,751.5,716.8,2129.3333333333335,1898.0,1269.5,0.49629906,-0.47827595,1.8876679724023075,0.7443178491551424,1070,45,217,986.1458151340485,24.200000000000045,32.07511078747902,36.829803754795236
0,220.73684210526315,484.9310344827586,289.0857142857143,2659.6363636363635,1295.142857142857,656.0588235294117,0.80392474,-0.69157535,2.163207762019349,1.2056826783730332,1113,26,336,986.1458151340485,23.49000000000001,32.08130916293944,36.81120862841396
0,186.95555555555555,350.94117647058823,220.76,1826.3684210526317,1031.6666666666667,529.2857142857143,0.78432226,-0.67763776,2.294038627013081,1.1761961334473208,1245,18,276,1073.781390428543,20.420000000000016,31.994801401078735,36.862143105023534
0,333.1818181818182,656.6,525.0833333333334,2478.0,1960.6666666666667,1173.0,0.65030384,-0.581063,1.5595205254038773,0.9752933995505366,210,25,74,967.8054332733154,28.170000000000016,31.20275681507055,36.95026783439566
0,221.42857142857142,546.5333333333333,335.44444444444446,2447.375,1460.0,818.0,0.75891757,-0.6349031,1.8854318337212552,1.138171847164906,204,13,39,907.9595012664795,27.57000000000005,31.19844490170678,36.95889166112321
0,551.125,921.8181818181819,924.1428571428571,2537.0,1935.0,1306.0,0.46598977,-0.46697506,1.0209456633546972,0.69888368446031,118,15,51,907.9595012664795,27.57000000000005,31.19521096668395,36.9648205419984
0,226.625,548.25,416.9,2533.9285714285716,1607.0,911.1666666666666,0.7174353,-0.64424515,1.5861974108906574,1.075970628240066,177,15,73,967.8054332733154,29.14500000000004,31.237521616565978,36.95646620985609
0,282.8333333333333,479.4,496.27272727272725,1773.25,1872.142857142857,1167.1818181818182,0.5626634,-0.57436794,1.2135630853232884,0.8438091328681131,127,13,180,967.8054332733154,28.420000000000016,31.229436779008903,36.96643750950982
0,314.475,614.6842105263158,480.2631578947368,2460.6153846153848,1768.5,1071.5555555555557,0.67338794,-0.60024434,1.6587910487810154,1.009910250295759,164,23,235,967.8054332733154,28.310000000000002,31.2256638548156,36.97452234706689
0,330.11538461538464,673.9090909090909,609.6,2579.3333333333335,1998.75,1262.75,0.6176778,-0.58570004,1.3089432196490405,0.9263714557444896,165,12,279,967.8054332733154,28.106666666666683,31.22242991979277,36.98125971169779
0,482.30434782608694,801.4444444444445,799.5,2286.625,2482.5555555555557,1699.5,0.48187453,-0.48094144,1.0722369124329338,0.7226946908030616,151,11,217,967.8054332733154,28.122500000000002,31.212458620139042,36.97128841204406
0,431.27272727272725,844.8888888888889,752.7142857142857,2826.4,2474.6666666666665,1715.5,0.57938516,-0.53973174,1.2616299172133838,0.8689563520411216,171,18,264,967.8054332733154,27.57000000000005,31.213806093065223,36.96212559614604
0,536.0,925.0,864.5,2591.125,2278.5,1628.0,0.49965635,-0.4738526,1.1482891630366108,0.7493761076349958,132,10,309,967.8054332733154,28.670000000000016,31.215423060576637,36.95619671527085
0,392.85714285714283,825.4,631.75,3019.0,1931.0,1172.0,0.6539067,-0.5705962,1.5445172560400762,0.980725778842862,173,22,272,907.9595012664795,28.880000000000052,31.17095645401272,36.96751548785076
0,824.5,1115.0,1304.5,2761.5,2649.0,1987.0,0.35833743,-0.42473882,0.8267604834591159,0.5374400590188123,146,8,77,907.9595012664795,28.880000000000052,31.174459883620788,36.97317487414071
0,609.5263157894736,928.625,1193.3333333333333,2664.4285714285716,3037.0,2164.0,0.38133386,-0.48309982,0.6999907219182399,0.5719266632520196,91,16,67,907.9595012664795,29.010000000000048,31.181197248251685,36.978025776674954
0,479.0357142857143,736.1304347826087,861.1,2440.0,2455.0,1639.0,0.47829512,-0.5364608,0.9831668820881143,0.7173340198691545,182,11,294,907.9595012664795,28.670000000000016,31.166644540648946,36.98206819545349
0,487.6,793.7222222222222,791.2,2511.6666666666665,2289.5,1453.75,0.520901,-0.51974046,1.1938178857576374,0.7812332872523988,145,12,203,907.9595012664795,28.670000000000016,31.164758078552296,36.9753308308226
0,355.53846153846155,735.9411764705883,557.3125,2479.4,1900.3333333333333,1240.3333333333333,0.6329501,-0.5422314,1.521728836928594,0.9492688608386802,250,17,172,907.9595012664795,29.02333333333337,31.158290208506635,36.984763141305855
0,377.8,702.0,566.0,2710.0,2133.0,1347.5,0.6544567,-0.5885111,1.6373911715289446,0.9815351747291317,197,7,315,907.9595012664795,28.650000000000034,31.15936818684758,36.992847978862926
0,655.25,970.6,978.7,2001.6666666666667,1711.2857142857142,1094.3333333333333,0.34323516,-0.34689575,0.8638486287469139,0.514766399033838,142,15,153,907.9595012664795,28.57000000000005,31.151552843875738,36.99850736515288
0,561.5,883.8,808.0,2641.5,2068.25,1286.75,0.5315263,-0.49859586,1.3978043760006098,0.7971739130434783,242,17,309,1028.8468492031097,27.180000000000007,31.13268822290923,37.00901765397708
0,272.2,588.0,432.5,2183.0,1265.0,667.6666666666666,0.6692793,-0.5756045,1.5986301369863012,1.0037270642201834,254,23,63,1028.8468492031097,27.400000000000034,31.139425587540124,37.0076701810509
0,86.83333333333333,376.0,187.66666666666666,2250.0,1331.6666666666667,667.4,0.8460276,-0.7136329,1.891528325537314,1.2687811880511315,42,6,0,1014.9103925228119,28.170000000000016,31.190899053320173,37.00147180559048
0,350.7894736842105,605.875,604.35,1905.0,2058.5,1396.6666666666667,0.51832145,-0.5173993,1.1207943594618521,0.777327330318545,195,23,163,907.9595012664795,28.996666666666727,31.18011926991074,36.99850736515288
0,294.7857142857143,603.75,475.44827586206895,2922.3333333333335,1941.0,1107.2,0.72014195,-0.65755206,1.715845542316755,1.0800539826585784,325,20,275,907.9595012664795,28.683333333333337,31.171495443183193,36.996890397641465
0,162.47368421052633,468.3125,269.72727272727275,2227.1111111111113,1401.0,751.3333333333334,0.78394496,-0.65251285,1.8621022161806058,1.1756819887031242,96,6,180,1014.9103925228119,28.24000000000001,31.179041291569796,37.013868556511326
0,223.30434782608697,600.6190476190476,351.84615384615387,2725.5,1561.25,817.4,0.7713314,-0.63884693,1.8762315931839193,1.1568092072378287,239,15,49,1014.9103925228119,27.736666666666736,31.170147970257013,37.01090411607373
0,272.3333333333333,658.0714285714286,465.09090909090907,3109.0,1796.0,1036.5,0.7397431,-0.6506191,1.7132438705420787,1.1094594422756576,215,14,204,1014.9103925228119,28.424000000000035,31.16125464894423,37.00605321353949
0,354.93333333333334,714.9,690.2857142857143,2665.4,2218.5,1466.0,0.5885874,-0.5770198,1.190942982758383,0.8827495498716655,138,16,90,1014.9103925228119,28.015000000000043,31.167992013575127,37.02060592114222
0,223.34782608695653,592.4545454545455,336.94444444444446,2790.2,1322.6666666666667,682.8333333333334,0.78450346,-0.6497103,1.9546245904064858,1.1765670295003696,283,13,296,1028.8468492031097,27.160000000000025,31.14777991968244,37.01494653485227
0,288.4166666666667,609.5714285714286,475.90909090909093,2457.4,2030.0,1202.5,0.67551386,-0.6024929,1.5722476973226258,1.0130980822325304,144,9,240,1028.8468492031097,27.370000000000005,31.12729833120451,37.01467704026703
0,185.8,423.3333333333333,309.3333333333333,2082.0,1349.0,755.0,0.741288,-0.6620543,1.7409808158187654,1.1116995331335795,215,9,194,1028.8468492031097,27.422000000000025,31.127028836619278,37.02087541572746
0,298.6875,669.6538461538462,527.578947368421,2605.5,1972.25,1197.75,0.66322017,-0.5910703,1.4708581993112424,0.9946714703214756,249,11,174,1028.8468492031097,27.035000000000025,31.12729833120451,37.032194188307365
0,412.3333333333333,674.25,746.7272727272727,2313.0,2478.0,1611.5,0.5118995,-0.5485815,1.057759605112904,0.7677237281841812,291,9,222,1028.8468492031097,26.560000000000002,31.130262771642105,37.0400095312792
0,173.69230769230768,532.4285714285714,272.56,2796.5,1196.5,525.0,0.8223821,-0.68012017,2.0158185184475244,1.2333722096978068,270,14,66,1028.8468492031097,26.130000000000052,31.143198511733427,37.04216548796109
0,872.3333333333334,1319.1666666666667,1441.1666666666667,2728.8571428571427,2584.0,1927.0,0.3087969,-0.34824166,0.6659057441034656,0.46313983626585675,108,7,32,1014.9103925228119,28.090000000000032,31.16044616518852,37.02896025328453
0,360.5,718.8,626.6,2412.3333333333335,1780.0,1094.6666666666667,0.58761847,-0.5408691,1.286854254843839,0.8812826952392442,300,22,200,1028.8468492031097,27.510000000000048,31.143468006318663,37.0286907586993
0,268.2,564.875,498.44444444444446,2227.0,1965.5,1202.4285714285713,0.6342289,-0.59534365,1.347416376517868,0.9511688099944975,93,12,23,1014.9103925228119,27.090000000000032,31.156942735580458,37.03704509084161
0,225.45454545454547,550.5263157894736,350.1,2670.285714285714,1425.3333333333333,718.0,0.7681753,-0.6581444,1.8826706576427108,1.1520722399296328,288,13,64,1028.8468492031097,26.456666666666706,31.13376620125017,37.0467468959101
0,220.7391304347826,625.0588235294117,307.3888888888889,2480.6666666666665,1172.0,588.8333333333334,0.7794959,-0.59747964,2.0345564139370764,1.16903414750767,272,17,258,1028.8468492031097,26.920000000000016,31.11058966691989,37.048633358006754
0,403.5,748.3333333333334,686.75,2756.0,1765.0,1062.25,0.60104567,-0.5729097,1.343232716650438,0.9014375952951427,302,25,51,1028.8468492031097,27.140000000000043,31.11112865609036,37.025456823676464
0,222.1764705882353,611.8421052631579,293.47058823529414,2969.9285714285716,1264.0,594.4117647058823,0.82014424,-0.65835774,2.182776340100771,1.2300278833379676,290,19,21,1028.8468492031097,26.930000000000007,31.104121796874228,37.035967112500664
0,604.8,935.8,863.4,2733.0,2041.0,1355.0,0.5198532,-0.48986045,1.3834951456310682,0.7796713836915121,459,28,57,1026.5063426494598,26.30000000000001,31.091186056782906,37.05159779844435
0,223.66666666666666,476.47058823529414,410.2173913043478,2774.4545454545455,1413.0,748.5,0.74238014,-0.7068708,1.6606246026479954,1.1133953838717823,373,20,123,1026.5063426494598,25.470000000000027,31.09307251887956,37.065072527706135
0,283.93333333333334,606.7222222222222,354.2352941176471,2589.75,1297.0,660.6666666666666,0.7593498,-0.6203801,2.1606175345238294,1.138831314770883,251,26,222,1005.1742477416992,29.02000000000004,31.05992468489555,37.029499242455
0,994.3,1125.0,1179.4545454545455,2203.8333333333335,3311.5,2345.25,0.30277613,-0.32408753,1.403788894933329,0.4540970760757624,775,39,240,1026.5063426494598,24.950000000000045,31.075016381668757,37.06695898980279
0,159.6206896551724,476.93333333333334,230.79310344827587,2523.2,1235.5,589.375,0.8323938,-0.6820586,2.1133601128146045,1.2483641148067797,502,20,323,1026.5063426494598,25.03000000000003,31.07474688708352,37.08070321364982
0,153.63333333333333,476.85,289.1142857142857,2100.5833333333335,1290.0,683.5,0.75803274,-0.62998074,1.6872729063025598,1.1368112618701582,268,7,190,1043.4609093666077,26.690000000000055,31.113284612772247,37.09875935086062
0,424.0,675.1428571428571,803.7272727272727,2856.3333333333335,2472.3333333333335,1605.75,0.56081206,-0.6176427,1.140413495858307,0.8411031593935357,259,14,94,1043.4609093666077,26.620000000000005,31.13780862002871,37.09094400788878
0,358.7857142857143,540.3636363636364,481.9166666666667,2655.5,1801.3333333333333,1071.5,0.69279397,-0.6618356,1.9019091905315482,1.0390253618377374,378,27,239,1067.5442399978638,25.79000000000002,31.16017667060329,37.0895965349626
0,334.6666666666667,605.8214285714286,493.25,2595.166666666667,1731.25,1045.6666666666667,0.6805807,-0.6214785,1.725333807595491,1.0207057490490192,544,21,174,1067.5442399978638,25.930000000000007,31.18092775366645,37.081511697405524
0,350.4074074074074,680.125,483.3076923076923,3053.25,1701.0,1010.3333333333334,0.726679,-0.6356514,1.9316829062558016,1.0898644570943907,624,17,90,1067.5442399978638,25.900000000000034,31.196558439610126,37.073696354433686
0,216.8,520.5,347.25,2441.5,1288.0,668.0,0.7509637,-0.6485483,1.805387931034483,1.1262436138746974,311,20,61,1095.442655801773,26.27000000000004,31.214345082235695,37.06965393565515
0,748.875,1005.9,1100.5714285714287,2294.3333333333335,2597.75,1967.75,0.3516334,-0.39040673,0.9092697895121499,0.527372429123395,278,20,108,1095.442655801773,26.936666666666724,31.2151535659914,37.081511697405524
0,612.0,1006.6666666666666,1142.0,2602.0,2456.0,1740.6666666666667,0.38995728,-0.44208387,0.750256937307297,0.5848577914274269,502,12,58,1061.1476106643677,26.275000000000034,31.197905912536307,37.10280176963916
0,208.1,535.7777777777778,327.6666666666667,2827.0,1456.0,726.5,0.7922654,-0.6813481,1.9325240341245908,1.1882098145898263,375,29,334,1095.442655801773,26.210000000000036,31.20356529882626,37.09444743749685
0,202.0,503.3333333333333,357.16666666666663,2167.3333333333335,1291.8333333333335,665.0,0.7170397,-0.6230654,1.6183394921921561,1.0753465346534656,479,18,31,1061.1476106643677,24.83000000000004,31.16583605689324,37.13999202240171
0,416.8928571428571,910.875,680.0,4388.0,2622.5,1448.0,0.7316496,-0.6562006,1.735206522066123,1.097366084640426,604,33,340,1049.1142559051514,24.015000000000043,31.148588403438144,37.15211927873732
0,270.33333333333337,635.8333333333334,437.5,2741.6666666666665,1564.0,892.0,0.72477067,-0.6234888,1.7245895913377578,1.086985008910787,463,7,129,1061.1476106643677,24.83000000000004,31.180388764495977,37.12166639060567
0,337.1,687.1111111111111,527.4,2569.5,1846.0,1052.0,0.65940136,-0.57802075,1.5920820794286874,0.9889423387357137,682,6,337,1061.1476106643677,25.620000000000005,31.164758078552296,37.10576621007675
0,688.5,1005.0,1079.0,2502.0,2546.5,1838.5,0.39737505,-0.42686057,0.9329312266439389,0.5959793382660896,962,7,220,1059.2837085723877,26.310000000000002,31.12541186910786,37.11385104763383
0,1327.0,1707.0,1940.3333333333333,3242.6,3527.75,2459.0,0.25126055,-0.3102473,0.6599636469292467,0.37685446583024124,1429,23,46,1059.2837085723877,20.74000000000001,31.11112865609036,37.14699888161784
0,2015.3333333333333,2333.25,2656.222222222222,3145.625,4309.75,3503.5,0.084352925,-0.14827405,0.3082690322467763,0.12651848270216318,1899,15,43,1010.4165253639221,19.93833333333339,31.085526670492953,37.15670068668633
0,2050.5,2171.166666666667,2255.25,3042.0,4618.0,3681.5,0.14852045,-0.16704498,1.6448881455153668,0.22275966212071163,1644,39,356,1010.4165253639221,20.230000000000018,31.075824865424465,37.15966512712392
0,273.0,509.25,561.75,2525.166666666667,2031.0,1259.0,0.6360446,-0.6643506,1.2752219095042217,0.9539123862992255,742,9,246,1023.3313035964966,24.910000000000025,31.062889125333143,37.1429564628393
0,1123.3333333333333,1568.3333333333333,1756.8,3308.6666666666665,2855.3333333333335,2085.3333333333335,0.30636203,-0.35684505,0.715084416701482,0.4594976937603221,791,37,81,1023.3313035964966,24.510000000000048,31.06827901703786,37.12786476606609
0,416.4,478.0,460.6666666666667,1363.6666666666667,2482.0,1676.5,0.49497533,-0.48090497,2.2447795823665886,0.742259567083752,714,43,263,1023.3313035964966,24.49000000000001,31.08390970298154,37.1181629609976
0,998.2,1378.1666666666665,1558.0,2993.75,3004.333333333333,2187.25,0.31542814,-0.36953664,0.7391248391248391,0.47309023010599155,941,28,25,1059.2837085723877,23.980000000000018,31.128376309545455,37.130829206503684
0,1044.9,1377.7777777777778,1702.875,2910.6666666666665,2981.0,2163.3333333333335,0.26179272,-0.35744637,0.5705563253865777,0.39264654090322115,528,20,153,1023.3313035964966,24.590000000000032,31.099001399754748,37.10846115592911
0,423.3636363636364,574.0777777777778,571.1607142857142,2131.3333333333335,1796.25,1108.0,0.5773084,-0.5756077,1.6360387828484615,0.8658024721263679,1447,7,75,1010.4165253639221,20.230000000000018,31.072860424986867,37.18445862896562
0,497.3333333333333,719.4,670.1666666666667,2466.25,1898.0,1282.0,0.57265455,-0.5483496,1.6279192724855736,0.8588449379698748,1163,21,26,963.0520267486572,21.160000000000025,31.070973962890218,37.2068266795402
0,424.25,677.0,677.5,2152.75,1915.75,1227.0,0.5212437,-0.5215125,1.2144474171640256,0.7817274573876181,1087,26,168,963.0520267486572,21.010000000000048,31.072860424986867,37.22137938714293
0,303.0,560.4444444444445,497.55555555555554,2511.1428571428573,1460.6666666666667,826.5416666666667,0.66925526,-0.6350783,1.5609319128724954,1.0037161190951553,1344,23,183,963.0520267486572,20.696666666666715,31.091186056782906,37.21841494670534
0,278.88235294117646,526.8888888888889,485.4736842105263,1919.2,1395.0,814.4,0.5962249,-0.5691989,1.3074647301503446,0.8941514235759318,1067,34,139,963.9603576660156,22.182500000000005,31.112206634431303,37.21868444129058
0,269.0,456.6,435.8,1707.75,1332.4,851.75,0.5933848,-0.57807195,1.3789271698358665,0.8898696392341596,677,30,198,963.9603576660156,23.24333333333334,31.142659522562955,37.21356404417109
0,224.625,488.1578947368421,288.95652173913044,2341.0625,1230.5714285714287,621.0,0.78026277,-0.654917,2.145554191810712,1.1701717197073234,740,16,0,1049.1142559051514,22.763333333333378,31.1189439990622,37.19416043403411
0,289.0,667.9047619047619,483.6923076923077,2872.5,1571.1666666666667,819.8461538461538,0.7117613,-0.6226958,1.6551453971773336,1.0674828700414787,602,16,356,1049.1142559051514,22.980000000000018,31.13376620125017,37.17799075891996
0,206.86363636363637,526.7777777777778,307.1333333333333,2317.6666666666665,1169.3333333333333,584.0,0.76597583,-0.62960935,1.925806037758194,1.1487449053441512,682,15,54,1066.6548266410828,23.090000000000032,31.15209183304621,37.19847234739789
0,1825.2380952380952,2212.9473684210525,2466.5714285714284,3178.0,4576.666666666667,3695.6666666666665,0.12603766,-0.17901355,0.4146682653876898,0.18903974389796413,1815,19,183,1099.3478364944458,21.355000000000018,31.36687901747919,37.1858061018918
0,1686.0,1953.0,2139.8125,3045.8,4737.75,3617.3375,0.17471176,-0.21861246,0.6989188209246533,0.2620423775997918,1903,15,104,977.3568682670593,18.230000000000018,31.346127934416028,37.2316201813819
0,221.2258064516129,483.14285714285717,474.3,2210.0,1424.6,770.3666666666667,0.64661175,-0.6412052,1.2771490935744136,0.9697370381406436,801,18,187,1047.265474319458,23.736666666666736,31.404069270241738,37.073426859848446
0,229.0,512.2986111111111,359.2857142857143,2589.181818181818,1255.5,639.4666666666667,0.75628984,-0.6696425,1.8408226891350912,1.134242448931059,1152,21,301,1162.9114739894867,22.130000000000052,31.341816021052253,37.109000145099586
0,420.2,634.6500000000001,668.75,1694.5714285714287,1240.8333333333335,813.75,0.4340592,-0.45505396,1.003122206079571,0.6509510931149622,763,15,248,1162.9114739894867,23.53666666666669,31.3218734217448,37.12570880938421
0,205.4047619047619,503.5,396.2,2283.5,1711.5,1035.25,0.7042953,-0.63867956,1.5116954982458468,1.0562458025520485,694,20,252,1052.427500963211,23.55000000000001,31.28737811483461,37.09983732920156
0,296.8,539.75,475.5,2204.0,1714.0,1113.0,0.645083,-0.60656035,1.5258651129943503,0.9674440298507463,601,44,65,1052.427500963211,23.630000000000052,31.284952663567488,37.077469278626985
0,483.6,739.25,729.8125,2703.6,2030.25,1346.0,0.5748763,-0.57055926,1.4276014581329242,0.8621889026001682,418,37,86,1052.427500963211,25.890000000000043,31.284413674397015,37.056987690149064
0,641.6666666666666,1044.6666666666667,1050.0,2568.6666666666665,2291.6666666666665,1651.3333333333333,0.41967577,-0.42177123,0.9357926303249395,0.6294266635965922,139,3,248,1044.578376531601,28.183333333333337,31.291151039027913,37.02491783450599
0,348.9047619047619,610.7777777777778,549.8461538461538,2266.8571428571427,2039.3333333333333,1327.8,0.60958177,-0.5755002,1.4550208873832016,0.9142103754210298,219,18,145,1044.578376531601,27.33000000000004,31.293576490295035,37.00066332183477
0,422.07142857142856,735.8333333333334,676.875,2029.5,1713.0,1100.5714285714287,0.49979216,-0.46781582,1.1556100031732859,0.749549757561764,334,7,112,972.2888197898865,27.24833333333339,31.3218734217448,36.99581241930052
0,286.89473684210526,554.4,415.55555555555554,2032.1666666666667,1486.0,846.0,0.6604553,-0.57132363,1.7018467626554772,0.9904806208586732,591,12,191,1015.959281206131,25.930000000000007,31.354751761143575,37.04081801503491
0,287.2105263157895,543.4705882352941,543.8823529411765,2336.4666666666667,1698.125,925.5714285714286,0.6223497,-0.62258166,1.3002246787842529,0.9333625095543048,1060,32,69,1048.1304783821106,21.61500000000001,31.359333169092583,37.071809892337036
0,253.8875,566.4,479.66666666666663,2506.5,1648.25,945.0,0.67874086,-0.631358,1.455496410928491,1.0179408482142858,1133,23,259,1154.5894260406494,20.940000000000055,31.392481003076593,37.128942744407034
0,1581.6,1849.5,2029.0,2862.6666666666665,4353.375,3687.5,0.17042589,-0.21501079,0.6562926419649417,0.2556127142029775,1310,25,8,1047.265474319458,19.79400000000004,31.417005010333057,37.089866029547835
0,1501.7692307692307,1761.3076923076924,2021.5714285714287,2908.6666666666665,4302.333333333333,3451.0,0.1799295,-0.2456885,0.5873517717540879,0.26986687011989885,802,14,140,1003.0110530853271,30.390000000000043,31.424550858719662,37.03893155293826
0,1119.25,1497.0,1935.0,2954.0,3756.5,2856.0,0.20842709,-0.32734218,0.412843107464803,0.31260865119132836,254,17,204,953.7053571939468,32.120000000000005,31.415927031992116,36.97263588497024
0,738.0,989.6,1246.875,2244.5,3071.4,2317.5,0.28573987,-0.3880214,0.5949931412894376,0.42854841596563453,913,27,159,972.083117723465,27.795000000000016,31.476293819084948,37.02060592114222
0,802.6666666666666,1245.888888888889,1563.2,2981.4444444444443,3067.5,2222.25,0.3120694,-0.41055563,0.5590996376684629,0.4680525982550364,708,5,207,927.7041800022125,28.77000000000004,31.477641292011125,36.98718859257298
0,283.6842105263158,614.7857142857143,605.4375,2787.5,2072.5,1263.875,0.643119,-0.6386043,1.2705635516410236,0.9645363293120913,721,11,239,927.7041800022125,28.52333333333337,31.486804107909144,36.96643750950982
0,408.64285714285717,667.9090909090909,734.3333333333334,2263.0,2157.6666666666665,1459.75,0.5100089,-0.54423076,1.0600492017105025,0.7648857508200366,1255,24,228,904.6029319763184,26.24333333333334,31.516718006870324,36.990961516766276
0,669.7692307692307,994.0714285714286,1183.5,2527.5,3118.25,2056.2,0.36216652,-0.43543872,0.7294467360264524,0.5431766132291527,600,15,157,904.6029319763184,27.860000000000014,31.52668930652405,36.95916115570844
0,284.7368421052632,553.8181818181819,481.2,2720.5,1766.0,976.625,0.69940966,-0.66172,1.6118543179830978,1.048950721379052,806,24,196,1095.3138556480408,24.380000000000052,31.27309490181711,37.13298516318557
0,538.5555555555555,856.2,809.6666666666666,3167.2,2285.625,1608.1666666666665,0.59281176,-0.5743898,1.478250328147077,0.8891058573092752,1178,35,233,1095.3138556480408,23.29000000000002,31.268243999282866,37.14699888161784
0,609.3888888888889,860.9333333333333,870.8125,2556.236263736264,2530.6666666666665,1722.6666666666665,0.49180034,-0.4961132,1.3119427398810524,0.737592903812856,1180,44,276,1073.4946811199188,22.42500000000001,31.270130461379516,37.16155158922057
0,265.0,639.8461538461538,479.4666666666667,2536.1428571428573,1478.3333333333333,830.0,0.6820101,-0.59707284,1.500591339345399,1.0228455768468683,353,23,247,1095.3138556480408,26.010000000000048,31.25881168879961,37.10064581295727
0,906.6,1310.5,1467.125,2743.6666666666665,2617.5,1995.0,0.30315953,-0.35350463,0.6721588415971917,0.4546853202204391,283,21,245,1145.543797492981,26.36500000000001,31.246953927049233,37.119240939338546
0,802.5,1195.5,1286.0,2677.3333333333335,2368.5,1716.0,0.3510513,-0.38262254,0.7949416268307083,0.5265105327334652,353,20,327,1145.543797492981,26.450000000000045,31.237791111151214,37.14861584912925
0,396.77777777777777,799.9821428571429,726.125,2774.1666666666665,2138.0,1369.0,0.585106,-0.55235094,1.231954163575482,0.8775336531022745,433,14,303,1117.8155632019043,25.370000000000005,31.228628295253195,37.164785524243406
0,203.0,600.5,345.875,2580.0,1285.0,659.5,0.763575,-0.6223864,1.7823095333067411,1.1451668019307164,308,27,291,1117.8155632019043,25.33000000000004,31.221890930622298,37.183111156039445
0,456.0,839.75,816.5,2672.0,2371.0,1514.0,0.5318905,-0.5217484,1.1172326589595376,0.7977214101461737,559,29,253,1073.4946811199188,25.660000000000025,31.250726851242533,37.19766386364218
0,165.6,534.2222222222222,324.3333333333333,2675.375,1497.6666666666667,805.5,0.78375673,-0.6671095,1.7387432360808095,1.1754392056107212,520,18,349,1073.4946811199188,25.510000000000048,31.255038764606308,37.1858061018918
0,1251.5,1768.7692307692307,2084.7,3298.6666666666665,3640.6666666666665,2830.6666666666665,0.22550325,-0.3019076,0.47260944154768936,0.33822345773793305,1923,14,194,1122.1947929859161,19.140000000000043,31.32699381886428,37.16370754590246
0,175.84615384615384,470.8,369.0,2476.5,1389.6666666666667,723.5,0.74064314,-0.68052113,1.562197082872424,1.110769501054111,1323,17,188,934.996237039566,20.720000000000027,31.297618909073574,37.251293286104115
0,689.5,1142.8,1421.857142857143,2760.75,3243.5,2582.5,0.32010964,-0.4144817,0.5467865768992918,0.4801070632731992,1249,17,47,910.9636449813843,22.930000000000007,31.32591584052334,37.29441241974185
0,276.6,616.125,471.16666666666663,2931.3333333333335,1705.3333333333333,919.3333333333333,0.7230468,-0.6526386,1.6691166493283278,1.0844108139876583,1007,38,278,882.9546611309052,23.29666666666668,31.32456836759716,37.33726205879435
0,171.0,467.25,330.3333333333333,2127.625,1291.5,648.8333333333333,0.7312132,-0.63986707,1.5887661141804788,1.0965967832144128,733,14,259,833.7402803897858,24.6133333333334,31.268782988453335,37.35181476639709
0,569.5,918.3333333333334,1132.0,2692.0,2962.416666666667,2170.6666666666665,0.4079498,-0.49127504,0.7480220570606568,0.6118446855798144,619,18,84,911.662985086441,24.575000000000045,31.25881168879961,37.30546169773652
0,659.0,921.75,1283.25,2498.5,3130.0,2159.75,0.32134593,-0.46100432,0.5779748882336155,0.48195518540551263,756,10,201,964.1201407909393,24.850000000000023,31.246145443293525,37.27959021755388
0,192.54953560371519,480.88461538461536,400.6363636363636,1983.3125,1317.0,705.2857142857142,0.66388845,-0.6097028,1.3439803069332155,0.9956238696287261,658,20,257,964.1201407909393,22.79666666666668,31.214884071406164,37.281746174235764
0,202.53846153846155,460.72222222222223,339.0,1914.75,1160.1666666666667,596.0,0.699168,-0.61210054,1.6206674209039773,1.0485194632361097,777,14,222,964.1201407909393,23.57000000000005,31.212997609309515,37.26611548829209
0,199.5,489.0,337.75,2263.5,1246.0,673.0,0.74031717,-0.64468664,1.7226496108775382,1.1102623234361486,579,23,149,1021.6405334472656,24.85250000000002,31.20814670677527,37.238896535183265
0,120.66666666666666,393.125,217.83333333333334,2445.75,1240.75,579.3333333333333,0.83643585,-0.7230417,1.955170396372678,1.2544183427695579,394,12,349,1021.6405334472656,25.180000000000007,31.20033136380343,37.21841494670534
0,1321.0,1371.75,1455.0,1951.75,3113.0,2594.25,0.14581347,-0.17451482,1.6019026120606257,0.2186880915694475,1421,31,356,900.5186593532562,20.136666666666713,31.19170753707588,37.37687776282402
0,812.5,1004.0,1013.5,2591.5,2715.0,1964.375,0.4377254,-0.44152412,1.5292179474755305,0.6564970184440438,1171,46,347,900.5186593532562,19.750000000000057,31.191438042490645,37.35424021766421
0,560.125,807.0,854.2857142857143,2605.0,2572.5714285714284,1769.8333333333333,0.50609124,-0.52696365,1.239609859222601,0.7590271899580898,1157,16,210,954.3745753765106,21.23666666666668,31.170147970257013,37.325404297043974
0,1496.111111111111,1707.6666666666667,1828.625,2582.75,3674.5,3195.3333333333335,0.1709501,-0.20396233,0.8075296259280413,0.25639609009774755,1638,25,154,953.7475509643555,19.53000000000003,31.110859161505125,37.32028389992449
0,667.4285714285714,859.0,943.5,2026.0,2526.0,2005.0,0.36453947,-0.40450606,1.008934277801449,0.5467171717171717,1608,9,318,970.5135371685028,19.7766666666667,31.090916562197673,37.29602938725327
0,734.9166666666666,1045.8333333333333,1159.5666666666666,2318.25,2935.5,2110.1666666666665,0.333164,-0.3782358,0.7694240248974598,0.49967417189349256,1502,22,125,901.0532171726227,20.79000000000002,31.132418728323994,37.36852343068171
0,159.15,358.72727272727275,295.07142857142856,2022.8333333333333,1348.0,813.0,0.74539816,-0.698746,1.6609026634958926,1.1178560792005996,1382,7,32,876.8294965028763,17.500000000000057,31.06962648996404,37.35747415268704
0,750.9,1038.25,1154.4166666666665,2530.5,2678.3333333333335,1952.5,0.37343675,-0.4181436,0.8991070456277905,0.5600791407574901,1232,36,193,901.0532171726227,19.55000000000001,31.132957717494467,37.3992458133986
0,1136.9,1488.6666666666667,1519.3333333333333,3730.5,4342.5,3312.3333333333335,0.42118797,-0.42953855,1.2793882234951495,0.6317217954415595,1069,49,39,860.0711059570312,20.376666666666722,31.172034432353666,37.404366210518084
0,1188.5384615384614,1505.111111111111,1690.6,2872.916666666667,3221.5,2440.25,0.25908017,-0.31242505,0.7203137238484052,0.3885776782877657,1970,19,205,824.7454061508179,18.935000000000002,31.12352540701121,37.441286968695394
0,1440.076923076923,1756.6666666666667,1955.5,3010.6,3378.25,2687.333333333333,0.21246049,-0.2630298,0.6687967967108945,0.3186586397132847,2342,23,145,795.3053292036057,15.375000000000057,31.130801760812577,37.48521458608884
0,413.2105263157895,611.2727272727273,604.5,2006.2,2130.6666666666665,1462.857142857143,0.5369058,-0.53292906,1.3822811326356266,0.8052045036764707,471,19,219,927.7041800022125,29.74000000000001,31.467400497772164,36.95107631815137
0,259.6666666666667,465.8333333333333,364.5,1540.5,956.0,521.8333333333334,0.61732286,-0.53563714,1.6507580011229648,0.9257412752558383,249,9,129,874.2233779430389,24.383333333333326,31.60807667126528,36.97074942287359
0,655.9166666666666,1039.0,1161.25,3344.3333333333335,3349.5,2205.5,0.48452845,-0.52593154,1.0119125792820005,0.7267120374308804,1311,9,281,863.1538825035095,19.435000000000002,31.671407898795707,36.955388231515144
0,543.1875,737.5454545454545,957.9735294117647,2442.0,2545.6666666666665,1683.5,0.43648177,-0.5360686,0.9011719258946836,0.6546263885393124,1634,11,212,466.4086891412735,26.230000000000018,32.12712324242954,37.43023769070072
0,815.3076923076923,1184.0588235294117,1653.0,2270.125,3072.166666666667,2505.6666666666665,0.15730445,-0.3144205,0.2539894480069777,0.23592659848991684,1568,3,232,478.2978513240814,22.74333333333334,32.270763856360254,37.36097758229511
0,1330.625,1687.5555555555557,1969.625,2894.375,3633.25,2956.6666666666665,0.1901213,-0.26338667,0.48841354723707664,0.2851526364477336,1638,12,312,458.4982237815857,23.636666666666713,32.3222373221403,37.30869563275935
0,726.875,1057.0333333333333,1383.7142857142858,2346.5,3306.5,2465.5,0.25810465,-0.3788612,0.4630359618070048,0.3871051120045951,1289,11,155,498.76216411590576,25.470000000000027,32.301486239077136,37.25937812366119
0,782.3333333333334,1163.0,1649.0,2344.5,3118.666666666667,2425.3333333333335,0.174158,-0.3368496,0.27287350910232266,0.2612043064596895,1277,4,255,518.1263682842255,27.77800000000002,32.20069526419893,37.255066210297414
0,668.6,993.0625,1113.8235294117646,2760.166666666667,2773.0,1837.125,0.4249735,-0.47082233,0.9291698021335931,0.6373779725605899,1470,28,248,622.5030342340469,23.52000000000004,32.13817252042421,37.15050231122591
0,604.8888888888889,809.0,924.25,1953.2,2058.0,1632.375,0.3575909,-0.41423503,0.868155943796335,0.5362931948088049,1741,23,197,720.3552272319794,21.442000000000064,32.01177955994859,37.16909743760718
0,1122.5454545454545,1511.5,1816.142857142857,2581.5,2991.25,2382.5,0.17403804,-0.26142195,0.3781209858831409,0.26102738168707573,1796,5,137,618.7750358581543,23.760000000000048,32.22441078769968,37.051058809273876
0,729.48,1056.9615384615386,1375.45,2175.653846153846,2703.25,2062.4285714285716,0.22533947,-0.34606415,0.4034705921594606,0.3379616143085951,1398,1,129,470.1590166091919,27.210000000000036,32.55130771959078,37.128942744407034
0,861.7647058823529,1176.3333333333333,1625.8333333333333,2205.6666666666665,2903.5,2386.6666666666665,0.15133324,-0.3043564,0.2636357963055417,0.22697025052192066,1359,3,157,434.17328453063965,28.423333333333346,32.60628461497889,37.19200447735223
0,698.5894736842105,1052.608695652174,1371.4222222222222,2344.5714285714284,2894.3,2353.1666666666665,0.2618813,-0.38030446,0.45604822112396226,0.3927690847022133,747,16,283,620.7422680854797,26.810000000000002,32.76825086070564,37.038662058353026
0,1055.5227272727273,1433.8181818181818,1827.625,2783.4,3754.0,2924.875,0.20728038,-0.32001707,0.40959003693645224,0.31088685413176775,1639,11,246,542.3499388694763,25.700000000000045,32.859609525100595,36.98099021711255
0,866.9411764705883,1283.9720394736842,1437.2105263157894,2895.909090909091,2862.25,2034.5714285714287,0.33663934,-0.38564184,0.7267166168695821,0.5049007619849923,661,31,344,515.6110742092133,25.53000000000003,32.94611728696131,36.95404075858897
0,605.4285714285714,1115.2777777777778,1503.0,3236.6923076923076,3184.0,2389.8333333333335,0.3657816,-0.48746073,0.5617943119064813,0.5486145482575358,417,4,220,562.1380848884583,31.02000000000004,33.108083532688056,36.88666711228
0,988.3,1500.6,2109.412698412699,3106.1666666666665,3634.5,2842.333333333333,0.19111088,-0.34852356,0.29837955934543736,0.28663884265077744,1525,6,72,462.9457930326462,25.450000000000045,33.18515898406551,36.96455104741317
0,921.1666666666666,1437.2222222222222,2085.3333333333335,2967.0,3282.3333333333335,2631.6666666666665,0.17450683,-0.34734344,0.25715813523892855,0.2617343404690437,1358,5,0,484.634516954422,25.368333333333396,33.16306042807617,37.031924693722125
0,1115.8974358974358,1564.0392156862745,2010.75,2974.0,3757.6363636363635,2800.0,0.19323938,-0.31069824,0.3610236583692273,0.2898299984955619,1388,17,133,538.2823162078857,26.514000000000067,32.96821584295065,37.01548552402274
0,926.25,1189.7619047619048,1377.8333333333333,2519.25,3023.714285714286,2222.1666666666665,0.29288998,-0.35844806,0.7430372467966453,0.43927861281563363,1526,3,129,479.821968793869,24.139047619047687,33.14662125837678,36.98206819545349
0,1373.078431372549,1693.357142857143,1888.076923076923,2780.7924528301887,3506.409090909091,2607.8,0.19120593,-0.24304849,0.5854385583501798,0.2867781892645318,1576,12,252,507.4804058074951,23.640000000000043,33.099998695130985,36.97721729291925
0,1239.375,1760.125,2400.5,3435.0,4273.2,3343.5,0.17727701,-0.3223936,0.30270887131581065,0.26589273474982866,1949,4,298,857.0229756832123,22.694444444444457,34.07233515866195,36.96077812321986
0,1440.142857142857,2138.4166666666665,2840.5,3999.5555555555557,4780.8,3724.4285714285716,0.16945119,-0.30321723,0.28290391793285513,0.254158206773329,2296,1,90,1187.573630809784,20.285000000000025,34.20681295669464,37.08555411618406
0,1150.3000000000002,1524.5555555555557,1809.2222222222222,2620.75,3043.666666666667,2481.75,0.18319026,-0.26444238,0.4183276630353852,0.27475438409499864,2287,5,14,629.890806555748,20.440000000000055,34.044846710967896,37.10091530754251
0,924.7,1254.4545454545455,1507.3076923076924,2305.15,2745.6666666666665,2250.0,0.20927243,-0.29517195,0.4518053133118552,0.31386749030885575,2088,4,197,725.0355072021484,19.950000000000045,33.94594219818634,37.087979567451185
0,1252.5,1563.0,2023.7142857142858,3446.25,3942.0,2977.916666666667,0.26006308,-0.37595448,0.5739932673130353,0.39005895294862664,1669,6,129,649.2507195472717,24.965000000000032,33.71255988737208,37.0790862461384
0,1316.2,1927.375,2459.1666666666665,3523.75,4513.2,3504.166666666667,0.17793718,-0.2928524,0.3165294006878166,0.2668834695895601,1521,15,118,642.7357647418976,26.236666666666736,33.56137342505477,37.09444743749685
0,819.5,1201.6,1537.0,2801.0,3044.5,2345.0,0.29137853,-0.39959025,0.5376206881885075,0.4370174023279936,1345,4,40,514.8722418546677,26.950000000000045,33.407492016885094,37.07261837609274
0,1246.4444444444443,1572.0,1961.6,2847.285714285714,3738.5,2970.75,0.1841769,-0.28857282,0.42019020319788625,0.2762366444185031,1276,24,86,421.47256779670715,28.51800000000003,33.2978077206941,37.05941314141619
0,1314.6875,1820.6,2458.714285714286,3409.4,4310.333333333333,3454.25,0.16200873,-0.30378586,0.28626387848883833,0.24299238321044392,1273,1,270,479.6064990758896,29.396666666666704,33.54493425535538,37.195238412375055
0,1509.3636363636363,2070.5714285714284,2721.6,3626.5,4328.5,3514.0,0.1425466,-0.27311024,0.2619292967993466,0.2138030431906247,1419,10,73,498.08582735061646,28.114000000000033,33.74004833506614,37.22784725718859
0,801.0,1378.7692307692307,2427.75,3481.0,4576.5,3595.6666666666665,0.1782526,-0.43257833,0.21867992691636906,0.26735626348521385,1675,2,328,532.9547041654587,24.99000000000001,33.91306385878756,37.234584621819494
0,1059.4285714285713,1551.7333333333333,2073.75,2813.4375,3215.818181818182,2639.3333333333335,0.15135239,-0.2890389,0.25292877755212445,0.22700535785072185,2610,8,335,858.6351082324982,14.205000000000041,34.20681295669464,37.25425772654171
0,1620.0,2155.9,2610.5,3359.166666666667,4275.5,3422.0,0.12541181,-0.21817808,0.27231504158684744,0.18810195136930857,1463,24,217,412.13552474975586,26.360000000000014,33.89931963494053,37.3744523115569
0,1311.2916666666667,1823.6315789473683,2374.0772727272724,2971.3636363636365,3789.0,3321.5,0.11173753,-0.23936042,0.20227413122242385,0.16759061888076524,2398,3,203,491.30613350868225,17.55400000000003,34.12434761361247,37.35909112019846
0,3185.125,3650.1,3993.875,4577.2,5436.333333333334,4960.666666666666,0.06805739,-0.112685814,0.3134125472476163,0.10208013113109314,1001,5,14,369.7319424152374,33.27000000000004,33.73708389462855,37.49437740198686
0,3546.458333333333,4041.3333333333335,4397.8,4851.0,5273.666666666667,4878.0,0.049000952,-0.09105222,0.24416195932968554,0.07349745386137327,1001,1,90,365.7717866897583,30.130000000000052,33.701510609377415,37.596785344376485
0,1204.75,1489.0,1742.8,2286.0,2319.5,1863.1666666666667,0.13482922,-0.21112582,0.3662178834601928,0.20221874767329312,1012,1,90,326.70006811618805,36.14000000000004,33.58616692689647,37.65984707732167
0,922.0909090909091,1238.142857142857,1625.6666666666667,2466.6,2934.3333333333335,2349.0,0.20549329,-0.33159038,0.3962242276063377,0.30820227555932006,1396,13,206,419.96738636493683,27.52333333333337,32.21821241223926,37.52914220348228
0,540.4,734.7692307692307,793.2857142857143,2971.3333333333335,2421.75,1324.3333333333333,0.57855725,-0.6034814,1.4800349469324356,0.8677206184589117,1885,20,13,516.6128902435303,23.720000000000027,32.05894111236487,37.5660629616596
0,606.1891891891892,860.2758620689655,1005.421052631579,2717.416666666667,2741.75,1840.8125,0.45986307,-0.519089,1.0179485169807803,0.6897019864039176,1310,5,239,547.283266544342,24.650000000000034,31.896974866638118,37.544503394840724
0,920.3333333333334,1245.5217391304348,1499.5,2660.0,3132.0,2384.6666666666665,0.27899987,-0.36217394,0.6100830617180107,0.41844951923076923,1281,9,114,478.4870388507843,26.275000000000034,31.899669812490476,37.66847090404922
0,785.25,1058.0,1305.5714285714287,2633.25,3094.6666666666665,2036.6666666666667,0.33707508,-0.42675245,0.724983910915225,0.5055484537764843,1809,7,10,528.3750517368317,22.596666666666692,32.028757718818454,37.77923317858116
0,476.6969696969697,669.2272727272727,864.6315789473684,2042.8555555555556,2670.75,1710.4444444444443,0.4052379,-0.5064846,0.8055862698604643,0.6077523328569951,1488,22,191,475.4698827266693,24.636666666666713,31.963001040020902,37.82908967684979
0,499.57142857142856,784.625,1077.25,2683.05,2739.0,1879.857142857143,0.4270404,-0.54746336,0.7433207204800379,0.6404754307594129,1440,1,90,501.3013310432434,24.510000000000048,31.949256816173875,37.95494364815494
0,1040.142857142857,1363.6666666666667,1712.5,2508.0,3260.5,2537.6666666666665,0.18848477,-0.29556608,0.39911268473789074,0.28269367448471927,1156,8,324,539.6524430513382,27.960357142857163,31.48707360249438,38.768817295567224
0,4268.571428571428,4593.333333333333,4852.166666666667,4754.0,952.0,632.0,-0.01021913,-0.017188502,-0.13239185162351044,-0.015327897293546194,905,0,0,396.5684639811516,22.000000000000057,33.29699923693839,38.82217722344392
0,4363.666666666667,4806.666666666667,5331.333333333333,5153.833333333333,790.0,516.3333333333334,-0.016928677,-0.03485434,-0.10050203835120039,-0.025391804685761517,905,0,0,365.495732486248,19.850000000000023,33.40964797356698,38.76234942552156
0,4654.0,5094.75,5241.0,3305.5,108.375,77.38461538461539,-0.22646697,0.21299961,31.729508196721312,-0.3396805896805897,905,0,0,390.0060702562332,19.28666666666669,33.26412089753962,38.68931639292264
0,4487.25,4964.0,5357.333333333333,3625.5,76.22222222222223,63.082375478927204,-0.19279367,0.15582979,-2.0459960226042093,-0.2891743970315399,905,0,0,353.94104623794556,19.100000000000023,33.43444147540868,38.63164455168217
0,2818.375,3156.5,3360.833333333333,3419.25,3309.6666666666665,2418.25,0.008615921,-0.03995742,0.059671254798811996,0.012922929443140406,905,0,0,372.6440495252609,29.450000000000045,33.58805338899312,38.67449419073467
0,2421.3333333333335,2697.3333333333335,2894.0,3006.0,2829.75,1876.0,0.018983051,-0.0541204,0.12663952962460426,0.02847216337598509,905,0,0,359.38246417045593,27.130000000000052,33.519332269757975,38.49393281862665
0,2577.0,2945.75,3204.75,3381.3333333333335,3275.0,2323.166666666667,0.026811585,-0.06884425,0.13445431472081235,0.04021432457394454,905,0,0,356.32538920640945,28.74000000000001,33.59910266698779,38.61224094154519
0,4396.5,4894.75,4780.333333333333,2269.0,77.0,44.05714285714286,-0.35625118,0.3665329,3.105395490705247,-0.534338873259415,905,0,0,382.4362476468086,17.42500000000001,33.33257252218952,38.62302072495462
0,1203.0833333333333,1552.1818181818182,2161.181818181818,2826.9166666666665,3728.4285714285716,3248.5,0.13346465,-0.29109526,0.24577170418905722,0.2001769185794881,964,5,224,365.62907469272614,27.750000000000057,33.50019815420623,38.81139744003449
0,1063.5,1449.3333333333333,2075.2,2904.8,3149.0,2385.5,0.16658634,-0.3342724,0.28100125326017017,0.24985443228591517,1228,3,337,378.99002718925476,29.170000000000016,33.81874075395501,38.83942487689902
0,780.75,1067.0,1292.25,3159.25,3051.75,2294.0,0.4194092,-0.49506062,0.9227727665884098,0.6290431266846361,1263,7,115,391.63071525096893,28.130000000000052,33.94782866028299,38.82217722344392
0,1093.78125,1499.1666666666667,1998.6666666666667,2846.0,3894.0,3169.75,0.17490023,-0.30996126,0.3192356929868144,0.2623232774930343,1438,5,166,397.50753366947174,25.61500000000001,33.99175627767643,38.708720003059625
0,1753.0,2283.8333333333335,2844.0,3861.75,4142.25,3280.3333333333335,0.15177274,-0.25675622,0.3270720185107818,0.22764212488350422,1224,3,308,366.078290104866,27.750000000000057,33.79125230626095,38.75803751215779
0,1057.8461538461538,1550.0,1953.0,2951.0,3115.0,2678.5,0.20350733,-0.31126416,0.37038940276350346,0.3052298909165052,1154,4,105,362.6591445207596,28.060000000000002,33.7007021256217,38.83726892021713
0,1004.0,1407.85,1797.1666666666665,2785.6666666666665,3064.75,2525.0,0.21569626,-0.32855877,0.409169932115459,0.32350909090909097,1305,1,180,389.2528508901596,27.84200000000004,33.937048876873554,38.6701822773709
0,1242.25,1647.25,2142.6,3082.25,3748.0,3081.6666666666665,0.17984249,-0.30341473,0.35474688442647406,0.26973791229295646,1241,9,318,384.92181849479675,28.435000000000002,34.079881007048556,38.5348959955825
0,898.0,1154.0,1503.0,2284.0,2881.0,2320.5,0.20623185,-0.32867947,0.4274299474605955,0.3093069306930693,1172,12,113,485.3683461546898,29.06666666666672,32.70653660068663,39.18707289185327
0,1114.4,1525.0,1917.0,2594.8333333333335,3605.0,3044.0,0.15023457,-0.25967878,0.2952321495978397,0.2253268818792938,1176,1,180,496.5362346172333,29.376666666666722,32.53352107696521,39.18707289185327
0,1859.0,2522.0,3261.0,3981.3333333333335,4741.0,3960.0,0.099461496,-0.22439775,0.18747288973713894,0.1491819499735371,1004,8,243,488.4468882083893,28.370000000000005,32.41251800819431,39.18518642975662
0,1612.2,2105.0,2628.0,3410.8,4709.0,3862.3333333333335,0.1296284,-0.2367381,0.27608876599466736,0.19442650638319015,868,6,38,457.9325469136238,30.512000000000057,32.22845320647822,39.18303047307474
0,1307.5,1720.0,2232.0,2891.0,3616.0,3352.0,0.12863557,-0.25395793,0.2543321369302613,0.1929345174197326,928,3,291,463.3214182853699,28.535000000000025,32.20096475878417,39.09355827077643
0,949.1666666666666,1320.6666666666667,1806.0,2483.5,3183.25,2794.0,0.15794381,-0.3056736,0.2731083968234772,0.2368881118881119,1051,2,327,487.5151164531708,27.960000000000036,32.26160104046223,39.014596357302324
0,1295.4,1840.4,2414.5,3229.0,4233.0,3340.0,0.14432533,-0.27391803,0.25448353433731175,0.21646881644223956,1015,6,157,514.9847866296768,28.49000000000001,32.26699093216695,38.91407487700935
0,925.0,1254.4545454545455,1691.0666666666666,2470.4545454545455,3058.125,2552.5,0.18728437,-0.3264509,0.3430190283683744,0.280892806306959,1052,3,111,507.02609580755234,28.79000000000002,32.26968587801931,38.83726892021713
0,1240.75,1747.0,2318.5,3315.6666666666665,4115.0,3339.0,0.17698565,-0.3098499,0.3146810849475881,0.2654549219119735,1063,4,255,489.49422323703766,27.363333333333344,32.22845320647822,38.7558815554759
0,1248.0,1729.0,2261.0,2923.0,3993.0,3027.8,0.12770061,-0.2566638,0.2321178120617111,0.19153245250265213,895,2,327,490.8721077442169,29.390000000000043,32.40982306234195,39.05933245845148
0,1319.0,1851.0,2425.0,3298.0,4279.0,3525.0,0.15254237,-0.28102544,0.27430402815308236,0.22879357036778192,1048,7,190,486.50404620170593,29.07000000000005,32.51411746682823,39.09355827077643
0,774.0,1104.0,1569.0,2235.0,2816.0,2421.0,0.17507887,-0.33872417,0.2848588537211292,0.2625837823629912,1059,4,117,493.62070751190186,30.51666666666665,32.61032703375743,39.03588642953596
0,1107.8333333333333,1536.7,2019.25,2709.75,3410.285714285714,2917.5,0.14601396,-0.2762425,0.2648638281549674,0.2189977798921662,1025,0,0,491.0814983844757,30.086000000000013,31.37765880088862,38.62948859500028
0,1488.5,2015.3333333333333,2646.285714285714,3336.0,3961.125,3438.0,0.11529277,-0.24679208,0.2141713281905007,0.17292470062918616,984,1,0,489.6883261203766,29.750000000000057,31.31459706794343,38.700365670917314
0,1303.3076923076924,1700.3333333333333,2185.666666666667,3039.9,3983.0,3060.6666666666665,0.1634719,-0.2825951,0.3347260870753416,0.2451843961679273,1364,1,90,501.84015357494354,26.52000000000004,31.572772880599384,38.68742993082599
0,407.6666666666667,539.8636363636364,466.6666666666667,3035.8,2062.8,1010.2,0.73352116,-0.69803447,2.3109535974286093,1.1001246562437554,1776,15,328,440.4802420139313,20.143333333333374,32.12550627491812,37.721022348170216
0,800.6,994.6,1180.2,2148.1428571428573,2463.0,1937.3333333333333,0.29081824,-0.36704972,0.7501472483381972,0.43616185804591046,1608,17,332,501.5351228713989,24.130000000000052,32.11445699692345,37.846876319475356
0,865.2,1414.75,2196.6666666666665,3228.6666666666665,3991.0,3184.0,0.19021873,-0.39064267,0.26006316779786304,0.2853017969589925,1211,4,285,524.0683892965317,27.250000000000057,31.771120895332974,37.82504725807125
0,608.7777777777778,983.5714285714286,1442.2727272727273,2509.0,3469.6,2482.714285714286,0.26997054,-0.43676373,0.40419790793537796,0.40490458827453735,1305,5,101,520.1627467870712,24.28000000000003,31.806963675169342,37.93796548928508
0,945.1111111111111,1389.0,1757.0,2765.1428571428573,3314.5,2349.25,0.22293477,-0.33126998,0.4052145219574938,0.3343651783881107,1304,11,105,477.12672758102417,27.785000000000025,31.56253208636042,37.99644581428126
0,543.5714285714286,1012.6666666666666,1499.0,2795.6666666666665,3380.0,2575.0,0.30192485,-0.46818382,0.4202380989125972,0.45283458150634437,1244,7,209,541.8880527019501,24.906666666666695,31.446918909294236,38.07648570609631
0,864.6842105263158,1244.4782608695652,1440.090909090909,2451.6666666666665,2735.25,1977.0,0.25992775,-0.32660744,0.548805380189055,0.3898415268851527,1395,16,221,573.5809755325317,24.24000000000001,31.375502844206736,38.164879930053665
0,867.9,1321.1,1640.5555555555557,3037.4,3212.8,2349.4,0.29860148,-0.39378226,0.5479984691124252,0.4478543488948157,1781,30,250,642.2038114070892,21.370000000000005,31.29061204985744,38.29019491218834
0,439.2307692307692,707.3333333333333,669.2,3106.3333333333335,2392.8333333333335,1371.142857142857,0.64550704,-0.6290534,1.591523457540933,0.968132343464482,1412,34,315,566.434196472168,21.646666666666704,31.19440248292824,38.365653396054384
0,902.5,1126.5,1286.0,2415.3333333333335,2809.0,2071.5,0.30511528,-0.36388877,0.8393826028788742,0.4576110936022692,1249,16,171,524.5471913814545,22.57000000000005,31.205451760922912,38.158412060008004
0,908.5,1193.0,1461.75,2748.5,2763.0,1998.0,0.30562317,-0.3946467,0.6835325365205844,0.4583803360446476,1244,19,357,541.8067383766174,22.403333333333364,31.21919598476994,38.08079761946008
0,751.6,1179.0,1741.5,2697.6,3565.3333333333335,2763.0,0.2153815,-0.39173502,0.3182502063749899,0.32303585908640414,1244,6,168,561.6735370159149,25.176666666666733,31.287647609419846,38.00291368432692
0,1048.5333333333333,1505.4347826086957,1952.111111111111,3100.9375,3923.0,2924.6666666666665,0.22735313,-0.3463686,0.413210981859091,0.34099594481875356,2233,15,162,514.6237282752991,18.883333333333326,31.28225771771513,37.86412397293045
0,1311.0,1633.142857142857,2007.2,3396.3,3149.5,2300.0,0.25707412,-0.3505671,0.6192492867332383,0.3855754996299038,2330,20,340,659.7151536941528,15.315000000000055,31.241025046174045,37.670896355316344
0,1308.0588235294117,1690.3125,1949.5,3168.8,3558.3333333333335,2706.75,0.23822363,-0.3042711,0.6028547629600934,0.3573005391888724,2080,19,187,691.65261054039,20.32200000000006,31.315136057113904,37.59058696891606
0,2589.1111111111113,2977.285714285714,3298.090909090909,4108.75,6184.0,5060.125,0.109447345,-0.15967521,0.4523805497543778,0.16415993961763978,1777,32,273,703.2295262813568,19.475000000000023,31.328880280960934,37.52725574138563
0,351.0769230769231,672.2,610.4545454545455,2671.25,2351.3333333333335,1523.6,0.627965,-0.5979004,1.3917145654259033,0.9418039427491224,1082,24,355,777.692298412323,23.676666666666733,31.263123602163382,37.48171115648077
0,1393.5,1839.0,2380.0,3296.0,4214.0,3392.5,0.16138126,-0.28373906,0.3213696803845209,0.24205055932352681,1035,4,319,484.89548313617706,30.3633333333334,32.3012167444919,38.756420544646375
0,931.0,1269.6666666666667,1672.75,2606.5,2835.0,2245.0,0.21820413,-0.3448854,0.41232447231299124,0.3272679478941527,1140,2,327,477.704909324646,29.425999999999988,32.42195031867757,38.72650664568519
0,1060.5,1495.75,1951.0,3062.5,3168.0,2534.0,0.22170141,-0.34371743,0.4076954113633863,0.33251894694854406,1077,2,180,497.21238815784454,29.400000000000034,32.562087503000214,38.66856530985948
0,1327.5,1886.0,2713.5,3409.0,3702.5,3090.0,0.113597386,-0.28762984,0.17861270191838516,0.17038216560509556,1057,1,90,557.1703609228134,29.055000000000007,32.74345735886394,38.65131765640439
0,994.5,1249.7,1441.909090909091,3045.285714285714,2765.5,1962.3333333333333,0.35732272,-0.41806558,0.9456123540815052,0.535924353028845,976,4,40,734.4106413125992,29.110000000000014,32.85341114964017,38.67072126654137
0,1934.6,2546.75,3278.8,4194.190476190476,4821.0,3998.875,0.12249319,-0.24439327,0.24453475657195411,0.18372749903946198,941,0,0,575.3768455982208,30.06666666666672,33.04017089720862,38.700635165502554
0,1161.0,1529.0,2027.5,3031.0,3542.0,3014.0,0.19837897,-0.32938597,0.3865860235765467,0.29753903933583714,916,1,90,447.1723417043686,31.090000000000032,33.070354290755034,38.85263011157557
0,1881.4,2476.75,3316.4,4012.5,4344.4,3776.5,0.09498015,-0.23666063,0.1775511661599363,0.142460501541736,1011,1,270,395.8516561985016,31.04333333333335,33.86132089842228,38.206112601594754
0,1762.5714285714287,2349.3333333333335,3080.5,4096.75,4324.333333333334,3298.5,0.14159323,-0.27108192,0.27139183812056267,0.21237504789105222,1055,4,105,376.3221151828766,30.640000000000043,33.84488172872289,38.158412060008004
0,1389.2857142857142,1821.375,2324.6666666666665,3316.3333333333335,3921.0,3311.0,0.17579626,-0.29097766,0.36214997965351875,0.26367100948329353,1082,2,270,408.4100658893585,29.456666666666706,33.92168768551511,38.14978823328046
0,1749.076923076923,2289.3333333333335,2977.3214285714284,3771.208333333333,4719.0,4078.25,0.1176385,-0.24451198,0.23300109017454454,0.1764446741462838,1096,3,249,390.82080686092377,32.190000000000055,33.89689418367341,38.08942144618763
0,1116.6,1375.0,1762.3,2372.375,2955.6666666666665,2451.8,0.1475509,-0.26615298,0.33354382281706013,0.2212995822425895,1167,9,196,390.6104838848114,29.763333333333378,34.04538570013837,38.09157740286952
0,1052.125,1364.5,1679.142857142857,2519.75,3029.5,2545.0,0.20019732,-0.29741907,0.44668765645075276,0.3002602417016066,2933,34,127,552.4728808403015,20.310000000000002,34.20735194586511,38.113136969688384
0,1185.0666666666666,1550.0,1867.0,2757.5,3295.5,2633.0,0.19256136,-0.28032503,0.4388861508132085,0.28881081081081084,1151,7,255,379.48715484142303,28.643333333333374,34.2019620541604,38.7693562847377
0,1045.0,1348.5,1700.75,2954.5,3225.75,2564.5,0.2693196,-0.37322798,0.5888914983560357,0.4039359931267787,1042,2,52,389.58250868320465,29.916666666666686,34.06990970739483,38.82487216929628
0,795.0,1109.75,1447.8,3267.3333333333335,2725.75,1853.0,0.38589224,-0.49292716,0.7590708592216,0.5787769758745733,1178,2,147,393.94652569293976,27.596666666666692,34.16342432847167,38.6815010499508
0,991.5,1358.0,1777.857142857143,2728.0,3069.035714285714,2527.0,0.21086839,-0.33529124,0.39855702103944823,0.3162674951259332,1115,3,249,406.8804974555969,28.180000000000007,34.2485846174062,38.6815010499508
0,1118.0,1588.0,1972.0,2792.4,3123.6666666666665,2669.5,0.17219377,-0.27495205,0.32866482917761686,0.2582635522256501,1186,2,147,387.20111030340195,27.613,34.1989976137228,38.468869822199714
0,1507.090909090909,2052.25,2768.4,3504.0,4423.666666666667,3764.0,0.117275685,-0.26128235,0.20868752475901223,0.17589950421655054,1239,8,103,357.65580093860626,29.326000000000022,34.09739815508889,38.49474130238236
0,4627.666666666667,4972.6,5460.8,5289.0,854.0,546.0,-0.015981693,-0.030833399,-0.12831237116481942,-0.02397142405328226,905,0,0,394.61279541254044,19.995000000000005,33.34793371354797,38.764505382203446
0,2073.6666666666665,2682.809523809524,3377.0,4111.0,4886.625,4306.5,0.098023504,-0.21021938,0.20801451000396753,0.14702543900647658,912,4,90,484.0912607908249,30.220000000000027,33.14177035584254,38.650778667233915
0,2650.785714285714,3045.1875,3545.9523809523807,4299.0,5329.666666666667,4427.5,0.09599136,-0.17072174,0.33058438639950677,0.1439778579644259,915,1,180,443.6077494621277,29.92500000000001,33.199442197083016,38.58205754799877
0,2078.0416666666665,2589.4736842105262,3101.0,3888.5,4498.0,3413.2,0.112669006,-0.20052972,0.28490543852825984,0.16899141630901288,914,2,232,369.59106945991516,27.733333333333405,33.32583515755863,38.543519822310046
0,1393.8181818181818,1833.65,2259.8333333333335,3245.866666666667,3790.0,3180.6428571428573,0.17909318,-0.27802187,0.3880657998431474,0.2686153790272783,912,4,270,472.85328900814056,31.120000000000005,33.09245284674438,38.82002126676203
0,1191.0,1650.0,2253.0,2998.5,3942.0,3224.0,0.14195944,-0.29009357,0.2457152274225445,0.2129188880426504,875,2,128,474.06654930114746,29.710000000000036,32.337059524328275,39.11484834301006
0,793.2142857142857,1109.3076923076924,1314.5,2938.5,2738.8333333333335,1867.0,0.3818481,-0.45189703,0.8324119296755438,0.5727048313153873,1837,10,35,551.4609522819519,23.035000000000025,32.1268537478443,38.07998913570437
0,610.0,868.25,990.4,2398.75,2395.166666666667,1587.25,0.4155467,-0.4684726,0.9346256453817874,0.6232280618942958,1799,16,128,523.8792600631714,24.58000000000004,32.291514939423415,38.10397415379037
0,352.125,553.4444444444445,544.4545454545455,1824.8,1823.1666666666665,1174.375,0.54040015,-0.5345773,1.30562774896994,0.8104291583708325,1515,16,144,483.0907144546509,22.010000000000048,32.18722053493713,37.99563733052555
0,1091.55,1575.3333333333333,2019.6,2590.6666666666665,3107.875,2620.5,0.123868465,-0.243719,0.2188785985228378,0.1857825524316274,1710,9,241,481.56718158721924,26.450000000000045,32.30525916327044,38.02393426197531
0,1432.4736842105262,1899.0,2275.909090909091,3227.0,3985.0,3152.8333333333335,0.1728342,-0.2590714,0.3872581852413365,0.2592277513937642,1296,11,66,458.10054898262024,24.596666666666692,32.28343010186634,37.91128552534673
0,786.4,1074.75,1386.75,2710.0,3187.0,2288.6,0.32299992,-0.4320629,0.6444190123697282,0.48444078345231556,1333,1,0,402.1053167581558,27.24000000000001,32.21120555302313,37.71697992939168
0,613.2727272727273,865.875,1061.0,2664.6666666666665,2390.8,1581.5,0.4304375,-0.50949454,0.9045706276493914,0.6455696202531644,1299,20,211,413.66347002983093,27.55000000000001,32.227644722722516,37.63667054299139
0,525.6,864.1111111111111,1200.75,2582.2666666666664,3393.5,2232.833333333333,0.36518916,-0.49853954,0.590819282329663,0.5477113443841928,1088,3,90,909.2205591201782,23.390000000000043,31.774354830355804,37.01844996446034
0,498.6666666666667,715.5,744.3125,2174.5,2304.5,1562.0,0.48998952,-0.5048443,1.232335961397613,0.7348583784709586,1074,23,125,884.3756194114685,23.470000000000027,31.72503732125764,37.05590971180812
0,145.41176470588235,430.14285714285717,305.45,2111.0666666666666,1438.8333333333335,807.7142857142857,0.7471981,-0.66146606,1.5815555247174593,1.1205652974396811,575,25,175,918.5837581157684,24.390000000000043,31.63987703232311,37.082050686576
0,690.4,971.6666666666666,1043.2222222222222,2362.6666666666665,2517.0,1753.3333333333333,0.3874009,-0.41717485,0.9575068537332687,0.5810160645845225,1270,23,94,1037.009583234787,22.05000000000001,31.56846096723561,37.147807365373545
0,624.6666666666666,850.4,980.125,2188.0,2892.5,2129.6666666666665,0.38125864,-0.4402317,0.8921449146908931,0.5717977040514419,1181,7,320,823.7648179531097,22.130000000000052,31.807502664339815,37.15885664336822
0,417.57142857142856,687.6666666666666,801.6666666666666,2666.076923076923,2674.45,1773.3333333333333,0.5376436,-0.589911,1.0726612825385908,0.8063491828790899,1213,12,288,762.915549993515,21.610000000000014,31.719647429552925,37.24186097562086
0,1173.0,1421.6666666666667,1521.25,2584.0,3455.5,2683.5,0.25887582,-0.29017225,0.9114493996569468,0.3882664555805882,1718,24,37,758.7639832496643,19.880000000000052,31.66467053416481,37.31192956778218
0,877.3333333333334,1222.607692307692,1385.5,2699.416666666667,3407.4,2413.75,0.3216508,-0.37654254,0.7409165241254863,0.48241713411524734,1598,25,219,696.832275390625,20.73333333333335,31.584900136934998,37.416493466853694
0,407.22222222222223,745.0,1176.4285714285713,2136.8333333333335,2395.5,1767.3,0.28986683,-0.48296803,0.39090179630505406,0.43473465633936414,1243,8,57,602.7987911701202,23.696666666666715,31.56576602138325,37.538574513965536
0,318.7639802631579,602.90625,722.1875,2393.6,2354.1666666666665,1453.0,0.5364334,-0.59759384,0.9634622837661162,0.8045210045607152,1384,4,140,527.1036069393158,22.05666666666673,31.63718208647075,37.59301242018318
0,1070.625,1313.5,1457.5833333333335,2366.0,3460.75,2811.0,0.23758255,-0.2860443,0.7366784929886804,0.3563272243892871,1817,15,180,714.2398250102997,19.450000000000045,31.793758440492784,37.35774364727228
0,860.15625,1129.0434782608695,1248.4814814814815,2539.3333333333335,2801.6666666666665,2191.3333333333335,0.34079066,-0.3844452,0.9014201803428755,0.5111184979151289,1779,25,76,704.8010504245758,16.203333333333376,31.90074779083142,37.222187870898644
0,1442.030303030303,1707.3333333333333,1938.25,2898.4166666666665,4144.846153846154,3084.6666666666665,0.19851826,-0.2586079,0.6463697988808809,0.2977466147538159,1959,6,261,806.0751609802246,17.24000000000001,31.944675408224864,37.10172379129821
0,276.6111111111111,522.1111111111111,445.675,2670.5,2315.0,1348.0,0.71396023,-0.67292535,1.700433867663993,1.0707685273568786,1175,5,121,711.5178096294403,22.642000000000053,31.485995624153436,37.49949779910634
0,1377.8333333333333,1925.0416666666665,2466.222222222222,3548.875,4065.25,3045.0,0.17998923,-0.29664925,0.3377607809085064,0.2699614197352715,1525,9,337,551.9463789463043,25.055000000000007,33.40048515766896,36.992308989692454
0,865.0,1178.142857142857,1775.5,2590.375,2746.3333333333335,2117.75,0.18664643,-0.3747447,0.3014984737767089,0.27993759125132406,1752,8,242,661.6854245662689,25.54000000000002,33.66135591617727,37.05375375512623
0,682.4285714285714,999.2857142857143,1242.75,3528.75,2763.5,1865.5,0.47909462,-0.55862284,0.9739204528164086,0.7185666387259011,2035,6,244,736.3006119728088,21.450000000000045,33.94971512237964,36.998776859738115
0,1305.4782608695652,1890.111111111111,2525.6,3680.1428571428573,4393.666666666667,3373.2,0.18604426,-0.3213555,0.3191582225788698,0.27904391200565337,2182,6,203,890.3588244915009,19.48599999999999,34.1448292020904,37.01413805109656
0,995.0,1500.1666666666667,2153.6,3107.75,3497.25,2802.75,0.1813508,-0.3488742,0.27840998616922574,0.2720003420850081,2453,18,338,660.4509656429291,16.323333333333323,34.10090158469695,37.20251476617643
0,1254.2857142857142,1657.7428571428572,1827.6,2346.3333333333335,2943.125,2567.3333333333335,0.12427926,-0.17197236,0.33202839252099464,0.18639655681809114,1818,24,137,522.3969621658325,24.846666666666692,34.040265303018884,37.29441241974185
0,1443.8823529411766,1951.75,2537.0,3408.0,4463.8,3616.25,0.14650968,-0.2717011,0.27909931238313535,0.21974602640652593,1395,1,270,430.1909091472626,27.140000000000043,33.82062721605166,37.305192203151286
0,1961.0,2602.5,3394.25,4232.4,4815.833333333333,4238.5,0.10989753,-0.23846728,0.21183806134621982,0.16483548900965622,1129,1,51,453.29611587524414,31.370000000000005,33.59263479694213,37.298724333105625
0,1434.2,1956.9,2526.777777777778,3361.5,4202.666666666667,3514.666666666667,0.14175999,-0.26410198,0.26868741058655216,0.21262193626294834,1297,1,309,456.1716287136078,29.390000000000043,33.63656241433557,37.24617288898463
0,1312.608695652174,1824.157894736842,2473.5,3418.285714285714,4431.333333333333,3504.5,0.16035643,-0.30408105,0.28066097092767084,0.2405142316830723,1302,3,51,496.6745957136154,28.622500000000002,33.55140212540104,37.187153574817984
0,1558.6666666666667,2075.714285714286,2724.875,3797.3333333333335,4397.6,3513.0,0.16443178,-0.29313895,0.31701086795873534,0.24662876489188415,1161,4,105,451.7762573361397,29.52333333333337,33.45815699890944,37.19604689613077
0,1414.5,2014.3333333333333,2709.5,3764.0,4177.333333333333,3407.166666666667,0.16289487,-0.3027978,0.2800573659469365,0.24432344763670066,1187,3,292,388.79317355155945,30.715000000000032,33.361947431980234,37.16748047009576
0,1755.9,2078.9166666666665,2395.391304347826,3301.5,3955.4,2899.1428571428573,0.15905318,-0.22722837,0.5027682954778477,0.238558836996337,1809,8,62,655.6517338752747,22.810000000000002,33.05714905607848,36.8077051988059
0,1249.75,1576.388888888889,1832.0,2720.4444444444443,3600.2,2670.9166666666665,0.19515766,-0.2662555,0.5117390873047617,0.29270435493514574,1898,2,68,741.9572608470917,24.30714285714288,32.93911042774518,36.80554924212401
0,1247.1818181818182,1894.2857142857142,2333.764705882353,3425.5714285714284,4171.666666666667,3216.875,0.18957163,-0.28784338,0.3380082658798904,0.28433275631528376,1786,10,201,831.8587160110474,24.923333333333346,32.79061891128022,36.83411566815901
0,985.3684210526316,1435.9142857142858,1950.5714285714287,2909.266666666667,4012.125,3151.5,0.19726896,-0.33907732,0.33180046114195194,0.295873009030334,1771,9,84,794.4549102783203,24.77083333333337,32.67258028294691,36.83411566815901
0,802.5172413793103,1314.7391304347825,1819.8235294117646,2787.9166666666665,3760.75,2996.75,0.2101015,-0.359079,0.31476649763233155,0.3151180589757691,1820,21,148,891.1356139183044,23.555000000000007,32.587419994012386,36.792344007447454
0,1179.4615384615386,1562.3076923076924,2010.6666666666667,2647.1666666666665,3539.1666666666665,2925.75,0.13665152,-0.25771838,0.2712571356138157,0.20495527728085863,1977,7,262,574.5012159347534,23.593333333333362,32.42545374828563,36.92628281630967
0,605.5454545454545,928.9677419354839,931.6428571428571,2192.0,2110.7,1614.909090909091,0.40348953,-0.4046925,0.9721178792158748,0.6051374091179296,1556,13,70,688.6595277786255,24.04333333333335,32.310110065804686,37.040548520449676
0,1071.179487179487,1433.6315789473683,1756.4375,2399.125,2651.2,2258.5,0.15465716,-0.25190574,0.32757395463723504,0.23195783268418124,1726,29,222,887.826574087143,21.750000000000057,32.301755733662375,36.8077051988059
0,2137.5,2581.5,3044.5,4144.333333333333,4053.5,3052.0,0.1529919,-0.23236278,0.4308960077311846,0.22947190281899105,2625,24,278,964.6904836893082,15.45666666666665,32.16458298977732,36.88909256354712
0,1089.0,1565.8333333333333,2143.285714285714,3544.0,3923.25,2918.833333333333,0.24628872,-0.3871294,0.42511771490014827,0.3694005952605207,2079,5,281,1083.9374494552612,11.560000000000002,32.07942270084279,36.928708267576795
0,1441.0487804878048,1949.7575757575758,2464.6285714285714,3678.3571428571427,3922.2,2800.8125,0.19757959,-0.3071365,0.3961636439929899,0.29634525769456144,2295,12,214,1078.4167675971985,13.443333333333328,31.977823242208874,36.98125971169779
0,18.38095238095238,298.14285714285717,230.6153846153846,2055.0,1304.0,719.5,0.7982028,-0.7466003,1.3813413785873325,1.1970423459344874,1284,25,44,909.5050271749496,20.086000000000013,31.8239418340392,36.9791037550159
0,289.85,541.9230769230769,480.06666666666666,2150.0,1795.6666666666667,1111.25,0.63493955,-0.59737104,1.4609962584171035,0.9522282904824055,968,18,113,1019.7997994422913,22.840000000000032,31.898052844979063,36.88909256354712
0,418.2,731.75,737.76,3029.6666666666665,2183.333333333333,1359.625,0.6083481,-0.61091787,1.3261118114391257,0.9124009844494497,966,22,200,882.0268104076385,23.360000000000014,31.917186960530806,36.80986115548778
0,411.6,658.75,695.25,2529.0,2196.0,1434.5,0.5687369,-0.58669907,1.2683289528288835,0.8529730986898209,845,6,270,897.0849478244781,25.99000000000001,31.955724686219536,36.794499964129336
0,2335.0,3136.0,3541.8333333333335,4627.5,5162.5,4228.5,0.13289538,-0.19211696,0.3243894665551173,0.19933087170280908,1946,29,294,863.450541973114,20.07000000000005,34.120844184004405,36.979912238771604
0,1249.0,1688.25,2202.0625,2985.6923076923076,3520.214285714286,2794.6666666666665,0.15105374,-0.27759057,0.28676794518658427,0.2265587861636444,2050,20,43,542.8647983074188,20.170000000000016,34.03298894921752,37.21868444129058
0,1319.235294117647,1759.764705882353,2195.8,3233.5,4033.1666666666665,3184.125,0.19112961,-0.29514465,0.39819431252234627,0.2866680172382039,1795,4,320,544.0180329084396,23.453333333333376,33.89015681904251,37.15535321376015
0,1767.0,2209.3846153846152,2592.1,3361.777777777778,4336.0,3601.25,0.12927336,-0.20684968,0.339790919026251,0.19389375510828638,1767,16,188,535.3634328842163,25.638000000000034,33.81874075395501,37.13109870108892
0,765.3193277310925,1036.888888888889,1168.5,2193.5,2643.3333333333335,2047.9642857142858,0.30487806,-0.35804084,0.7394091273911452,0.45724907063197023,1903,7,328,678.6296634674072,20.765000000000043,33.804996530107985,37.04351296088727
0,1371.4782608695652,1692.4705882352941,2142.4615384615386,3105.0,4057.0,3151.625,0.18342935,-0.2944321,0.4240494952054835,0.2751178113113516,2119,10,248,726.6755883693695,21.750000000000057,33.74436024842991,37.021683899483165
0,1055.3157894736842,1504.8095238095239,2046.3444976076557,2901.0,3452.0,2870.714285714286,0.17275035,-0.3168976,0.29409227249392694,0.2590993419878841,2103,4,62,651.0305180549622,20.58000000000004,33.879107541047844,37.056718195563825
0,826.7222222222222,1251.9411764705883,1826.7857142857142,2912.5,3246.3333333333335,2642.6,0.22908817,-0.3987471,0.3537082744465939,0.3435960034359601,2180,7,123,735.9590272903442,20.755000000000052,33.98340194553412,37.07639130028604
0,985.8846153846154,1501.2380952380952,2075.25,3050.5,3388.0,2797.8,0.19026484,-0.3403671,0.3006740011525847,0.28536942209217264,2282,3,68,864.0257942676544,21.99000000000001,34.17851602524488,37.14430393576548
0,1111.3333333333333,1701.1,2271.1428571428573,3362.125,3873.0,3035.2,0.19366772,-0.32805672,0.3151312518182136,0.2904757980417825,2360,1,231,857.5112903118134,21.146000000000015,34.120844184004405,37.08312866491694
0,1313.5238095238096,1954.2272727272727,2661.4285714285716,3529.8333333333335,4648.5,3669.5,0.14026296,-0.28730646,0.22502251890971461,0.21037746006598632,1372,10,0,456.1716287136078,28.122000000000014,33.64842017608595,37.207904657881144
0,1502.111111111111,2152.0,2796.0,3948.25,4865.4,3918.0,0.17084925,-0.29445514,0.30452459189696335,0.2562548648949182,1493,7,32,546.2033035755157,27.494000000000028,33.72253118702581,37.1858061018918
0,1182.625,1816.1818181818182,2533.0,3348.0,4378.75,3534.5,0.13858187,-0.2966236,0.21054399142323862,0.2078551389951543,1462,10,287,434.51680088043213,26.63250000000005,33.79394725211331,37.207904657881144
0,1266.75,1716.3333333333333,2227.0,3085.1666666666665,3696.3333333333335,3057.5,0.1615474,-0.28508452,0.30880227418571304,0.24229828083824823,1150,1,180,397.8787623643875,29.756666666666717,33.74436024842991,37.41757144519464
0,1499.909090909091,1976.3095238095239,2497.083333333333,3380.1428571428573,3784.6,3269.5,0.15025108,-0.26208267,0.31031038226028973,0.22535743292372956,1180,4,197,380.0303761959076,30.410000000000025,33.75810447227694,37.38469310579586
0,1405.0,1952.0,2684.0,3704.0,3797.0,3125.0,0.15967439,-0.30975956,0.27503640187671896,0.23949283869452923,1108,1,308,353.76478481292725,29.442000000000064,33.8103864218127,37.41325953183087
0,727.4347826086956,1113.8125,1581.7272727272727,2267.75,2845.3333333333335,2288.625,0.17821191,-0.34124386,0.27208644060277226,0.2672831598769768,1218,7,58,435.0899204015732,27.130000000000052,32.55076873042031,37.29818534393515
0,739.1714285714286,1058.9354838709678,1372.516129032258,2464.6666666666665,3059.153846153846,2341.75,0.28462303,-0.39894718,0.5294528091552688,0.42687889897717735,1340,21,115,403.3886544704437,24.596666666666692,32.454559163491105,37.31785844865737
0,992.1034482758621,1247.6333333333334,1442.0,2269.0,2705.5,2156.8888888888887,0.22285098,-0.29043877,0.5939002827978664,0.3342314428128789,1465,3,129,435.1059398651123,24.610000000000014,32.44377938008167,37.25883913449072
0,734.7307692307693,1001.8095238095239,1241.6875,2210.0,2541.0,1987.7571428571428,0.28053308,-0.37617126,0.5832302446098497,0.4207386620802028,1439,12,136,394.5686709880829,26.560000000000002,32.50953605887922,37.232698159722844
0,548.0454545454545,835.575,962.7678571428571,2463.125,2413.8333333333335,1744.0,0.43794632,-0.49339134,0.9081204769366757,0.6568236066667362,1627,4,242,429.33788681030273,21.823333333333323,32.44647432593403,37.193351950278405
0,995.0,1436.7142857142858,1946.1538461538462,2769.625,3822.8571428571427,3024.5,0.17462039,-0.31688142,0.2947263729532173,0.2619028202237341,1500,5,301,464.1145603656769,23.396666666666704,32.39419237639827,37.18230267228373
0,719.6666666666666,977.75,1202.3333333333333,2145.75,2271.0666666666666,1650.0,0.28177813,-0.37393948,0.595102924788158,0.422604086305154,1775,16,87,464.1145603656769,22.52333333333337,32.35026475900483,37.193351950278405
0,997.25,1421.3333333333333,1855.1666666666665,2803.5,3614.0,2802.0,0.20356326,-0.32715294,0.36722234054225,0.3053121087461993,1255,6,116,501.69264364242554,27.52333333333337,32.18829851327808,37.2391660297685
0,741.8,1115.3846153846155,1567.0,2393.6,3111.0,2351.333333333333,0.20870575,-0.36426932,0.33153647462739244,0.31301911085304585,1237,5,43,596.6406168937683,26.850000000000023,32.13332161788996,37.25021530776317
0,794.1428571428571,1062.08,1695.6944444444443,2141.9411764705883,2791.818181818182,2786.3125,0.11628168,-0.3370331,0.1753828711797284,0.17439980348574405,1033,2,0,327.2794583439827,29.3366666666667,32.49309688917983,37.869783359220406
0,611.0666666666667,862.0833333333334,987.7368421052631,2593.4285714285716,2729.625,1809.25,0.4483713,-0.50103873,1.0193962965933092,0.6724630349010152,1952,24,202,473.86930203437805,24.600000000000023,32.123619812821474,37.61780592202488
0,929.0,1248.625,1501.0,2912.0,2774.8571428571427,1955.6666666666667,0.31973714,-0.3997897,0.7124103806927194,0.4795513764585929,1736,21,351,480.32878935337067,21.203333333333376,32.12092486696911,37.51539797963525
0,417.3333333333333,678.2307692307693,667.375,2946.5,2497.166666666667,1390.0,0.63065964,-0.62577593,1.490890953097403,0.9458585509251254,1727,36,56,502.31288611888885,25.54000000000002,32.045466383103076,37.468505921804216
0,624.75,897.0714285714286,1108.75,1987.1666666666665,2374.5,1861.3333333333333,0.28373396,-0.37794912,0.5552512089000327,0.42553220120031215,1404,7,212,419.93687307834625,25.170000000000016,32.20743262882983,37.43481909864973
0,1772.0,2129.6666666666665,2481.25,3374.4285714285716,4387.0,3893.6666666666665,0.15253204,-0.22615196,0.44902041050832364,0.22877851841461705,1006,1,52,316.8283383846283,33.04000000000002,32.57367577016535,37.910746536176255
0,2148.4285714285716,2531.6875,2916.6060606060605,3618.15,4367.5,3726.0,0.107355796,-0.17666523,0.3503814990938886,0.1610213738118351,1003,4,198,319.03649616241455,30.605000000000018,32.62730519262729,37.912902492858144
0,928.1428571428571,1383.0,1951.0,2782.5,3343.4,2806.3333333333335,0.17566283,-0.33597407,0.27612004022846737,0.2634664131812421,1084,2,232,430.0868730545044,27.950000000000045,32.49686981337314,38.2815710854608
0,678.5714285714286,1054.0,1652.5,2521.4444444444443,2807.0,2261.75,0.20818304,-0.41042295,0.29563339482518014,0.3122371573063614,1061,4,342,395.6362211704254,29.200000000000045,32.51196151014634,38.23414003845928
0,792.25,1126.375,1310.0,3236.75,3030.5,2097.3333333333335,0.42376423,-0.48368427,0.9342497636191722,0.6355764473033152,1171,1,0,400.4014707803726,28.03000000000003,32.53244309862427,38.16595790839461
0,708.0,1062.0,1477.1666666666665,3237.6666666666665,2294.5,1478.0,0.373396,-0.5060082,0.648036809815951,0.5600346387671427,1099,1,52,393.27155327796936,26.858000000000004,32.5394499578404,38.094811337892345
0,1174.7777777777778,1726.0833333333335,2437.166666666667,3456.9464285714284,3781.5,2798.5,0.17301667,-0.33394814,0.27501815550357345,0.2595029763858243,1106,3,128,368.2359833717346,27.8366666666667,32.5364855174028,38.047110796305596
0,1603.1,1847.0,2135.0,2765.5,2904.4,2642.625,0.12866034,-0.19913279,0.44360796453950607,0.1929708222811671,1086,2,32,368.2359833717346,29.29000000000002,32.52840067984573,38.00722559769069
0,1006.8333333333333,1243.9166666666665,1528.5,2383.5,2669.75,2409.6666666666665,0.21855828,-0.31415838,0.5338078291814945,0.3277955271565495,1063,3,23,336.8051897287369,29.82333333333338,32.5213938206296,37.98458805253088
0,1230.7272727272727,1520.4,1747.7692307692307,2539.0,2871.5,2378.25,0.18457508,-0.25092378,0.5210730016155447,0.27683032950865266,1056,3,337,312.003675699234,28.77000000000004,32.47207631153144,37.933653575921305
0,2081.3,2530.4,2912.4117647058824,3552.6666666666665,4308.25,3617.625,0.09903281,-0.1680512,0.29540842682550605,0.14853773148604443,1200,10,159,354.5143475532532,28.130000000000052,32.41709941614332,37.89781079608493
0,741.96875,1250.9166666666667,1767.8181818181818,2589.35,3886.6,3086.5555555555557,0.1885472,-0.34852615,0.2690902461466985,0.2827883344616126,1371,1,52,382.9482741355896,26.545999999999992,32.38691602259691,37.869783359220406
0,857.0,1219.1597222222222,1621.0,2780.8333333333335,3268.833333333333,2418.25,0.2634887,-0.39041907,0.47687900882627055,0.39518815779510863,1593,12,77,404.06651699543,22.02600000000001,32.3252017625779,37.83825249274781
0,1749.0,2025.1764705882354,2306.03125,3107.1,4151.2,3281.1111111111113,0.1479862,-0.21080773,0.5233297837938481,0.22195880537670526,2029,30,166,474.9801414012909,23.710000000000036,32.175362773186755,37.84148642777064
0,672.8125,921.6666666666666,1020.3,2888.25,2970.575,1935.75,0.4779138,-0.5161749,1.177787270666606,0.7167790128036224,1447,11,12,463.7252585887909,25.70666666666665,32.1974613291761,37.788395994479174
0,799.5454545454545,1120.0,1444.8,2404.181818181818,3104.666666666667,2364.916666666667,0.249256,-0.36439148,0.4723793358435704,0.37383543948063847,1570,10,153,448.26852202415466,23.94500000000005,32.24273641949572,37.80025375622955
0,1011.5454545454545,1328.5,1646.625,2574.0,3244.0,2618.0,0.21972457,-0.31915438,0.47624522056592233,0.32954781012170925,1519,5,333,424.1683900356293,25.55666666666673,32.27157234011596,37.745546355426676
0,668.1428571428571,925.8333333333334,1197.8,1753.2,2191.6666666666665,1833.75,0.18820739,-0.3088303,0.35331430960213744,0.2822632559715399,1258,4,0,423.15856528282166,27.498000000000047,32.27723172640591,37.693533900476154
0,1185.155844155844,1689.5892857142858,2332.725,3029.972972972973,3872.4590163934427,3187.2,0.13001813,-0.28400594,0.2141779097699838,0.1950090160255082,1564,12,342,365.7513464689255,24.922000000000025,33.066850861146975,37.9050871498863
0,1502.3478260869565,2031.8163265306123,2672.9310344827586,3407.304347826087,4500.64705882353,3600.24,0.12078041,-0.25288793,0.22448887370176693,0.18115571567541755,1257,13,90,370.12250792980194,27.870000000000005,33.042057359305275,37.94308588640456
0,1439.5,2017.9444444444443,2722.0,3480.8260869565215,4581.388888888889,3601.3333333333335,0.12233554,-0.26603794,0.2103741847141512,0.18348852123510173,1210,22,329,376.99413323402405,26.57000000000005,33.0091790199065,37.9907864279913
0,1380.1142857142856,1870.1739130434783,2434.347222222222,3279.294117647059,4299.176470588235,3567.777777777778,0.14788239,-0.27364385,0.28032135170347455,0.22180416404720035,1206,5,121,355.169730424881,29.140000000000043,32.9843855180648,37.935540038017955
0,1375.7931034482758,1887.2777777777778,2466.1666666666665,3176.8,4145.666666666667,3475.0,0.12593257,-0.2546411,0.23204045442849208,0.1888821291877334,1190,8,248,357.3871965408325,29.410000000000025,32.952854651592205,37.966801409905315
0,1250.9285714285713,1832.3076923076924,2582.684210526316,3371.0625,4271.375,3532.3333333333335,0.13241717,-0.29572272,0.20776970769926506,0.19860907545532241,1394,3,232,373.52664840221405,26.35333333333341,32.998129741911825,38.10208769169371
0,1390.8333333333333,1904.0,2470.0,3232.375,4434.8,3476.25,0.13369429,-0.2586211,0.2500532987847877,0.20052385858010213,1322,9,166,367.79190135002136,26.900000000000034,32.97468371299631,38.09561982164805
0,928.3636363636364,1240.4375,1688.8181818181818,2667.6666666666665,3472.0,2414.2,0.22468768,-0.36519733,0.4191102438214261,0.3369928467351275,1490,6,23,378.20498329401016,25.56714285714287,32.94180537359753,38.14951873869522
0,918.6,1445.6666666666667,1956.5,3070.958333333333,3582.3333333333335,2973.5,0.22167431,-0.3598465,0.35172132656549976,0.33247839165996795,1133,3,203,398.81209671497345,28.363333333333344,32.86769436265767,38.19721928028197
0,1058.25,1500.409090909091,2019.111111111111,2892.222222222222,3984.0,3089.285714285714,0.17777476,-0.3168518,0.3086937477534457,0.26663499711580874,1262,12,308,398.81209671497345,26.52600000000001,32.86769436265767,38.152752673718055
0,1519.7222222222222,2002.4736842105262,2483.285714285714,2993.6666666666665,3405.25,2842.6666666666665,0.093187034,-0.19839174,0.19640720318561553,0.13976779263908748,1278,11,186,378.20498329401016,27.64500000000004,32.91997631219343,38.11717938846692
0,1558.25,1883.7142857142858,2205.3571428571427,2724.8636363636365,3888.5,3503.25,0.105371855,-0.1825182,0.3040801332716592,0.1580417499088014,1142,6,287,438.2694648504257,27.876666666666722,32.891140391573195,38.261897980738574
0,1123.25,1571.25,2065.3333333333335,2906.0,3186.0,2503.0,0.16910286,-0.29811826,0.3057136449866962,0.2536287754349501,1071,3,52,437.2710489630699,26.450000000000045,32.41440447029096,38.245728305624425
0,1119.875,1561.4,1947.0,3222.0,3226.0,2417.5,0.2466628,-0.34715894,0.4899370767087757,0.36995840990424605,1104,2,128,437.2710489630699,25.630000000000052,32.436503026280306,38.22201278212367
0,855.5454545454545,1323.625,1888.0,2467.0,3201.0,2601.0,0.13295063,-0.30163231,0.19615391722668113,0.1994030536103777,1213,2,32,393.0756298303604,24.592857142857156,32.46264400104818,38.171078305514094
0,542.2105263157895,781.2,782.8333333333334,3256.5,2290.4,1366.0,0.6123948,-0.613047,1.5906101443291525,0.9184784850860184,1448,21,293,425.6560254096985,22.514166666666654,32.446204831348794,38.13873895528579
0,588.5,816.5,918.0,2739.75,2543.3333333333335,1575.5,0.4980521,-0.54080844,1.1875814863102998,0.7469760131210278,1544,28,279,425.6560254096985,20.690000000000055,32.409014578586245,38.14089491196768
0,1549.25,2098.6666666666665,2764.6666666666665,4240.0,4086.0,3469.0,0.21062149,-0.33782077,0.4004868095425529,0.31590968570816785,1055,5,27,356.12773847579956,30.224000000000046,33.05310663729994,37.848762781572006
0,1375.842105263158,1891.0,2405.6666666666665,3745.214285714286,3822.4,3168.125,0.21778142,-0.32898223,0.4259889699295247,0.3266455848086764,1077,4,32,349.30842339992523,31.08000000000004,33.10107667347192,37.83151512811691
0,1312.3333333333333,1758.4782608695652,2319.7894736842104,2970.785714285714,4111.363636363636,3694.25,0.12304829,-0.25634167,0.2309144995610138,0.18455499614189308,1052,2,90,349.30842339992523,31.880000000000052,33.149316204229144,37.81292000173564
0,1252.8292682926829,1633.357142857143,2076.2608695652175,2849.0,3885.3571428571427,3339.1428571428573,0.15689303,-0.27120617,0.32680339171989653,0.23531566520290392,1036,5,166,340.4178581237793,31.765000000000043,33.169797792707065,37.768453395171726
0,1754.8333333333333,2271.8,2904.285714285714,3382.6666666666665,3824.0,3364.25,0.07609107,-0.19645825,0.15637184933138032,0.11412753291703429,1101,4,220,368.6169230937958,31.605000000000018,33.77669959865822,38.07729418985201
0,1829.3125,2459.714285714286,3153.3333333333335,3733.0,4018.0,3575.0,0.08417639,-0.20561028,0.16220520730949453,0.1262554149221945,1098,4,298,373.6060689687729,30.80000000000001,33.824939129415434,38.08807397326145
0,1920.8,2577.0,3349.3333333333335,4272.333333333333,4747.083333333334,4010.6666666666665,0.121102124,-0.247518,0.23159919705587145,0.1816412656068921,1027,1,308,367.78421700000763,30.683333333333337,33.754870537254114,38.14089491196768
0,1298.125,1676.2,2036.8,2719.883333333333,3360.25,2792.4285714285716,0.14360496,-0.2374121,0.3280429717483646,0.21538480403319887,988,2,328,358.4082760810852,31.305000000000007,33.7961032087952,38.18428354019065
0,1184.0,1437.9166666666667,1624.4285714285713,2508.75,3022.3333333333335,2388.0,0.21395674,-0.271326,0.6547965346901217,0.32089629610430004,918,2,52,370.1707127094269,31.410000000000025,33.366259345344005,38.506329569547496
0,2315.6666666666665,2522.5,2724.0,2757.6,2735.3333333333335,2132.0,0.0061295973,-0.04452567,0.0484121952625208,0.00919355721347656,905,0,0,363.6683195233345,32.623333333333335,33.55167161998628,38.57073877541887
0,4454.0,4872.0,5415.0,4765.0,193.5,167.0,-0.063850686,0.011103041,-0.4219683199169047,-0.09577132753794018,905,0,0,374.4448316693306,19.470000000000027,33.419619273220704,38.715457367690526
0,4427.5,4864.083333333334,5402.0,4993.5,604.0,442.0,-0.03929585,-0.01312864,-0.2431402892684959,-0.05894093882262409,905,0,0,383.03764629364014,19.55000000000001,33.36895429119637,38.71437938934958
0,4107.8,4590.5,5076.25,4944.0,907.0,591.7142857142857,-0.013198273,-0.03707588,-0.07196887244231606,-0.019796422423471297,905,0,0,404.52791142463684,21.810000000000002,33.271397251340986,38.75722902840208
0,2702.75,3288.5,3697.8,4060.0,4685.333333333333,3927.0,0.046688493,-0.10498741,0.15149297117785562,0.07002822783341707,909,4,40,444.8215628862381,31.686666666666667,33.186236962406454,38.66182794522859
0,1627.125,2226.0,2904.75,3955.3333333333335,4459.0,3573.4285714285716,0.1531444,-0.27976704,0.28606307592119035,0.2296998554544682,940,2,52,480.3247332572937,27.77000000000004,33.13126006701834,38.599574696039106
0,2000.2,2380.8,2764.4285714285716,3658.0,3473.0,2651.0,0.13913295,-0.21149898,0.4259912554313034,0.2086831774557667,928,1,180,434.6203147172928,28.720000000000027,33.15335862300768,38.52330772841736
0,2072.8333333333335,2719.3,3426.75,4454.666666666667,4945.0,4077.4,0.13042283,-0.24189779,0.2713637043620589,0.19562183479060724,932,2,180,530.264008641243,24.65500000000003,33.07358822577787,38.640537872994955
0,1632.125,2070.6666666666665,2653.4545454545455,3711.55,4102.0,3248.5,0.1662364,-0.28378102,0.3578350992635344,0.2493350166486839,951,3,157,701.0576210021973,29.166666666666686,32.965251402513054,38.622212241198916
0,2588.9411764705883,3162.8823529411766,3769.0,4554.142857142857,5461.333333333333,4463.875,0.0943325,-0.18028456,0.2532038009838504,0.14149024723035067,951,2,90,722.9641823768616,30.095000000000027,32.93372053604046,38.566426862055096
0,1119.45,1506.3333333333333,2010.764705882353,2911.722222222222,3683.9285714285716,2966.5,0.18302894,-0.31810123,0.34223442672788396,0.27451551146615116,1143,4,118,623.1003348827362,27.80000000000001,32.84020591496362,38.582596537169245
0,1253.75,1749.0,2332.25,3101.8,3666.5,3189.25,0.14161628,-0.27888185,0.2500755539812887,0.21240489092933185,1063,4,18,576.7553644180298,29.585000000000036,32.77283226865465,38.615744371153255
0,1249.2,1693.2857142857142,2274.4,3025.0,3762.0,3152.25,0.14163868,-0.28224537,0.25693512610564934,0.21243797052774582,1092,2,308,516.0784847736359,29.260000000000048,32.68362956094158,38.6168223494942
0,1188.0,1696.9,2285.125,3120.875,4087.0,3354.0,0.15459675,-0.29556695,0.26372256669979965,0.23187367058170721,1126,2,90,473.840451002121,27.086000000000013,32.630000138479645,38.502017656183725
0,1234.5,1731.5833333333335,2382.0,3405.6666666666665,4073.5,3132.0,0.17687036,-0.3258715,0.30322179326415144,0.26528261683319415,1051,0,0,460.5720282793045,28.220000000000027,32.60251169078559,38.470756284296364
0,1054.6666666666667,1499.6666666666667,2015.8333333333333,2852.4,3302.0,2642.0,0.17184193,-0.3108255,0.29714376373418216,0.25773644068957025,1101,3,337,516.0784847736359,30.636666666666713,32.66584291831602,38.60065267438005
0,1318.6666666666667,1824.125,2346.1666666666665,3247.0,4197.0,3396.0,0.16105963,-0.2805837,0.3029029365613092,0.24156784458613917,1181,5,101,493.71812295913696,28.465000000000032,32.66180049953748,38.5567250569866
0,1311.7333333333333,1832.111111111111,2480.0,3401.0,4380.5,3569.25,0.15660602,-0.29980043,0.27267882520132636,0.23488905891354245,1081,3,232,449.9075026512146,28.985000000000014,32.54241439827799,38.43060159109622
0,793.6,1102.0,1553.2,2392.3333333333335,2916.0,2434.25,0.21267931,-0.3692645,0.3641734561614665,0.3189785523014673,1024,4,255,443.0145263671875,28.420000000000016,32.46830338733813,38.384248522435655
0,1518.2,2144.6666666666665,2902.0,3693.6666666666665,4098.0,3547.0,0.1200283,-0.26531544,0.2036144784897378,0.18002880460873738,1030,1,180,477.6265856027603,27.470000000000027,32.51357847765776,38.58744743970349
0,1158.3472222222222,1641.125,2211.4285714285716,3033.25,3970.5,3377.0,0.15669625,-0.29782057,0.2697957918688027,0.23502195894188535,1035,1,0,463.3190288543701,29.350000000000023,32.43138262916082,38.553221627378534
0,839.3333333333334,1208.0,1422.0,3413.2,2370.0,1652.0,0.41181338,-0.47719207,0.880874858437146,0.6176561821452944,1129,0,0,423.6217151880264,24.680000000000007,31.715874505359622,37.72156133734068
0,817.0,1188.0,1636.5,2783.5,3033.0,2243.0,0.25950226,-0.4017374,0.44278875849289684,0.38920936545639634,1153,2,270,483.3036278486252,27.82000000000005,31.67194688796618,37.81049455046852
0,678.5,977.6666666666666,1244.0,2323.0,2989.5,2273.0,0.3024951,-0.4075944,0.5740277703888919,0.4536790469516468,1485,17,126,542.6640334129333,22.410000000000025,31.43829508256669,38.02285628363437
0,867.1,1319.0,1486.6,2729.0,3089.0,2222.6666666666665,0.29471487,-0.34832016,0.6035345439000459,0.44201987618889493,1175,4,220,495.0254737138748,27.056666666666672,31.509711147654194,37.960064045274414
0,861.0,1118.6923076923076,1324.625,2323.4,3115.3333333333335,2387.75,0.27378514,-0.34999284,0.6545652943258229,0.41062141550352543,1822,7,97,506.5785698890686,19.03000000000003,31.224046887304183,37.95575213191064
0,1373.090909090909,1745.5714285714287,2144.0,3275.4,4190.777777777777,3188.0,0.2087685,-0.30468777,0.48414829983630137,0.31312385837377077,2014,18,276,524.6702306270599,18.910000000000025,31.16637504606371,38.053039677180784
0,593.0,903.4,989.0,2844.0,2982.0,1942.0,0.48395512,-0.51785237,1.0706452730001155,0.725838007043172,1034,13,295,494.82545375823975,27.450000000000045,31.111667645260834,38.19991422613433
0,813.5,1192.25,1703.5,2645.0,2849.0,2339.0,0.21651144,-0.37859145,0.34789195580682114,0.32472982294780406,1121,8,62,519.8741207122803,27.870000000000005,31.09226403512385,38.29935772808636
0,885.0,1271.5,1746.8,2886.0,3412.5,2525.666666666667,0.24589881,-0.38833433,0.42316092893333146,0.3688084086935877,1212,3,69,501.29232943058014,27.163333333333355,31.086874143419134,38.368078847321506
0,1058.0555555555557,1498.85,1965.25,2531.769230769231,3437.6,2991.5,0.1259766,-0.2562681,0.2216826985303931,0.18894390497325458,990,1,270,496.87722063064575,28.52000000000004,32.15245573344171,38.795497259505574
0,925.125,1378.5,2085.4,3103.0,3932.416666666667,2944.0,0.19612983,-0.3848042,0.29315637167134556,0.2941663936479793,1180,2,128,545.9282746315002,26.79000000000002,31.34774490192744,38.82541115846675
0,1048.7,1306.4166666666667,1589.25,2593.8888888888887,2766.0,2127.0,0.24016389,-0.33009523,0.5888664560877918,0.3602027740337691,1304,17,156,547.8482218980789,26.170000000000016,31.24075555158881,38.78902938945991
0,1308.375,1696.2727272727273,2006.125,2591.6666666666665,3022.3333333333335,2456.25,0.1273528,-0.20881684,0.30391830343819337,0.19100843610398788,1025,17,218,486.36621260643005,27.310000000000002,31.138886598369655,38.741867837043635
0,1124.0,1545.4666666666667,2169.416666666667,2652.0,3467.5,2904.5,0.10009161,-0.26361933,0.1666494002808664,0.15012183951748084,1170,4,75,569.6768069267273,29.83000000000004,32.7566625935405,38.741867837043635
0,1286.6666666666667,1677.5,2163.083333333333,2909.5,3462.5,2876.25,0.14714725,-0.26858515,0.2990930704706953,0.2206991146081444,1060,4,117,561.2886002063751,30.31666666666672,32.81163948892861,38.75695953381685
0,1752.625,2289.285714285714,3023.6666666666665,3675.3333333333335,3986.1666666666665,3348.5,0.0972782,-0.23237823,0.18782951229178435,0.14590641092618858,951,4,270,689.436963558197,30.690000000000055,32.93533750355187,38.74617975040741
0,1565.5333333333333,2065.4,2717.6666666666665,3497.3636363636365,4271.153846153846,3693.0,0.12545344,-0.25741947,0.24175559852597683,0.1881650313852155,957,0,0,593.8314971923828,30.02333333333337,32.99031439893999,38.76558336054439
0,1762.8064516129032,2286.714285714286,2922.5,3889.875,4556.7,3865.3333333333335,0.14200261,-0.25955436,0.29475790459687135,0.2129882758747225,930,2,308,477.98707604408264,30.617999999999995,33.04232685389051,38.808163505011656
0,991.0,1352.0,1638.0,2986.3333333333335,3553.0,2758.0,0.29157355,-0.37671918,0.6262191534817475,0.4373130563263541,930,2,33,513.8141250610352,31.07000000000005,32.97657017509296,38.866104840837366
0,1111.6666666666667,1490.3333333333333,1938.6666666666667,2705.0,3359.0,2920.6666666666665,0.16502763,-0.28952804,0.31927894897647413,0.24751480351695673,971,4,75,487.28685307502747,29.77000000000004,32.9957042906447,38.921620725395954
0,1110.6666666666667,1610.3333333333333,1975.0,2698.0,3335.5,2810.0,0.1547186,-0.2524565,0.29064158224794984,0.23205306515459506,1061,2,33,463.7780364751816,28.436666666666724,32.99300934479235,39.00705050891572
0,759.5,1059.5,1337.3333333333333,2807.0,3279.0,2600.3333333333335,0.35462075,-0.45195913,0.7154099531064921,0.5318669829908722,1080,5,166,452.57535672187805,29.03000000000003,32.94342234110895,39.08601242238983
0,947.0,1251.0,1531.5,2771.5,3075.5,2259.0,0.28817105,-0.37799877,0.6379913562461412,0.4322063436737539,1570,15,4,467.8313136100769,26.150000000000034,32.88305555401612,39.184108451415675
0,758.5,1008.5,1310.0,2246.5,2205.5,1967.0,0.26332068,-0.38033795,0.5298444130127299,0.3949254990160247,1122,3,291,477.3509383201599,28.278333333333364,32.822688766923285,39.20944094242785
0,752.0,1029.0,1460.0,2460.0,2358.5,1973.5,0.25510204,-0.41014618,0.4479483963447411,0.3826042596607575,1108,6,73,467.6332561969757,30.70500000000004,32.97926512094532,39.22641910129771
0,672.5,951.5,1232.0,2558.5,2542.0,1957.0,0.34995383,-0.45783475,0.6757169782486883,0.5248615141123715,1013,4,342,445.6226456165314,30.610000000000014,33.03963190803815,39.22453263920106
0,4081.0,4508.0,4737.0,3393.0,172.85714285714286,147.0,-0.16531365,0.14112137,-2.7803061646669427,-0.24795523030563926,905,0,0,424.9084405899048,23.350000000000023,33.207257540054854,38.81463137505732
0,2473.0,2710.5,2842.0,2892.5,2660.0,2187.5,0.008806348,-0.032482598,0.09030758226037196,0.013208369659982564,905,0,0,448.73331439495087,23.28000000000003,33.17707414650844,38.78471747609614
0,2235.625,2667.8333333333335,2831.5,2902.6666666666665,2067.5,1192.0,0.012410987,-0.0421566,0.056924604893916125,0.018614857009997637,905,0,0,467.2715700864792,29.585000000000036,33.12479219697268,38.750491663771186
0,1447.6,2001.4,2671.5,3417.8125,4268.0,3181.5,0.122561045,-0.2613687,0.21718332811942992,0.18382647248991657,1163,8,216,555.1980288028717,29.090000000000032,31.567382988894664,38.81463137505732
0,1137.3333333333333,1626.25,2318.5,3290.4,4089.5,3244.0,0.17327818,-0.33847234,0.2801704257183709,0.25989410632153176,1050,4,243,540.6128579378128,27.15500000000003,31.63610410812981,38.76342740386251
0,982.3,1384.2,1978.4,2962.6,3882.5,3188.5,0.19919045,-0.3631177,0.3295275722369168,0.2987554386319943,1035,6,270,490.5539230108261,28.49000000000001,31.63610410812981,38.688238414581704
0,1057.157894736842,1382.3125,1697.0833333333333,2725.75,3302.25,2578.5,0.23258093,-0.3270246,0.5163402664215032,0.34883195177091186,1203,22,104,532.7155919075012,27.74333333333334,31.512406093506552,38.634608992119766
0,1328.0,1777.857142857143,2154.75,3111.8,3484.0,2695.5,0.18172237,-0.2728091,0.3934397250587869,0.27255769358559345,1308,2,213,462.4718255996704,27.19500000000005,31.416466021162588,38.71842180812812
0,1087.1130952380952,1571.5,2216.75,3292.6,4294.5,3307.0,0.19527712,-0.3538373,0.31864756461054905,0.2928890986142998,1274,4,63,545.9282746315002,26.923333333333346,31.303817284534,38.81247541837543
0,757.25,977.1428571428571,1204.0,2352.8,3210.6666666666665,2573.5,0.32298696,-0.41311735,0.7367077730108956,0.4844123351980435,968,2,232,496.6928505897522,29.220000000000027,31.237791111151214,38.65401260225675
0,1109.75,1499.7777777777778,1753.75,2648.5,3625.35,2939.666666666667,0.20324834,-0.27691546,0.4613183470392617,0.30483788541252627,957,4,40,558.4281338453293,28.05000000000001,31.322951400085746,38.58960339638538
0,1313.1666666666667,1760.0833333333335,2285.0,3267.25,3978.75,3386.0,0.17691027,-0.29979447,0.34443158706781685,0.2653414974562154,974,2,90,491.0814983844757,30.683333333333337,31.386282627616172,38.6025391364767
0,3731.291666666667,4177.0,4340.666666666667,4816.8,5618.666666666667,4974.5,0.051994,-0.0711379,0.4137249875815891,0.07798674378228061,952,0,0,535.9972867965698,28.27000000000004,31.52615031735358,38.59391530974915
0,2131.0,2446.4,2698.75,3314.5,4269.428571428572,3634.0,0.10239887,-0.15068826,0.4366401928804425,0.15358553315319062,953,0,0,543.7745456695557,26.49000000000001,31.495966923807163,38.50794653705891
0,877.1666666666666,1257.2,1606.4,2995.6666666666665,3253.0,2432.0,0.30187887,-0.40877527,0.5734783793229656,0.45276910709241935,956,3,111,580.3974019289017,24.646000000000015,31.427515299157257,38.42628967773245
0,991.4,1376.3333333333333,1580.0,2885.0,3239.0,2537.0,0.29227322,-0.3540363,0.6616975965926376,0.43836076587168293,987,2,52,623.4814343452454,24.226,31.419160967014946,38.38748245745848
0,2517.0,3099.0,3599.0,4365.5,5248.5,4154.0,0.09623956,-0.16966978,0.2705421431596781,0.1443502824858757,847,8,133,444.9026876091957,34.33333333333337,31.880535696938733,39.203242566967425
0,1953.75,2572.0,3201.0,4071.0,5135.5,4273.5,0.11963696,-0.22565106,0.25217756779083755,0.1794431075971124,941,2,0,448.36500000953674,31.890000000000043,31.951951762026233,39.201086610285536
0,1528.25,1923.6666666666667,2358.6666666666665,3273.0,4451.0,3521.0,0.16235572,-0.25965363,0.3832638204821887,0.24351196993460192,852,10,193,457.9325469136238,31.875000000000057,32.237616022376244,39.194618740239875
0,1420.5,1899.0,2240.5,2892.5,3904.0,3403.5,0.12702124,-0.20734634,0.28683295939465925,0.19051329502288886,1159,7,134,490.39278787374496,29.200000000000045,32.61113551751314,39.188150870194214
0,1323.5714285714287,1799.0,2593.75,3328.6666666666665,4188.0,3431.0,0.12409067,-0.29831633,0.20493180116107987,0.18612029546253955,1094,4,117,494.90576589107513,28.17500000000001,32.462913495633416,39.177640581370014
0,849.9285714285714,1235.0,1561.7333333333333,3081.3333333333335,3045.5,2339.0,0.32728368,-0.42775503,0.6250134652213408,0.4908726768934799,1117,5,101,366.9059519171715,29.136666666666713,33.72899905707147,38.73971188036175
0,909.5,1297.3333333333333,1898.6666666666667,2698.0,2835.8333333333335,2506.3333333333335,0.17389412,-0.3505757,0.2748833637103522,0.2608128194902657,1173,7,46,359.5499190688133,30.07000000000005,33.76484183690784,38.679884082439386
0,1253.75,1706.375,2267.3333333333335,3061.0,3343.0,2937.0,0.14895214,-0.28414485,0.273193007819447,0.22340724986707527,1314,4,90,368.95448899269104,30.670000000000016,33.92141819092987,38.6025391364767
0,932.7857142857143,1315.8461538461538,1635.4444444444443,2271.0,2451.25,2095.25,0.16269413,-0.2662935,0.312234135051401,0.24400995378599363,1127,0,0,439.8044493198395,30.07000000000005,34.24804562823573,38.39395032750414
0,1077.5714285714287,1420.4,1834.5,2571.0,3306.2,2584.6666666666665,0.1671774,-0.2882698,0.3349423734099089,0.2507376305038584,1196,4,40,404.2453598976135,28.163333333333355,34.18498389529054,38.36592289063962
0,913.75,1242.3333333333333,1438.2,3291.4,2506.4,1832.5,0.39183018,-0.45196012,0.9140816517788881,0.5876831356630938,1222,7,314,433.885950088501,29.525000000000034,34.19872811913757,38.31229346817768
0,1133.1666666666667,1554.4285714285713,2009.2857142857142,3011.0,2868.6666666666665,2387.0,0.19953333,-0.31904376,0.381229917740892,0.29927017683629487,1298,4,342,489.00705230236053,28.475000000000023,34.220557180541675,38.26917433453995
0,4305.333333333333,4537.666666666667,4719.0,4827.0,2632.0,1267.0,0.01131364,-0.030896276,0.3169014084507029,0.01696956999947625,905,0,0,358.0624614953995,24.58000000000004,33.550593641645335,38.458629027960754
0,2135.5555555555557,2455.0,2770.0,3358.8888888888887,3729.2,2969.8,0.09608412,-0.15547061,0.37147102526002956,0.14411442141232128,910,0,0,351.2032550573349,31.29000000000002,33.575117648901795,38.39395032750414
0,1313.125,1506.5,1695.0454545454545,2382.8571428571427,3347.8,2884.8333333333335,0.168668,-0.22532184,0.6355228110048167,0.25297098749510405,910,1,90,355.95687651634216,33.950000000000045,33.61904526629524,38.402574154231694
0,3537.5,3831.0,4072.5,4149.25,2834.2,1439.65,0.009334995,-0.039879702,0.09341528724440118,0.014001641886344979,905,0,0,345.183033823967,28.70500000000004,33.60530104244821,38.50794653705891
0,3184.5,3522.583333333333,3771.0,3919.8571428571427,3235.0,1934.0,0.01935508,-0.05337951,0.13974009950782507,0.029030730225949312,905,0,0,353.883812725544,30.448000000000036,33.64383876813694,38.576667656294056
0,1310.3333333333333,1826.7272727272727,2415.125,3343.2,4337.333333333333,3456.0,0.161171,-0.29332572,0.2897536044558504,0.24173551028204532,1130,4,75,474.239921271801,29.923333333333403,32.36400898285186,38.71195393808246
0,921.8,1245.7272727272727,1628.625,2610.5714285714284,3349.0,2493.0,0.23163503,-0.35392594,0.4488018673892462,0.34741158186022414,1006,4,297,496.87722063064575,28.410000000000025,32.17455428943105,38.750491663771186
0,1128.75,1478.0,2073.5,2993.25,3886.0,2799.0,0.18152662,-0.33888733,0.3299137328048496,0.27226306181854065,988,2,308,503.24731826782227,27.436666666666724,32.05085627480779,38.76342740386251
0,1184.375,1636.7142857142858,2143.5,3107.7727272727275,3981.2,3116.5,0.18362647,-0.3100564,0.34015737930979195,0.27541349674136006,1528,2,147,502.3577489852905,24.5533333333334,31.963001040020902,38.54028588728722
0,1385.7777777777778,1919.9166666666667,2509.0,3486.833333333333,4767.75,3737.0,0.16308548,-0.2898075,0.3000040907324456,0.2446078158874867,1478,5,270,484.92228800058365,26.923333333333346,31.984830101425008,38.47587668141585
0,1380.4444444444443,1893.2857142857142,2406.5,2979.2727272727275,3691.416666666667,3092.0,0.10634922,-0.22287819,0.20265271726078157,0.15950902124930383,1271,10,180,530.1838190555573,27.53666666666669,32.02336782711374,38.42628967773245
0,1263.5,1705.25,2314.3333333333335,3215.5,3646.0,2896.6666666666665,0.16296452,-0.3069146,0.2954160520133311,0.24442468808390086,1073,3,249,493.8655800819397,28.943333333333385,31.746057898906038,38.43060159109622
0,1331.142857142857,1931.857142857143,2577.0,3523.25,4453.5,3587.8,0.15511659,-0.2917253,0.262769017157592,0.23265582100561405,1179,3,232,516.7392361164093,28.36500000000001,31.78163118415717,38.49716675364948
0,1393.3333333333333,1726.3545454545456,2052.0,3114.0,3796.6666666666665,2913.333333333333,0.20557491,-0.2866826,0.5334538878842676,0.308332526855705,1548,9,289,493.9393764734268,25.59400000000005,31.746057898906038,38.60685104984047
0,1184.7333333333333,1759.3846153846155,2333.8333333333335,3226.6666666666665,4319.25,3433.6666666666665,0.16056709,-0.29427737,0.2674701923268957,0.2408289875921596,1147,8,237,496.7439728975296,27.50200000000001,31.67194688796618,38.643232818847316
0,874.8,1204.3333333333333,1580.6666666666667,2992.0,3619.0,2642.5,0.30864558,-0.42600682,0.5964052287581699,0.4629177448157731,995,4,105,588.2626457214355,25.200000000000045,31.53719959534825,38.36376693395773
0,872.4,1185.3333333333333,1561.3333333333333,2847.5,2657.166666666667,2140.75,0.29172495,-0.41215852,0.566743045151435,0.4375377986090112,1048,2,180,547.0581638813019,26.470000000000027,31.564688043042306,38.2928898580407
0,794.2857142857143,1179.6666666666667,1663.85,3132.25,2759.5,2125.0,0.30616543,-0.4528342,0.5127662779896818,0.45920026685568943,1078,2,0,494.68272733688354,26.810000000000002,31.608615660435753,38.249770724402964
0,736.8888888888889,1059.875,1444.125,2587.166666666667,3228.4,2301.5,0.28354228,-0.4187755,0.499035872807975,0.42526068848630166,1164,7,75,487.66991662979126,26.55000000000001,31.67194688796618,38.20638209617999
0,606.0,991.7058823529412,1172.3333333333333,3235.0,2665.75,1842.5,0.46800786,-0.5307429,0.9007278020378457,0.701932166219231,1145,1,90,531.8814053535461,24.658000000000015,31.754142736463113,38.1718867892698
0,1185.3076923076924,1573.0,1947.25,3046.1666666666665,3196.833333333333,2571.8333333333335,0.22007309,-0.31892478,0.47035747288662766,0.3300765931883792,2172,5,301,803.1401951313019,19.80000000000001,34.03379743297322,37.02303137240934
0,861.8333333333333,1079.1666666666667,1127.4,2472.0,3151.5,2377.25,0.37356225,-0.39221853,1.2119409442431441,0.5602655629323037,1061,5,137,918.5837581157684,23.110000000000014,31.62316836803849,37.05995213058666
0,677.5,950.6666666666666,926.575,2690.0,3161.0,2243.25,0.48759532,-0.4777513,1.3910647797551428,0.7312918587532744,1150,28,209,977.6960825920105,23.55800000000005,31.58732558820212,37.08851855662166
0,1109.2222222222222,1325.5,1405.107142857143,2652.25,3612.75,2699.0,0.30737814,-0.33354282,1.1277272785990173,0.4610103854955113,1508,19,104,971.7739551067352,18.49333333333334,31.496775407562872,37.193621444863645
0,464.6666666666667,756.0,784.0,2502.0,2481.5,1582.25,0.5228241,-0.5359116,1.1539494895217626,0.7841168416248288,1372,16,257,845.359533071518,18.53000000000003,31.48303118371584,37.23943552435374
0,512.5416666666667,859.5833333333334,1187.7142857142858,1957.0,2243.75,1790.1666666666665,0.24462818,-0.38962692,0.36700999309939425,0.36688392796311853,1205,1,0,820.3302118778229,21.48599999999999,31.44745789846471,37.30492270856605
0,799.1,1003.8,1004.0,2236.75,2585.0,1918.1666666666665,0.38039035,-0.38047555,1.358551906546176,0.5704974932510605,1532,7,9,776.884209394455,19.50200000000001,31.41996945077065,37.39223895418247
0,724.3333333333334,973.2,1011.3571428571429,2301.333333333333,2629.0,1960.75,0.3894044,-0.40559468,1.09767413590502,0.584018425629159,1485,28,97,632.9388659000397,19.120000000000005,31.86759995684741,37.350736788056146
0,1391.75,1684.8333333333333,1897.0,2832.4444444444443,3247.3333333333335,2743.3333333333335,0.1977916,-0.25404927,0.619119231377336,0.29665605656632094,1107,2,180,632.9388659000397,24.30333333333334,31.85655067885274,37.39682036213148
0,1090.5795454545455,1559.8,1845.8333333333335,2971.0,3104.5,2383.3333333333335,0.23359053,-0.31146818,0.479393800306702,0.3503494326044837,1143,3,52,626.628396987915,25.623333333333335,31.826367285306326,37.44020899035445
0,215.625,807.8333333333334,217.84615384615384,18.390243902439025,217.5,171.94117647058823,-0.8443064,0.9554836,1.7151871342411038,-1.2637848161958463,1134,1,232,567.6143305301666,23.630000000000052,31.809928115606937,37.47524328643511
0,429.4166666666667,718.9166666666666,973.3333333333334,2369.3,2960.6666666666665,2161.0,0.41762483,-0.53441304,0.6994276514335438,0.6263435499631085,1172,3,308,538.8372814655304,26.861428571428632,31.793488945907548,37.56013408078441
0,474.6,802.0,1254.2727272727273,2266.714285714286,2909.0,2194.0,0.28754482,-0.47730553,0.4060257517346119,0.4312559813685556,1208,5,14,501.3798612356186,24.620000000000005,31.766000498213494,37.62103985704771
0,510.9388888888889,930.1666666666666,1407.3333333333335,2453.5714285714284,3357.833333333333,2688.0,0.27098262,-0.45021355,0.37013857242854264,0.4064212999216914,1174,1,52,601.5909628868103,26.560000000000002,31.777049776208163,37.52752523597087
0,542.8461538461538,928.7058823529412,1059.5714285714287,2598.0,2842.5,1883.75,0.42061478,-0.47332954,0.7873094248581404,0.6308359205670435,1238,10,68,458.1891334056854,24.901428571428596,31.735817104667078,37.55366621073875
0,1627.1935483870968,2214.842105263158,2784.866666666667,4259.727272727273,4473.166666666667,3215.714285714286,0.20936063,-0.3158334,0.42062077950436894,0.31401865299772336,2368,25,241,1003.6426753997803,15.750000000000057,31.927966743940242,37.048902852591986
0,2329.0,2910.25,3424.6206896551726,4447.25,5235.666666666667,3791.0,0.1299093,-0.20890248,0.33958717650116843,0.1948515924857232,2300,5,248,1078.4167675971985,11.760000000000048,31.993992917323027,36.96347306907222
0,1577.25,2270.3333333333335,3007.0,4068.6666666666665,4033.0,3057.0,0.15004475,-0.28369355,0.25812987539256405,0.2250512283015757,2790,23,166,1083.9374494552612,11.500000000000057,32.05705465026821,36.92816927840632
0,741.0,1195.2,1509.0,3359.25,3044.5,2127.0,0.3800647,-0.47515067,0.6746089619717797,0.5700385109114249,1813,3,180,878.0247502326965,20.190000000000055,32.20258172629558,36.83815808693755
0,2210.3333333333335,2722.8,3301.75,4199.0,4782.0,3665.75,0.11962137,-0.21326822,0.3017792277680614,0.17942009665055825,2633,33,71,878.0247502326965,14.056666666666729,32.20527667214794,36.800967834175
0,1436.0,1888.5,2208.875,2776.3571428571427,3171.4375,2687.916666666667,0.113832645,-0.1903289,0.2696847186297072,0.17073183835301442,2231,36,122,958.2311508655548,19.710000000000036,32.32088984921412,36.789918556180325
0,672.0909090909091,1123.2631578947369,1630.8695652173913,2722.75,2788.0,2239.675,0.2507983,-0.41588178,0.365505718846691,0.37615426669895324,1484,15,263,816.6171612739563,22.352000000000032,32.45536764724681,36.78318119154943
0,1239.3333333333333,1767.5555555555557,2456.4545454545455,3373.75,3466.3333333333335,2987.4,0.15733504,-0.31240985,0.26004927669949207,0.23598231930493352,1896,20,357,860.0940020084381,22.640000000000043,32.510344542634925,36.798542382907875
0,989.1851851851852,1560.0,2204.2272727272725,3298.777777777778,3866.4545454545455,3028.75,0.1989005,-0.35786322,0.3004942214196263,0.29832365783421777,1986,5,27,891.1356139183044,22.930000000000007,32.587150499427146,36.77213191355476
0,1363.892857142857,1700.388888888889,1949.9285714285713,2839.875,3374.6666666666665,2863.5,0.1858002,-0.25097355,0.5160605558546991,0.2786711996331876,1964,8,335,630.5519502162933,23.295000000000016,32.48824598664559,36.85351927829599
0,991.875,1376.0833333333333,1768.4,2723.3636363636365,2923.3333333333335,2290.4,0.21260327,-0.32864928,0.4049406568769193,0.318869409833876,2001,18,326,674.9778437614441,22.860000000000014,32.375597250017,36.91280808704788
0,671.4090909090909,866.027027027027,990.3636363636364,2338.8888888888887,2560.125,1839.3636363636363,0.40505347,-0.45956334,1.0384446354468484,0.6074889540430553,1792,1,270,704.768884897232,19.910000000000025,32.30984057121945,36.99419545178911
0,922.6,1187.24,1379.5333333333333,2210.5454545454545,2604.6,2090.2,0.23147462,-0.30116835,0.5820642848713462,0.34716357875956527,1970,16,224,713.6542630195618,21.960000000000036,32.243814397836665,37.03354166123354
0,850.4,1164.8,1201.4,3175.75,3319.0,2417.0,0.45105833,-0.46329382,1.2317669665472961,0.6765102280904138,1585,33,58,1156.4635013341904,22.010000000000048,32.076188765819964,36.86456855629066
0,1370.6,1826.3636363636363,2306.642857142857,3358.0,3755.25,2683.5,0.1855999,-0.29543382,0.3798608458671843,0.2783752773855155,1778,10,129,1115.2731471061707,16.238571428571447,32.01312703287477,36.915233538315
0,1390.8181818181818,1750.3,2035.375,3028.5,4074.5,3198.0,0.19611958,-0.267473,0.5161113919505639,0.2941503146982599,1924,13,282,1109.0764791965485,14.370000000000005,31.982943639328358,36.94353046976477
0,1308.16,1568.68,1823.9310344827586,2600.25,4173.2,3469.4285714285716,0.17547178,-0.2474424,0.5198142792295024,0.2631779419128205,1979,20,280,995.1426029205322,16.116666666666674,31.91691746594557,36.98530213047633
0,290.44444444444446,476.125,530.625,1898.0,1303.8333333333335,852.0,0.56302434,-0.59890485,1.1769790261957365,0.8443626820357125,1297,18,252,630.0057802200317,22.210000000000036,31.145354468415313,37.65149274517936
0,603.1538461538462,989.5384615384615,1124.125,2784.75,2792.5,2008.0,0.42483452,-0.47564238,0.8291771651123847,0.6371702637889688,1186,11,80,601.658285856247,22.970000000000027,31.123255912425975,37.721022348170216
0,1881.6,2452.6666666666665,3063.5,3894.5,5061.666666666667,4160.0,0.11943087,-0.22716172,0.2544552636413743,0.17913343392972625,837,10,101,448.36500000953674,31.870000000000005,31.95815013748666,39.21671729622921
0,1622.0,2069.25,2581.8,3364.0,4657.0,3724.5,0.13155505,-0.2383012,0.2922669934835892,0.19731597800312795,889,4,221,454.2626608610153,31.015000000000043,32.084543097962275,39.22534112295676
0,1393.3333333333333,1850.0,2357.0,3203.0,4214.0,3178.0,0.15215828,-0.26776174,0.306699535962877,0.22821688697059617,905,3,23,448.59968334436417,29.83000000000004,32.142214939202745,39.21051892076879
0,958.0,1244.0,1618.3333333333333,2397.0,3158.0,2443.0,0.1939233,-0.31667125,0.39542284514862214,0.29084872380161864,900,1,270,445.70938271284103,30.04000000000002,32.123080823651,39.12751458851615
0,1368.2,1703.5,2102.4,3070.0,3957.0,3305.0,0.18706983,-0.28626794,0.44598904847065746,0.2805776257031839,960,2,308,472.36561381816864,29.125000000000057,32.117421437361045,39.082778487366994
0,1226.8333333333333,1680.75,2235.0,2855.2,4057.0,3203.0,0.121841975,-0.2589204,0.21946369047197778,0.18274500559844417,934,3,180,483.8933307528496,29.390000000000043,32.16431349519209,39.01863877608086
0,785.6666666666666,1135.5,1327.5,3058.0,2962.0,2157.5,0.39459583,-0.4584476,0.8430770729806101,0.5918262653898769,1031,5,0,472.27459329366684,28.60266666666672,32.21363100429025,38.9760586316136
0,688.75,1015.0,1292.0,2424.5,2176.0,1759.0,0.3047222,-0.40979794,0.5649083426861204,0.45702179176755453,1093,1,90,512.8680256605148,28.710000000000036,32.4003907518587,38.90760700696369
0,1128.25,1562.0,2015.0,2799.5,3790.0,2792.6666666666665,0.16294527,-0.28373265,0.3050807909934084,0.24439252336448597,1126,6,142,487.7159287929535,28.976666666666688,32.37290230416464,39.01648281939897
0,1254.0,1735.6666666666667,2236.5,3075.0,4198.0,3354.5,0.157865,-0.2784091,0.29566290550070523,0.23677522590361447,1037,6,81,496.99367731809616,29.230000000000018,32.31253551707181,39.06984274727567
0,1429.0,1968.3333333333333,2342.75,2955.7,4149.5,3433.0,0.11568478,-0.2005199,0.2434002573184871,0.17351078987346547,1155,8,133,515.761438369751,28.190000000000055,32.63377306267295,38.93752090592487
0,1156.0,1559.0,2128.3333333333335,2772.0,3237.0,2522.0,0.1313516,-0.28007388,0.23412871623260095,0.19700731168168673,1173,5,44,514.2483161687851,27.123333333333335,32.54591782788606,38.99088083380157
0,993.0,1373.4,1889.75,2520.5,3015.0,2673.8,0.14301911,-0.29458898,0.24590643274853802,0.21450433599727936,1005,9,213,494.8939343690872,30.03666666666669,32.485551040793226,39.033460978268835
0,869.0,1121.0,1467.0,2446.0,3131.0,2344.75,0.25019166,-0.37146062,0.5172778188735073,0.3752395553852051,1222,2,90,430.3019998073578,29.123333333333335,32.28855049898582,37.530489676408465
0,1749.6666666666667,2326.230769230769,2865.75,3953.5,4660.25,3567.0,0.15951167,-0.25913042,0.3387996013206254,0.23924997250632354,2292,4,343,1187.573630809784,17.560000000000002,34.2275640397578,37.05132830385911
0,1184.3157894736842,1690.2307692307693,2208.2727272727275,3100.714285714286,4105.5,3173.0,0.16810016,-0.29440612,0.2987159197742936,0.25212649251951597,1592,3,129,541.3615797758102,26.53000000000003,33.391322341770945,36.961856101560805
0,1246.1764705882354,1635.4444444444443,2069.8571428571427,3070.666666666667,4010.0,3005.75,0.19469018,-0.3049699,0.40719822810321876,0.2920068728204037,1605,6,261,551.9463789463043,26.176666666666733,33.44198732379528,36.9648205419984
0,1808.65,2256.470588235294,2641.375,3407.8888888888887,3862.2,3019.6,0.12671193,-0.20327424,0.33664720392930936,0.19005218293643228,1660,4,40,584.6287000179291,25.557500000000005,33.490765843722976,36.96535953116887
0,1191.375,1571.4666666666667,2020.1818181818182,2927.4166666666665,3732.0,2876.666666666667,0.18336873,-0.30139703,0.37095432728421646,0.27502530050570384,1633,6,296,613.721472620964,27.117999999999995,33.52714761272981,36.96428155282793
0,1048.7368421052631,1437.1363636363637,1830.6666666666667,2866.2,3770.5,2818.15,0.22047323,-0.33208272,0.43250492257243445,0.3306746333051851,1688,5,0,627.0269944667816,26.49000000000001,33.59856367781732,36.99554292471529
0,867.15,1252.3636363636363,1761.3529411764705,2643.6666666666665,3578.5,2680.25,0.20029734,-0.35710785,0.3287720876165412,0.3004119164239156,1633,6,309,735.0025712251663,27.54142857142864,33.55813949003194,37.013060072755614
0,1251.12,1695.2222222222222,2337.25,3210.923076923077,4250.0,3343.25,0.1574704,-0.30893925,0.278168144809324,0.23618432681410323,1494,1,51,636.7219544649124,26.900000000000034,33.48672342494444,37.04701639049534
0,1881.4166666666667,2589.0,3208.0,4261.5,5250.0,4250.25,0.14104024,-0.24414276,0.28018989614223594,0.21154618473895584,1373,16,277,514.8722418546677,26.79000000000002,33.44549075340335,37.07207938692227
0,988.2777777777778,1562.4,2278.8,3201.625,4111.8,3291.0,0.16838567,-0.34408405,0.24378941195014786,0.25255545368710564,1908,7,170,651.5336401462555,23.380000000000052,33.69180880430892,36.98099021711255
0,665.1333333333333,1118.5,1763.2857142857142,2424.833333333333,3122.25,2594.0,0.15795816,-0.36867356,0.206294028201808,0.23690897102124797,1685,1,309,655.9015598297119,24.916666666666686,33.610151944982455,37.053484260541
0,1181.952380952381,1635.5,2218.5,3103.345238095238,4119.666666666667,3127.5,0.16626662,-0.30974746,0.292967856979562,0.24937650561312702,1608,3,337,655.9015598297119,26.400000000000034,33.62874707136373,37.09121350247401
0,1567.875,1789.4375,2050.5,2764.8333333333335,4190.666666666666,3987.2,0.14834556,-0.21417168,0.5395640433312981,0.2224952413912442,998,1,90,322.51690328121185,33.170000000000016,33.7532535697427,37.49599436949827
0,2061.4444444444443,2608.2,3150.5,4015.8333333333335,4831.777777777777,3949.0,0.1207498,-0.21250397,0.29002994145774685,0.18111206716122882,1031,14,34,322.51690328121185,30.410000000000025,33.7750826311468,37.477399243117
0,1687.8,2270.5,2793.125,3505.0,4244.4,3561.6666666666665,0.11302967,-0.21374772,0.23397699260476582,0.1695310484431126,1128,6,232,407.7202777862549,31.77333333333337,33.608265482885805,37.38684906247775
0,1892.0,2563.3214285714284,3292.777777777778,4097.966666666667,4897.733333333334,4094.25,0.10894557,-0.23038265,0.20826076810509636,0.16340730473894044,1155,4,0,389.4579955339432,30.250000000000057,33.672135699586704,37.40706115637044
0,1505.5,2088.235294117647,2748.666666666667,3444.6666666666665,4288.375,3703.0,0.1123789,-0.24515732,0.20123943444779613,0.1685547453111965,1212,4,62,397.8787623643875,29.430000000000007,33.70097162020694,37.42996819611549
0,1310.235294117647,1564.25,1883.5833333333333,2527.4545454545455,3916.0,3678.541666666667,0.14596818,-0.23540422,0.4020988498699456,0.21892746808901592,1000,3,292,334.22184586524963,34.910000000000025,33.78963533874954,37.5030012287144
0,627.6,1026.6666666666667,846.6666666666666,1162.6666666666667,276.3333333333333,205.25,0.1572661,-0.06211937,0.5140997830802604,0.2358404511153496,998,0,0,334.22184586524963,27.51666666666671,33.778047071584396,37.530220181823225
0,2534.1428571428573,2964.6666666666665,3311.8,3987.5,4877.0,4391.666666666667,0.09257052,-0.1471244,0.3480672659731665,0.13884626976081532,1002,2,32,327.9087347984314,32.315000000000055,33.76214689105548,37.559595091613936
0,1952.0,2352.25,2720.1785714285716,3466.285714285714,4503.0,3999.2,0.12060316,-0.19146325,0.3623035087475891,0.1808901203567408,1003,1,0,365.7717866897583,31.106666666666683,33.734658443361425,37.582502131358986
0,1774.5,2157.2,2462.916666666667,3028.4,3486.5,3100.5,0.10297773,-0.16800371,0.3142866141265481,0.1544525339216834,1005,0,0,325.1632016301155,34.82000000000005,33.59937216157302,37.600558268569785
0,1649.3333333333333,1984.8333333333335,2286.8,2801.285714285714,3044.75,2672.75,0.10111577,-0.17058757,0.3097008764567478,0.15165875446728103,1003,1,180,314.934461414814,34.49666666666673,33.5473597066225,37.60001927939931
0,1840.857142857143,2254.75,2592.3846153846152,3301.45,3873.0,3369.6666666666665,0.12030629,-0.18838415,0.35099959212755044,0.18044412920620648,1001,1,52,314.934461414814,33.27000000000004,33.50531855132571,37.604870181933556
0,1283.7067307692307,1564.7142857142858,1785.95,2417.4444444444443,2659.0,2184.6666666666665,0.1502344,-0.21413766,0.4502513522536277,0.22532479803779826,1051,4,242,326.70006811618805,34.903333333333364,33.55544454417958,37.67224382824252
0,1232.375,1515.6666666666667,1839.857142857143,2445.0,3040.375,2455.75,0.14122824,-0.23464063,0.35660993263052443,0.21181765147095588,1004,1,52,314.934461414814,34.10500000000002,33.5398138582359,37.64906729391224
0,1199.7,1377.875,1557.0,1998.6666666666667,2079.25,1772.875,0.124214865,-0.18385428,0.47107761225868405,0.1862961053568918,1020,0,0,356.6520998477936,35.650000000000034,33.6645898512001,37.63694003757662
0,4221.2,4641.5,4991.083333333334,5401.857142857143,4947.0,3863.0,0.03952431,-0.075707465,0.2782751056485689,0.05928361409267974,987,8,352,335.2516236305237,34.863333333333344,33.64060483311411,37.68005917121436
0,997.6923076923077,1178.0,1313.3076923076924,1730.177777777778,1806.6666666666665,1493.3333333333333,0.13697128,-0.18987072,0.48966768240281316,0.2054231645815217,1067,2,180,348.36720609664917,35.48000000000002,33.63171151180133,37.64071296176993
0,927.5,1315.0,1385.3333333333333,4414.0,2704.0,1841.0,0.5222439,-0.5409321,1.3120767086889342,0.7832983706428347,1012,1,0,358.0442371368408,34.436666666666724,33.734658443361425,37.625082275826244
0,1343.5,1525.5,1815.5,2014.625,2465.25,2395.3333333333335,0.051989164,-0.13816603,0.17575797696279624,0.07797356828193833,1050,3,292,262.4445695877075,30.045000000000016,34.04511620555313,37.51512848505002
0,1231.576923076923,1516.625,1841.1851851851852,3083.0625,3216.4285714285716,2735.8333333333335,0.25219634,-0.34055302,0.6343427396811638,0.3782561242327229,1003,3,128,340.8550684452057,29.125000000000057,33.0452912943281,37.71536296188026
0,1312.388888888889,1683.0,2063.0,2792.5,3892.2,3371.5454545454545,0.150242,-0.24790527,0.3422579484853697,0.22533978583196046,1018,5,207,340.4178581237793,32.473333333333414,33.16683335226947,37.75120574171663
0,1712.8333333333333,2291.7272727272725,2966.125,3793.6,4756.461538461538,4079.5,0.122412525,-0.2468023,0.23655389875473123,0.18360520544804348,1051,1,270,347.90827763080597,30.5266666666667,33.21426439927099,37.81911837719606
0,1183.8333333333335,1360.5,1508.5,2031.6666666666667,3716.75,2483.0,0.14778024,-0.19785781,0.5931819040780082,0.2216390510261721,991,1,180,345.5984719991684,27.49000000000001,33.612307901664344,37.82127433387795
0,1702.0,2016.0,2230.25,2977.0,4212.25,3040.5,0.14340582,-0.19246946,0.5193698706356934,0.21508808986606498,991,3,292,331.5307203531265,28.385000000000048,33.599911150743495,37.799175777888614
0,1545.0,1875.0,2175.125,2932.6,3819.25,3183.208333333333,0.14829987,-0.21998502,0.4306918589444715,0.22242804496669583,993,1,90,331.5307203531265,28.343333333333362,33.59236530235689,37.78597054321205
0,1012.1428571428571,1167.4,1263.5,1809.0,3406.0,2350.0,0.17754272,-0.21556242,0.7576689551172665,0.26627074520013017,989,2,212,331.5307203531265,28.060000000000002,33.58293299187363,37.76494996556366
0,1811.8333333333333,2129.5555555555557,2408.6666666666665,3150.4,3851.0,3250.0,0.13342768,-0.19334337,0.46189165514635977,0.20012351082518426,990,1,0,321.44435054063797,31.970000000000027,33.58293299187363,37.73665303411389
0,2319.3333333333335,2830.5,3204.833333333333,4078.6666666666665,4625.0,3820.5,0.119974375,-0.18065372,0.3694126599402514,0.179949203734212,989,1,270,333.8490170240402,31.3366666666667,33.6074569991301,37.734497077432
0,2205.2,2694.4,3118.6666666666665,3411.6666666666665,3279.2,2787.333333333333,0.04486754,-0.11746787,0.13113922539834097,0.06729615924460891,985,3,52,343.81579661369324,32.098333333333414,33.614463858346234,37.75012776337569
0,2586.1111111111113,3089.6666666666665,3489.2,3696.25,3712.2,3412.6666666666665,0.028815174,-0.089388564,0.09884722005620697,0.04321975521677722,988,1,52,343.81579661369324,32.64500000000004,33.626860609267084,37.78381458653017
0,2556.5,3001.6666666666665,3308.5,3748.2727272727275,3757.1428571428573,3439.0,0.06231924,-0.1106093,0.248373697803016,0.09347224011335828,987,1,52,355.304080247879,32.25000000000006,33.65623551905779,37.81480646383229
0,1103.4,1459.3,1519.0,3602.8,2830.4444444444443,2120.4,0.40684915,-0.42344087,1.1727033293564146,0.6102141616070906,1033,8,216,311.6528545618057,30.858333333333405,33.54439526618491,37.71159003768696
0,1059.388888888889,1321.0,1759.625,2327.076923076923,3234.833333333333,2637.285714285714,0.13885327,-0.27578282,0.287148178807947,0.2082544245757747,1240,7,75,336.1587925553322,33.870000000000005,33.57242270304944,37.58923949598988
0,651.2857142857143,877.0909090909091,1011.4285714285714,2545.0,2382.75,1586.4285714285713,0.43121108,-0.48739472,1.027882571477815,0.6467257063678534,1603,20,108,366.2840379476547,25.03000000000003,33.86509382261558,37.82774220392361
0,689.3,942.8571428571429,1036.75,2925.0,2414.5,1484.5454545454545,0.47662017,-0.51246536,1.1870560130760042,0.7148400530001893,1532,17,12,360.6496708393097,23.326000000000022,33.82790356985303,37.83313209562833
0,1184.8,1565.2857142857142,1980.5928571428572,2839.7,3134.875,2263.0,0.17822717,-0.2893118,0.36787825623106696,0.2673130234949497,1587,13,278,360.6496708393097,24.890000000000043,33.80742198137511,37.81049455046852
0,673.4697802197802,912.0769230769231,1055.3333333333335,2869.6666666666665,2502.1666666666665,1633.0,0.46225053,-0.51764214,1.0925392643739968,0.6932874793019996,1473,7,270,340.83652687072754,22.900000000000034,33.77723858782869,37.788665489064414
0,989.7083333333334,1319.8125,1624.4444444444443,2875.8162393162393,3181.1428571428573,2287.708333333333,0.27806652,-0.37086308,0.6015435016955716,0.4170534325631565,1681,29,78,340.83652687072754,22.980000000000018,33.76214689105548,37.76548895473413
0,1060.5,1427.5625,1730.5833333333333,3153.1666666666665,2878.3,1903.9583333333335,0.29128915,-0.3767095,0.6369110689927919,0.436888979884322,1719,13,278,358.552543759346,23.55000000000001,33.74409075384468,37.743120904159554
0,1057.7692307692307,1379.7692307692307,1750.3333333333333,2396.5,2662.0,2095.333333333333,0.15582171,-0.26924214,0.3252802259361947,0.23370438836199975,1693,19,208,358.552543759346,25.33000000000004,33.7351974325319,37.72587325070446
0,1621.0,2027.3333333333333,2420.0,3062.6666666666665,3852.5,3422.0,0.1172179,-0.20340537,0.2960960776484318,0.17581081491838657,999,1,0,353.17209780216217,32.98333333333335,33.61931476088048,37.57630375589856
0,2019.0,2511.3333333333335,2934.3333333333335,3583.875,4540.666666666667,3983.5,0.09965034,-0.17596473,0.2684777591777405,0.1494640425953505,1005,3,180,365.5412982106209,32.95250000000004,33.659738948665854,37.57414779921667
0,2780.4285714285716,3354.6666666666665,3713.4,4324.208333333334,4848.25,4203.666666666667,0.07599379,-0.1262609,0.26545831538876885,0.11398359688691274,1001,2,270,365.5412982106209,32.360000000000014,33.69827667435458,37.57253083170526
0,1053.59375,1307.4375,1618.7857142857142,2283.4545454545455,3313.75,2736.0,0.17033006,-0.2718035,0.4057593536328299,0.2554623624426394,1017,3,292,336.36739563941956,33.450000000000045,33.208874507566264,37.75713462259182
0,1056.6923076923076,1312.5714285714287,1694.576923076923,2397.9285714285716,3604.5,3017.4285714285716,0.17186333,-0.29250968,0.37886321501885867,0.25776351239785916,1038,1,180,340.4178581237793,32.05000000000001,33.17923010319032,37.79351639159866
0,1253.1666666666667,1886.8196721311476,2653.9545454545455,3360.766666666667,4367.368421052632,3632.235294117647,0.117513694,-0.28088093,0.1787272244393358,0.17625589224910748,1358,7,29,376.99413323402405,25.82200000000006,33.04124887554956,37.98135411750805
0,1312.7936507936508,1887.848,2595.621212121212,3294.5760869565215,4446.0,3570.5652173913045,0.118664086,-0.27144212,0.19365169228227652,0.17798101973718972,1313,7,128,365.7513464689255,27.29000000000002,33.07224075285169,37.93607902718843
0,1246.713043478261,1822.423076923077,2593.216494845361,3421.6455696202534,4464.8125,3570.323529411765,0.13773036,-0.30495834,0.2150290080383755,0.2065783570207641,1422,6,52,365.7513464689255,25.20500000000004,33.09002739547726,37.912632998272905
0,1121.142857142857,1502.6363636363637,1897.3846153846155,2727.0,3635.1666666666665,2936.0,0.17940018,-0.28947255,0.36362804408138083,0.2690711618585079,1100,3,291,367.79190135002136,28.55000000000001,32.98088208845673,38.05223119342508
0,1248.2903225806451,1757.6969696969697,2274.875,3103.55,4050.25,3216.25,0.15407391,-0.27685347,0.28027506510203587,0.23108939053807226,1379,19,69,378.41093504428864,25.890000000000043,32.990583893525226,38.028515669924325
0,1311.7916666666667,1888.9016393442623,2655.6388888888887,3359.8387096774195,4461.761904761905,3699.5384615384614,0.117064655,-0.28024572,0.1861734228316639,0.17558239103724843,1183,5,0,382.65036725997925,28.760000000000048,33.0167248682931,38.01881386485584
0,1696.5757575757575,2204.2051282051284,2780.6,3484.846153846154,4813.4,3860.5,0.1124016,-0.22510625,0.2364788612405561,0.16858894169092276,1229,14,274,370.9421751499176,27.480000000000018,33.01941981414546,38.07244328731777
0,1247.5416666666665,1772.3333333333333,2305.916666666667,3214.25,3744.25,2988.75,0.16454817,-0.28915924,0.2951362094221556,0.2467999033933099,1338,4,105,386.34700179100037,26.196666666666715,32.47423226821332,38.078641662778196
0,1121.7142857142858,1638.0,2107.7,2953.5,3646.5,2875.3333333333335,0.16711451,-0.28650767,0.2941772715438172,0.250647015824723,1290,15,175,386.34700179100037,25.170000000000016,32.46453046314483,38.05277018259555
0,1245.4545454545455,1764.0833333333333,2008.625,3494.166666666667,3800.4,2832.25,0.26996145,-0.32902265,0.5984288806178765,0.40490539752723753,1626,9,294,425.9072425365448,24.61500000000001,32.30876259287851,37.96787938824626
0,681.5,1003.75,1134.5,2445.0,2312.25,1611.5,0.3661126,-0.41790503,0.7910303615621416,0.5490921787709497,1563,9,353,464.84646129608154,25.110000000000014,32.28127414518445,37.99051693340607
0,871.4,1263.4,1510.5555555555557,2712.714285714286,3195.6,2385.8,0.2846512,-0.3645052,0.5733796664319727,0.4269262206522046,1555,15,148,496.6063873767853,24.610000000000014,32.247587322029965,38.02797668075385
0,490.8888888888889,735.3076923076924,812.0,2684.0,2300.375,1426.75,0.5354691,-0.56990844,1.2076380526406332,0.803088803088803,1591,13,94,496.6063873767853,23.096666666666692,32.20581566131841,38.04791928006131
0,932.0,1244.6666666666667,1633.0,2656.6428571428573,3181.8571428571427,2546.8333333333335,0.23863125,-0.36192366,0.4682170441328299,0.35790516466318145,1526,5,207,474.18816804885864,24.03666666666669,32.19287992122709,37.93580953260319
0,1181.125,1570.3333333333333,2016.5555555555557,3111.2727272727275,3945.6666666666665,2967.25,0.21348554,-0.3291476,0.4307760612968614,0.3201970831458063,1688,6,0,474.18816804885864,24.263333333333378,32.181830643232416,37.915327944125266
0,953.8260869565217,1373.7058823529412,1876.6923076923076,2590.5,3343.5,2807.6666666666665,0.15978889,-0.30694523,0.2664273468253566,0.23965650826446283,1568,4,220,501.2798993587494,23.878000000000043,32.13493858540138,37.902392204033944
0,805.9166666666666,1376.8333333333333,2019.0,3025.5,3697.9,2929.6,0.19952424,-0.37449837,0.27662878423504517,0.29925668979187314,1486,3,203,523.3868162631989,26.494000000000028,32.093166924689825,37.898619279840645
0,798.0645161290323,1187.36,1753.148148148148,2834.6,3499.1428571428573,2727.2,0.23572607,-0.4095615,0.3668920869309361,0.353550576472744,1430,3,157,523.3868162631989,25.563333333333333,32.0554376827568,37.89026494769833
0,421.28,673.9090909090909,675.5333333333333,2087.8333333333335,1608.0,1076.0,0.5110795,-0.5119682,1.1838487588434503,0.7664805345168605,1487,17,12,547.187079668045,22.86166666666668,32.0230983325285,37.89242090438022
0,544.5,738.4814814814815,934.1764705882352,2267.285714285714,2438.75,1679.7692307692307,0.41640636,-0.50862366,0.879453745245578,0.6245120179721732,1622,16,93,560.0838108062744,21.840000000000032,32.018247429994254,37.93419256509178
0,493.77777777777777,752.25,843.375,2706.3333333333335,2696.25,1687.0,0.5248201,-0.5649953,1.1459422607697196,0.7871193005105335,1564,3,157,560.0838108062744,22.385000000000048,32.00531168990293,37.94658931601263
0,519.0,772.2857142857143,876.0,2708.0,2929.0,1833.5,0.51116073,-0.55619407,1.1246163290362186,0.766634119124006,1527,10,215,493.5479105710983,23.922000000000025,31.995879379419677,37.97434725829192
0,788.0,1113.25,1452.0,3012.0,2948.75,2038.0,0.34946236,-0.46027514,0.6706792777300086,0.5241348415276067,1821,4,308,557.8657858371735,20.14500000000004,32.045466383103076,37.99455935218461
0,225.76190476190476,507.4236111111111,482.2,2010.5714285714287,1418.5,879.0,0.6131214,-0.59696215,1.1897432931955574,0.9194976193068201,1333,20,35,562.2125415802002,22.04333333333335,31.83121818784057,38.05654310678885
0,161.0952380952381,313.42857142857144,270.44444444444446,1643.75,956.1666666666667,549.9583333333333,0.7174326,-0.67971385,1.6672785155293983,1.0758679220647334,1418,8,276,571.7605143785477,21.335000000000036,31.84091999290906,38.03983444250423
0,224.53333333333333,460.7142857142857,498.3333333333333,1999.5,1650.0,1010.6666666666666,0.6009875,-0.6254682,1.1350118453551086,0.9013008672448299,1515,3,23,568.4926483631134,21.454000000000065,31.853047249244675,38.02150881070819
0,400.1666666666667,627.0,740.0,2354.0,2492.0,1638.6666666666667,0.52165484,-0.5793358,1.0635914332784184,0.782355792535143,1420,1,52,566.2546365261078,24.02333333333337,31.78243966791288,38.012345994810175
0,619.0,1057.3333333333333,1499.0,2846.777777777778,3092.0,2263.0,0.310135,-0.45834875,0.46802534204819934,0.4651489780527399,1310,5,259,507.26094591617584,26.26600000000002,31.836608079545286,37.97111332326909
0,607.1666666666666,934.52,1435.3846153846155,2336.65,2482.875,1901.75,0.23893349,-0.42863256,0.3522655251248636,0.35835272959722037,1313,5,121,500.57046031951904,26.650000000000034,31.862749054313163,37.9403909405522
0,159.875,359.3181818181818,290.4375,2080.4666666666667,973.2,495.5,0.7549985,-0.70545095,1.7047707406425645,1.1322590167218085,1676,17,323,457.39015674591064,18.980000000000018,31.73015771837712,37.99105592257654
0,349.55555555555554,559.625,522.1538461538462,2190.5,2063.6666666666665,1177.0,0.6150236,-0.5930185,1.5431895263619761,0.9223653993365655,1506,10,259,459.8894827365875,23.55000000000001,31.680031725523254,37.945780832256915
0,666.8333333333334,1065.0,1562.75,2861.2,3126.0,2610.0,0.2935047,-0.4574907,0.44851777905201407,0.4402072573992247,1154,4,342,463.18369925022125,28.370000000000005,31.705903205705894,37.77707722189927
0,463.5,742.0,1196.5,2298.0,2363.5,1652.0,0.31520963,-0.51184213,0.4588245095180572,0.4727467811158798,1139,1,232,505.566663980484,26.480000000000018,31.648231364465424,37.80860808837186
0,404.5833333333333,803.2857142857143,681.4,3103.0,1878.0,1206.25,0.6398901,-0.58872145,1.4559797019017442,0.959708314618616,1130,1,90,505.566663980484,27.122000000000014,31.619395443845185,37.838521987333046
0,547.5454545454545,1052.923076923077,1055.8333333333333,3670.5,2414.6,1675.0,0.5532125,-0.5541695,1.1079266758090778,0.8297309685836185,1146,1,232,494.4013977050781,24.876666666666722,31.591906996151128,37.87247830507276
0,801.0571428571428,1181.0625,1555.0,3111.0,3114.6666666666665,2450.0,0.33347622,-0.4496527,0.6045938474860397,0.5001607200257152,1148,1,0,494.4013977050781,26.522000000000048,31.57358136435509,37.889995453113094
0,795.1578947368421,1241.1875,1636.157894736842,2959.5,3339.6666666666665,2252.75,0.28795487,-0.40905505,0.48554010265600195,0.43188532756192244,1191,14,331,475.8171558380127,26.150000000000034,31.555525227144287,37.91748390080715
0,1066.0,1582.0,1979.0,2787.0,3115.0,2587.0,0.1695342,-0.2758068,0.3029848507574621,0.2542746249868877,1144,2,180,498.55458903312683,26.200000000000045,31.517256996040796,37.9403909405522
0,154.3181818181818,280.3333333333333,161.66666666666666,154.5,46.61538461538461,44.904761904761905,-0.022667369,0.2893829,0.561891185554765,-0.033947368421052594,1122,0,0,475.3618152141571,19.225000000000023,31.433983169202918,37.954404658984465
0,604.75,862.0,1322.6666666666667,2274.8571428571427,2289.0,2074.25,0.2646794,-0.45040533,0.4193761161568653,0.39696394184638384,1282,13,45,475.09276580810547,22.930000000000007,31.381970714252397,37.972730290780504
0,724.0,1052.75,995.6666666666666,3599.0,2479.5,1873.5,0.56659895,-0.54737467,1.5705437580437582,0.8498059555329875,1126,3,203,474.06430673599243,25.650000000000034,31.34343298856367,37.97596422580333
0,338.0,466.6666666666667,304.5,428.75,115.8,81.18181818181819,0.16945107,0.042345278,-1.1163522012578617,0.25400340715502556,1122,0,0,481.7890748977661,18.730000000000018,31.339929558955603,37.92449076002328
0,867.0555555555555,1376.8333333333333,1952.142857142857,3181.2,3376.25,2643.0,0.23942627,-0.39586517,0.36613339181586857,0.3591044302652705,1161,4,242,476.20303869247437,28.210000000000036,31.668173963772876,37.87086133756135
0,984.0,1444.0,2100.0,3111.5,3669.0,2997.5,0.19409,-0.36604103,0.3034803480348035,0.29110706062931696,1176,4,342,461.3614253997803,28.02333333333337,31.71156259199585,37.83906097650352
0,985.75,1515.25,2331.25,3619.0,3933.0,3258.0,0.21641947,-0.40974826,0.3151808113565441,0.3246019409318153,1217,2,90,461.3614253997803,28.53000000000003,31.74659688807651,37.82531675265649
0,736.6969696969697,1121.0,1431.142857142857,2651.1,3442.0,2571.846153846154,0.2988448,-0.40563613,0.5337831725449657,0.4482123362445415,1234,5,0,528.3603031635284,25.855000000000018,31.795914397174673,37.88514455057885
0,674.1111111111111,1116.75,1448.5,2723.875,2702.0,2000.25,0.30567124,-0.41845402,0.5013233665922,0.458451906659078,1333,2,0,451.93191385269165,25.28000000000003,31.727193277939527,37.9261077275347
0,634.8636363636364,929.0,1182.5,2041.2142857142858,2177.75,1620.0,0.2663742,-0.3744559,0.4906112291287479,0.39949932430935553,1437,1,90,583.579815864563,24.57000000000005,31.977284253038402,38.012345994810175
0,678.4583333333334,1053.0526315789473,1505.923076923077,2345.1428571428573,3085.75,2384.2,0.21791883,-0.38022834,0.3333812435999143,0.3268358096107621,1378,5,136,501.3013310432434,24.52000000000004,31.912605552581798,37.989438955065125
0,529.2222222222222,883.8461538461538,1132.142857142857,3340.3333333333335,3154.5714285714284,2074.5,0.49372885,-0.58153003,0.8954509116328285,0.7405104729459984,1396,7,285,510.8840755224228,26.045000000000016,31.89427992078576,37.96626242073484
0,1060.3809523809523,1565.5714285714287,2079.5,3222.0,3727.4285714285716,2986.8,0.21550505,-0.34598514,0.3686843075788309,0.3232270841192003,1286,6,168,499.9304099082947,27.223333333333358,31.906407177121373,37.919100868318566
0,669.3783783783783,996.6285714285714,1311.4,2523.8,3156.181818181818,2333.607142857143,0.31612432,-0.4338027,0.5641313528095901,0.4741246708553849,1515,8,103,564.9248080253601,25.140000000000043,31.864635516409816,38.08510953282386
0,495.6923076923077,847.9285714285714,943.375,2688.8,2861.714285714286,1837.3333333333333,0.4805454,-0.5205012,0.9419744306977758,0.7207188917257944,1435,12,283,556.5874783992767,25.376666666666665,31.88592558864345,38.100740218767534
0,829.625,1326.4,1901.5,2641.0,3112.6666666666665,2581.0,0.16279581,-0.3313505,0.23614692522014036,0.24416685009905348,1021,2,232,477.0723738670349,29.096666666666692,31.090647067612437,38.24599780020966
0,758.0,1070.5,1589.0,2503.5,2508.5,1757.0,0.22345755,-0.40095133,0.3598410325017707,0.3351453701441486,1064,1,270,477.0723738670349,28.630000000000052,31.086065659663426,38.20449563408334
0,730.0,1078.25,1445.0,2555.0,3113.6666666666665,2315.0,0.2775,-0.40645427,0.4825247782994262,0.4161979752530933,982,2,328,486.25765085220337,26.521666666666647,31.086065659663426,38.15975953293419
0,905.6666666666666,1379.6666666666667,1895.2,3420.5,4044.1666666666665,3184.0,0.28694245,-0.42515886,0.47664433389165267,0.43037319890147097,1452,9,353,505.9159243106842,21.170000000000016,31.096845443072862,38.08780447867621
0,1128.1,1441.6666666666667,1702.5555555555557,2714.2,3400.0,2671.5,0.22904696,-0.30620167,0.5658240953762361,0.34353155428332816,1886,4,128,515.4642142057419,21.475000000000023,31.105199775215173,38.05169220425461
0,1381.25,1754.0,1939.9,3036.5454545454545,4068.0,3113.4285714285716,0.22036722,-0.2677243,0.6349899012018014,0.33051762307658583,2020,18,184,536.8741405010223,19.886000000000024,31.11193713984607,38.00075772764503
0,874.8,1227.625,1310.7142857142858,3865.5,2878.285714285714,2123.35,0.49356258,-0.5179286,1.2354408168340771,0.7402723735408558,1281,2,32,496.0427030324936,24.230000000000018,31.902364758342834,37.823699785145074
0,537.3181818181819,800.535294117647,1036.642857142857,2611.4,3021.8,2000.3333333333333,0.43167177,-0.53074414,0.8197811118994124,0.6474189304536448,1311,9,227,497.34773349761963,26.80000000000001,31.87218136479642,37.76494996556366
0,1424.3333333333333,1812.1666666666667,2139.6,3176.0,3982.5,3182.0,0.19497329,-0.27341375,0.4859248701262169,0.292432422264442,1209,10,180,522.0292147397995,27.78333333333336,31.83633858496005,37.758482095518
0,663.7777777777778,737.8,283.6666666666667,92.46153846153847,111.0,82.42857142857143,-0.50835097,0.7772713,0.15018286984822607,-0.761514109677639,1122,0,0,561.179584980011,16.83000000000004,31.581127212741695,37.66523696902639
0,448.0,487.5,183.33333333333334,42.57142857142857,53.0,54.0,-0.62310284,0.8393747,0.1587710817488452,-0.9325901777263644,1122,0,0,530.8849762678146,17.03000000000003,31.556333710899995,37.72156133734068
0,542.7857142857142,814.7777777777778,931.75,2480.833333333333,2699.5,1731.6666666666667,0.45393276,-0.5055377,0.967828549837707,0.6807993749542203,1127,1,128,622.2177586555481,17.480000000000018,31.473868367817822,37.62373480290007
0,673.5,931.8888888888889,1308.4285714285713,2446.2,3562.0,2644.6666666666665,0.30303168,-0.4482745,0.5421551422507158,0.454487006341803,1137,6,108,615.261222243309,24.14500000000004,31.421586418282068,37.69326440589092
0,916.0,1307.0,1788.0,2906.0,3181.75,2443.0,0.23817639,-0.37953952,0.4131559497413156,0.3572265416977314,1138,2,180,572.8763480782509,22.950000000000045,31.41889147242971,37.73234112075012
0,542.9166666666666,781.75,853.25,1868.75,2512.3333333333335,1810.6666666666667,0.37307128,-0.4101113,0.8702172329577101,0.5595041322314049,1327,18,133,564.0830121040344,18.51800000000003,31.383318187178578,37.80618263710474
0,748.1,1014.125,1039.6153846153845,2412.2,3000.6,2131.6666666666665,0.39764136,-0.4080392,1.1287174056882465,0.5963756765247848,2051,14,190,551.0058588981628,18.760000000000048,31.33939056978513,37.81292000173564
0,1242.9130434782608,1563.5833333333333,1757.4,2913.5,4120.75,3251.5,0.2475112,-0.30151698,0.6986254653071601,0.37122704114398253,1875,12,354,616.3627347946167,20.510000000000048,31.207607717604798,37.7803111569221
0,1438.3125,1881.8461538461538,2207.4444444444443,3289.6,4085.0,3303.0,0.19686134,-0.27221668,0.47067243735025543,0.29526515878806503,2249,21,144,564.1004755496979,15.285000000000025,31.14697143592673,37.84310339528206
0,1221.6896551724137,1698.0243902439024,2082.2608695652175,3179.785714285714,3887.75,2958.714285714286,0.20857376,-0.30377594,0.42136787070576887,0.31283091576475025,2052,12,152,541.8672037124634,18.850000000000023,31.105738764385645,37.89511585023258
0,1290.5,1678.6666666666667,2035.0,3405.5,3892.0,3091.8,0.251907,-0.33964923,0.5770283356490253,0.3778257673221834,1199,2,212,554.19673204422,26.306666666666672,31.2790237826923,38.137660976944844
0,528.0909090909091,807.4,982.25,2554.5,2960.5,2018.0,0.44454655,-0.5196764,0.8757456224745044,0.6667255636440738,1138,2,232,575.5754461288452,26.123333333333335,31.2542302808506,38.21958733085655
0,1096.25,1540.5,2081.333333333333,2972.833333333333,3538.0,2714.5,0.17638911,-0.317356,0.30784016943007275,0.26455750461619626,1078,5,270,570.4194271564484,26.840000000000032,31.1828142157631,38.26701837785806
0,687.0,1061.5,1534.0,2772.5,2752.916666666667,2186.25,0.28758854,-0.44627023,0.4536630036630036,0.43133271418620855,1130,4,255,574.7054047584534,25.693333333333385,31.1580207139214,38.34032090504221
0,1199.7,1550.2,1962.5,2902.0,3729.3333333333335,2899.0,0.19313394,-0.30362517,0.41349412437832844,0.2896711202466598,1536,11,228,533.2672603130341,23.626666666666722,31.13053226622734,38.42871512899957
0,987.1333333333333,1497.5,1954.0,3232.6666666666665,3592.5,2824.2,0.24652956,-0.36682993,0.42316602316602314,0.3697586993541754,1815,10,201,513.7016736268997,23.210000000000036,31.097653926828567,38.47587668141585
0,1122.857142857143,1484.75,1712.4,3078.5,3135.0,2276.0,0.28514475,-0.34925765,0.6924013751437268,0.4276724965563301,2167,15,308,559.8810695409775,18.57000000000005,31.1828142157631,38.45216115791509
0,1443.5,1822.3333333333333,2146.4545454545455,2663.75,3018.5,2472.1666666666665,0.107541256,-0.18756153,0.2741522851443934,0.16129512309196817,1199,24,125,547.8482218980789,26.843333333333362,31.22674183315654,38.75480357713496
0,1359.6666666666667,1848.6666666666667,2471.75,3494.0,4342.333333333333,3562.8,0.17135315,-0.30796108,0.31442236712598426,0.25700817096165934,968,3,180,496.3425563573837,28.460000000000036,31.163410605626115,38.72488967817378
0,1570.125,2089.5,2590.166666666667,3454.625,4310.25,3323.5,0.14300878,-0.24622911,0.2992991779984015,0.21449544066663442,1225,20,164,488.77969622612,26.07000000000005,31.215692555161873,38.742137331628875
0,790.0,1148.65,1710.0,2561.333333333333,3282.5,2552.0,0.19931325,-0.38077888,0.30857336168567556,0.29893488353946385,1186,0,0,551.8287333250046,27.466000000000008,31.328341291790462,38.793341302823684
0,1383.0,1951.6666666666667,2443.5,3569.916666666667,4095.5,2992.0,0.18731725,-0.29307717,0.3583016127151083,0.28095251292141843,1218,7,295,510.0051876306534,27.545000000000016,31.655238223681554,38.83619094187619
0,924.2222222222222,1313.9,1905.0,2689.333333333333,3688.0,3128.3333333333335,0.17071755,-0.3435806,0.27276731892794204,0.2560484602270665,1056,1,270,547.4292629957199,29.33000000000004,31.550674324610043,38.76773931722628
0,681.625,988.6923076923077,1312.625,2196.6666666666665,3175.0,2263.2,0.25191456,-0.37922707,0.44547512167263653,0.3778180091410933,1336,10,21,462.46150267124176,26.55000000000001,31.49866186965952,38.71842180812812
0,997.0,1374.8,1753.2,2576.5,3407.6666666666665,2825.0,0.19015174,-0.30412775,0.3662887955580865,0.2851946792295968,997,1,180,486.4650287628174,29.24000000000001,32.1193078994577,38.739981374946986
0,1245.0,1624.0,2070.5,2826.0,3584.0,3067.5,0.15429388,-0.27011237,0.3194503171247357,0.23141719420053095,1000,4,0,486.4650287628174,28.200000000000045,32.11661295360534,38.72273372149189
0,1549.142857142857,2034.3333333333333,2513.6666666666665,3117.75,4026.0,3366.3333333333335,0.107270226,-0.2102871,0.2294389793508084,0.1608910524836128,1188,17,108,459.00384390354156,30.07000000000005,32.204468188392234,38.71195393808246
0,1215.8947368421052,1645.6666666666667,2147.4,2790.769230769231,3559.5,2954.8,0.13028497,-0.25811318,0.24530016878566682,0.19540766977089752,1183,9,246,482.6910102367401,27.500000000000057,32.26752992133742,38.70979798140057
0,1178.75,1615.5,2143.75,2798.0,3357.5,2652.3333333333335,0.13239238,-0.26792794,0.23979694687265196,0.19856846577975618,1055,2,270,496.74323880672455,28.823333333333323,32.34191042686252,38.677728125757504
0,1250.75,1699.6666666666667,2268.8333333333335,3032.3333333333335,3808.0,2876.0,0.1440249,-0.28162864,0.2627066642963235,0.21601697579377555,1082,2,308,480.58559334278107,28.110000000000014,32.39392288181304,38.65859401020576
0,1096.0,1514.25,2220.3333333333335,3146.0,3856.0,3183.0,0.17249519,-0.35014215,0.28053905523901884,0.2587186733331262,1107,3,111,522.9891953468323,29.123333333333335,31.775971797867218,38.41146747554448
0,1185.6666666666667,1624.7272727272727,2271.2,3084.0,3887.0,3034.3333333333335,0.15177771,-0.3099081,0.2598565162346383,0.22764531247082553,1110,6,168,521.252228140831,26.863333333333344,32.053551220660154,38.38990790872561
0,1166.0,1646.7,2188.6666666666665,3085.714285714286,3889.5,2991.4285714285716,0.17007639,-0.30407614,0.30006753829293786,0.25509038795729994,1426,12,196,539.6588082313538,26.600000000000023,31.751178296025518,38.58771693428873
0,1948.8,2537.1428571428573,3297.2727272727275,3797.6,4172.666666666667,3668.2,0.07051956,-0.19897527,0.1395031461462496,0.10577187949636824,1145,4,90,409.2904394865036,31.03000000000003,33.96238136788572,38.08133660863055
0,1266.3636363636363,1652.2,2093.5,2863.3333333333335,3124.0,2469.0,0.15530749,-0.2682149,0.32468138294881166,0.23293773534158152,1310,5,259,453.7588220834732,27.53800000000001,34.17366512271063,38.256238594448625
0,1057.4285714285713,1322.6666666666667,1658.0,2420.0,2571.8333333333335,2036.0,0.1868563,-0.29319558,0.42921977597528,0.2802500919455682,1265,4,18,472.82267224788666,28.78000000000003,34.16558028515356,38.200183720719565
0,783.6363636363636,1066.5714285714287,1406.0,2409.5,2707.6666666666665,1846.0,0.26300615,-0.38633513,0.5048571663785296,0.3944575471698113,1338,2,32,453.74313616752625,25.214000000000055,34.14078678331186,38.18940393731013
0,991.625,1299.5,1693.3333333333333,2264.222222222222,2741.4285714285716,2189.25,0.14425291,-0.27070636,0.2861291674381889,0.21635202470348797,1353,2,270,424.4610524177551,30.720000000000027,34.13270194575478,38.051153215084135
0,1186.1739130434783,1697.0,2246.346153846154,3133.6875,3921.75,3205.666666666667,0.16493231,-0.2974085,0.2874832946391554,0.24737546586653633,1445,4,40,458.4191678762436,26.930000000000007,33.85781746881421,37.31192956778218
0,1061.3636363636363,1440.6,1630.625,2289.5,2569.55,2187.8333333333335,0.168075,-0.22758102,0.4003836656225658,0.2520803443328551,1699,17,229,505.38418221473694,25.810000000000002,33.90740447249761,37.32297884577685
0,1438.4705882352941,2080.0,2815.6153846153848,3740.6153846153848,4241.428571428572,3484.75,0.14108716,-0.28529894,0.23484838737249192,0.21161460624725031,1676,3,231,576.4060583114624,26.48333333333335,33.951332089891054,37.294681914327086
0,1011.2941176470588,1262.2857142857142,1580.7142857142858,2734.9,3556.5,3112.3333333333335,0.26744413,-0.36841276,0.6224737007454924,0.4011197240904517,1015,3,0,367.70980751514435,31.750000000000057,33.07790013914164,37.5127030337829
0,1118.7407407407406,1506.8666666666666,1888.9444444444443,2712.7368421052633,3619.5,2677.0,0.17901987,-0.28577808,0.36406864939353134,0.26850063471046665,1899,9,203,688.1720678806305,23.27800000000002,32.99408732313329,36.800428845004525
0,995.6052631578947,1633.3478260869565,2272.0,3104.6666666666665,4229.666666666667,3534.5,0.15486671,-0.3105349,0.22454431866728664,0.23227846139540648,1839,6,64,779.5283243656158,25.89571428571429,32.89248786449937,36.800428845004525
0,1562.7272727272727,2149.0,2982.777777777778,3736.5555555555557,4540.833333333334,3638.5,0.11218044,-0.2697376,0.19008357930966324,0.16825814132294947,1168,6,64,387.0379354953766,29.378000000000043,33.312629922882074,37.14942433288496
0,1296.3333333333333,1708.5,2105.5,3205.875,4080.0,3106.5,0.20717329,-0.30469286,0.44969247430474674,0.3107306741969643,1171,1,129,412.70800399780273,28.703333333333376,33.428243099948254,37.17340935097095
0,1252.7368421052631,1821.9333333333334,2564.451923076923,3406.4,4403.8,3693.0,0.1410097,-0.3030539,0.22395606811439522,0.21149684889679993,1356,3,292,496.6745957136154,29.08333333333337,33.59829418323208,37.19308245569317
0,1249.1333333333334,1757.8235294117646,2344.222222222222,3161.777777777778,3981.5,3230.5,0.14848448,-0.28537968,0.26004962077569577,0.2227064983807016,1447,3,309,510.4049367904663,28.07000000000005,33.63413696306845,37.188770542329394
0,1641.142857142857,2255.4,2912.375,3756.5,4832.6,3867.5,0.12657683,-0.24968812,0.2364978446981977,0.1898509980320495,1505,7,231,576.4060583114624,26.166666666666686,33.97477811880657,37.26315104785449
0,909.0769230769231,1249.1666666666665,1519.1666666666667,2664.75,3126.0,2298.5,0.27380645,-0.36167946,0.5770999396778772,0.41066058590404864,1889,16,64,606.4854550361633,21.690000000000055,33.93354544726549,37.160204116294395
0,1187.8823529411766,1505.3333333333333,1619.1538461538462,2876.7,3348.0,2741.75,0.2797124,-0.31295213,0.853498235437987,0.419521971648823,2052,37,251,592.1938412189484,18.122000000000014,31.68946403600651,37.472548340582755
0,1343.701388888889,1686.8,1886.2222222222222,2989.4285714285716,3981.3333333333335,3187.333333333333,0.22626853,-0.27856392,0.6520129793755234,0.33936799615882296,1877,24,251,629.7551054954529,18.630000000000052,31.700513314001178,37.41379852100133
0,534.7857142857143,866.4545454545455,1126.6666666666667,2723.6666666666665,2691.125,2002.25,0.4147693,-0.5173118,0.7293870990893807,0.6220731443410517,1414,10,215,667.8773789405823,22.80000000000001,31.744440931394625,37.352623250152796
0,1319.0,1553.5,1678.8333333333335,2713.0,3885.6666666666665,3154.3333333333335,0.23547493,-0.27176842,0.8932170207865491,0.3531721939743492,1665,21,332,797.232138633728,17.83000000000004,31.799417826782737,37.2849801092586
0,999.875,1346.225,1417.25,3142.6,3532.5,2732.0,0.3783787,-0.40018824,1.0398592105302809,0.5675057835473154,1769,33,317,724.452889919281,16.57000000000005,31.840650498323825,37.234584621819494
0,431.25,629.3333333333334,626.125,2224.5,2023.5,1372.25,0.5607104,-0.5589558,1.45419187554019,0.8409180586610548,1408,21,123,762.915549993515,21.04000000000002,31.74983082309934,37.22164888172817
0,206.8181818181818,460.9166666666667,464.3333333333333,2178.208333333333,1772.5,998.75,0.64857066,-0.6507049,1.2550079605909144,0.9726719530843566,1147,16,244,783.8413681983948,22.662000000000035,31.736356093837546,37.18661458564751
0,152.3846153846154,385.58333333333337,275.0,2233.5,1266.5,739.5,0.78074545,-0.70555854,1.7858996661148676,1.1708848146671982,1380,21,28,852.1922641992569,19.176666666666733,31.829601220329153,37.10980862885529
0,599.4285714285714,894.725,919.1666666666666,2532.6666666666665,3082.0,2122.6666666666665,0.46743277,-0.47789744,1.1353234064225597,0.7010476006565609,981,8,205,848.2900683879852,22.880000000000052,31.747135877246983,36.99823787056764
0,531.4444444444445,817.0,773.75,2672.75,2698.0,1861.75,0.55099374,-0.5317716,1.425497310146378,0.8263707571801566,957,32,285,871.9612767696381,22.996666666666727,31.763575046946368,36.97182740121453
0,652.0,854.3333333333334,936.0,1836.4,2114.75,1591.8333333333335,0.32477275,-0.36498106,0.8781306077865337,0.48707129719787945,607,31,150,897.0849478244781,30.67500000000001,31.983482628498827,36.78075574028231
0,527.0,807.2,1065.75,2068.8,2527.875,1852.1666666666665,0.3199981,-0.43866482,0.5557925883239507,0.479920575429419,1325,9,51,462.1541123390198,27.032500000000027,32.241658441154776,37.24132198645039
0,714.0,1204.75,1699.75,3046.6666666666665,3398.5,2595.0,0.28377548,-0.43324775,0.4267165818320062,0.4256183838632095,1291,1,180,462.1541123390198,25.863333333333344,32.2222548310178,37.20413173368784
0,566.1428571428571,798.5,766.5,2726.0,2574.5,1542.0,0.5610594,-0.5468861,1.5905401331199704,0.8414686515888921,1394,21,301,560.9403424263,22.890000000000043,32.18668154576666,37.151580289566844
0,607.3636363636364,861.1818181818181,1123.111111111111,2585.0,2950.666666666667,2061.8888888888887,0.39424086,-0.50021106,0.7662792039807319,0.5912815519436746,1480,5,79,548.7051708698273,23.010000000000048,32.23060916316011,37.14726837620307
0,862.9166666666667,1288.25,1592.9166666666665,2454.5,3192.5,2610.5,0.2128724,-0.31160244,0.3887222059299031,0.3192691713844571,1191,8,276,470.61486172676086,26.203333333333376,32.26914688884884,37.22811675177383
0,778.6666666666666,1030.0,1387.3333333333333,2268.25,2732.55,2126.0,0.2409784,-0.37542635,0.4633233401707604,0.36141818430469774,1434,6,296,573.7031738758087,24.250000000000057,32.285586058548226,37.14511241952119
0,814.7692307692307,1134.8333333333333,1421.0,1983.075,2799.75,2329.75,0.16511828,-0.2720547,0.3194111920630833,0.2476410418334154,1566,7,189,505.4464409351349,24.906000000000006,32.343257899788696,37.17556530765284
0,799.5806451612904,1168.0833333333333,1547.8333333333333,2750.5,3447.5714285714284,2571.0,0.27979836,-0.40382367,0.4976569438289436,0.41964874190671897,1482,9,164,429.33788681030273,25.850000000000023,32.40631963273389,37.15589220293062
0,738.0,1005.75,1138.3333333333333,2476.3333333333335,2994.2,2073.25,0.3701586,-0.4223286,0.8867190951665637,0.5551611267345904,1401,12,95,460.67063903808594,25.180000000000007,32.436503026280306,37.13621909820841
0,672.5833333333334,931.6363636363636,1433.7,2596.375,3219.8571428571427,2414.75,0.2884996,-0.47186318,0.4722328275279438,0.4326957071881804,1378,6,270,437.1512551307678,26.77000000000004,32.4860900299637,37.12085790684996
0,493.2142857142857,845.75,1328.2857142857142,2507.8,2834.5,2159.4444444444443,0.3074786,-0.49560913,0.4349621806373715,0.4611578002762874,1339,5,90,475.4361562728882,26.27000000000004,32.617872882144034,37.13837505489029
0,734.6206896551724,1047.7241379310344,1441.2777777777778,2465.823529411765,3252.25,2285.4444444444443,0.26222655,-0.40360898,0.4569919307652086,0.3932895161600567,1441,13,32,464.7239547967911,24.670000000000016,32.67284977753215,37.10118480212774
0,1149.3119047619048,1695.1052631578948,2403.7916666666665,3411.5,4113.333333333333,3351.8,0.17328595,-0.33611268,0.27337586044081186,0.25990657620415686,1296,8,124,515.9580163955688,28.583000000000027,32.73591151047734,37.09471693208208
0,717.1428571428571,942.0909090909091,1132.5454545454545,1824.6666666666665,2188.8333333333335,1823.3875,0.23404516,-0.3189928,0.5336541221676744,0.3510084063747061,1071,7,237,506.26726174354553,31.150000000000034,32.79627829757017,37.12085790684996
0,612.8857142857142,864.0,1180.7307692307693,2268.375,2995.8,2257.0,0.31534094,-0.4483419,0.5715879418372877,0.4729428390646645,1406,13,270,427.2532866001129,27.135000000000048,32.72216728663031,37.18445862896562
0,634.3799019607843,921.1111111111111,1372.5294117647059,1996.5,2547.6666666666665,2205.0,0.18520781,-0.3685854,0.28492706928032246,0.2777705038231906,1063,2,148,428.9206449985504,31.89500000000004,32.760705012319036,37.30034130061704
0,675.1333333333333,1048.2666666666667,1625.25,2313.0,3094.25,2550.3333333333335,0.1746334,-0.3762669,0.24555484147386458,0.26191685179308155,1120,3,112,393.6659494638443,29.03000000000003,32.71408244907324,37.32863823206681
0,925.5238095238095,1443.142857142857,2263.3333333333335,2958.0,3518.166666666667,2957.25,0.13304392,-0.34419632,0.18094855345350258,0.1995467747598225,1078,4,255,392.272354722023,30.07000000000005,32.66180049953748,37.34399942342525
0,1053.6666666666667,1421.5555555555557,1713.8,2737.4545454545455,3724.2,2988.5714285714284,0.22996989,-0.31639716,0.499952935994729,0.34491610049561666,1145,8,8,416.68172800540924,26.29400000000004,32.65371566198041,37.267462961218264
0,914.25,1134.5,1244.0,2004.6666666666667,2495.0,2043.125,0.23414734,-0.2771967,0.7278294289313796,0.3511669658886894,1421,6,116,442.7263939380646,22.663333333333355,32.384490571329785,37.33295014543058
0,351.1818181818182,672.1666666666666,1318.8,2083.5,2529.0,2003.5,0.22475973,-0.5121568,0.25962742197936245,0.3370900434935935,1365,0,0,442.7263939380646,25.183333333333337,32.36239201534044,37.304653213980814
0,1189.0526315789473,1510.3076923076924,1846.3333333333333,2480.714285714286,3073.15,2680.5,0.14660826,-0.24314739,0.3416660997383491,0.21988699197279887,1597,8,163,498.60723996162415,23.710000000000036,32.26618244841124,37.33726205879435
0,473.5,741.75,792.2,2580.0,2317.3333333333335,1498.25,0.53015834,-0.5533981,1.1814853487357748,0.7951196370860141,1395,15,308,478.4082098007202,24.30200000000002,32.19773082376133,37.35693516351657
0,742.1,983.4444444444445,1333.0,2265.0,3122.25,2465.0,0.2590328,-0.3945136,0.495929335390837,0.3884952063359733,1433,4,343,478.4082098007202,25.57000000000005,32.16458298977732,37.398437329642896
0,739.1904761904761,992.1578947368421,1182.0,2715.0833333333335,2955.375,2014.75,0.3933925,-0.46474597,0.8988201759406345,0.5900130422697827,1523,8,257,482.09147560596466,24.430000000000007,31.972433350504158,37.586005560967045
0,671.3333333333334,882.2727272727273,1135.2222222222222,2499.9333333333334,3285.5,2353.8571428571427,0.37542027,-0.47828564,0.7976537456423366,0.5630529722593205,1404,5,153,484.84912109375,25.27000000000004,31.972433350504158,37.52941169806752
0,810.0,1131.0,1393.6666666666667,2452.1666666666665,3009.0,2293.25,0.27523294,-0.3687148,0.558260961288281,0.41279573619897736,1190,14,5,499.0824838876724,27.475000000000023,31.79402793507802,37.720752853584976
0,1121.75,1575.0,1940.3333333333333,3168.9,3770.0,3049.75,0.24046008,-0.3359894,0.48000072930626053,0.360654828692952,1177,5,14,495.333718419075,26.563333333333333,31.868138946017883,37.62939418919002
0,916.5,1253.9285714285713,1627.25,2526.3333333333335,3216.0,2532.0,0.21645968,-0.3365917,0.4149296207984002,0.3246504443419126,1578,5,59,429.61615538597107,26.203333333333376,32.183986599914306,37.61214653573493
0,752.5,980.6363636363636,1330.75,2421.0,2993.2,2292.3333333333335,0.2905977,-0.42343256,0.5722796703585113,0.43583849690185883,1289,5,153,419.901997089386,28.475000000000023,32.26079255670653,37.603253214422146
0,821.0,1107.0,1424.0,2374.8,3154.8,2559.0,0.25028956,-0.364122,0.4991285723284969,0.3753849393309294,1271,8,112,430.3019998073578,28.446000000000026,32.26618244841124,37.52051837675474
0,675.2777777777778,972.75,1166.0,2364.833333333333,2495.333333333333,1867.3333333333333,0.33953267,-0.41709322,0.6974421626233833,0.5092269208986218,1450,11,320,425.1231610774994,20.736666666666736,32.27992667225827,37.45098877376388
